
/home/stheffanny/Documents/Documentos/Github/P1-Engenheiro_Reverso/build/dolos.elf:     file format elf32-littlearm

Sections:
Idx Name          Size      VMA       LMA       File off  Algn
  0 .boot2        00000100  10000000  10000000  00001000  2**0
                  CONTENTS, ALLOC, LOAD, READONLY, CODE
  1 .text         00003ec0  10000100  10000100  00001100  2**3
                  CONTENTS, ALLOC, LOAD, READONLY, CODE
  2 .rodata       00000310  10003fc0  10003fc0  00004fc0  2**2
                  CONTENTS, ALLOC, LOAD, READONLY, DATA
  3 .binary_info  00000024  100042d0  100042d0  000052d0  2**2
                  CONTENTS, ALLOC, LOAD, READONLY, DATA
  4 .ram_vector_table 000000c0  20000000  20000000  00008000  2**2
                  ALLOC
  5 .uninitialized_data 00000000  200000c0  200000c0  00007038  2**0
                  CONTENTS
  6 .data         00000f78  200000c0  100042f4  000060c0  2**4
                  CONTENTS, ALLOC, LOAD, READONLY, CODE
  7 .tdata        00000000  20001038  20001038  00007038  2**0
                  CONTENTS, ALLOC, LOAD, DATA, THREAD_LOCAL
  8 .tbss         00000000  20001038  20001038  00000000  2**0
                  ALLOC, THREAD_LOCAL
  9 .bss          00000dc0  20001038  1000526c  00007038  2**3
                  ALLOC
 10 .heap         00000800  20001df8  1000526c  00007df8  2**2
                  ALLOC, READONLY
 11 .scratch_x    00000000  20040000  20040000  00007038  2**0
                  CONTENTS
 12 .scratch_y    00000000  20041000  20041000  00007038  2**0
                  CONTENTS
 13 .stack1_dummy 00000800  20040000  20040000  00008000  2**2
                  ALLOC
 14 .stack_dummy  00000800  20041000  20041000  00008000  2**5
                  ALLOC, READONLY
 15 .ARM.attributes 00000028  00000000  00000000  00007038  2**0
                  CONTENTS, READONLY
 16 .comment      00000026  00000000  00000000  00007060  2**0
                  CONTENTS, READONLY
 17 .debug_info   000326b5  00000000  00000000  00007086  2**0
                  CONTENTS, READONLY, DEBUGGING, OCTETS
 18 .debug_abbrev 00009354  00000000  00000000  0003973b  2**0
                  CONTENTS, READONLY, DEBUGGING, OCTETS
 19 .debug_aranges 000017d8  00000000  00000000  00042a90  2**3
                  CONTENTS, READONLY, DEBUGGING, OCTETS
 20 .debug_rnglists 000049da  00000000  00000000  00044268  2**0
                  CONTENTS, READONLY, DEBUGGING, OCTETS
 21 .debug_line   00023a6d  00000000  00000000  00048c42  2**0
                  CONTENTS, READONLY, DEBUGGING, OCTETS
 22 .debug_str    000090cd  00000000  00000000  0006c6af  2**0
                  CONTENTS, READONLY, DEBUGGING, OCTETS
 23 .debug_frame  000031a0  00000000  00000000  0007577c  2**2
                  CONTENTS, READONLY, DEBUGGING, OCTETS
 24 .debug_loclists 0001b4ab  00000000  00000000  0007891c  2**0
                  CONTENTS, READONLY, DEBUGGING, OCTETS
 25 .debug_line_str 00000333  00000000  00000000  00093dc7  2**0
                  CONTENTS, READONLY, DEBUGGING, OCTETS

/home/stheffanny/Documents/Documentos/Github/P1-Engenheiro_Reverso/build/dolos.elf:     file format elf32-littlearm


Disassembly of section .boot2:

10000000 <__boot2_start__>:
10000000:	4b32b500 	.word	0x4b32b500
10000004:	60582021 	.word	0x60582021
10000008:	21026898 	.word	0x21026898
1000000c:	60984388 	.word	0x60984388
10000010:	611860d8 	.word	0x611860d8
10000014:	4b2e6158 	.word	0x4b2e6158
10000018:	60992100 	.word	0x60992100
1000001c:	61592102 	.word	0x61592102
10000020:	22f02101 	.word	0x22f02101
10000024:	492b5099 	.word	0x492b5099
10000028:	21016019 	.word	0x21016019
1000002c:	20356099 	.word	0x20356099
10000030:	f844f000 	.word	0xf844f000
10000034:	42902202 	.word	0x42902202
10000038:	2106d014 	.word	0x2106d014
1000003c:	f0006619 	.word	0xf0006619
10000040:	6e19f834 	.word	0x6e19f834
10000044:	66192101 	.word	0x66192101
10000048:	66182000 	.word	0x66182000
1000004c:	f000661a 	.word	0xf000661a
10000050:	6e19f82c 	.word	0x6e19f82c
10000054:	6e196e19 	.word	0x6e196e19
10000058:	f0002005 	.word	0xf0002005
1000005c:	2101f82f 	.word	0x2101f82f
10000060:	d1f94208 	.word	0xd1f94208
10000064:	60992100 	.word	0x60992100
10000068:	6019491b 	.word	0x6019491b
1000006c:	60592100 	.word	0x60592100
10000070:	481b491a 	.word	0x481b491a
10000074:	21016001 	.word	0x21016001
10000078:	21eb6099 	.word	0x21eb6099
1000007c:	21a06619 	.word	0x21a06619
10000080:	f0006619 	.word	0xf0006619
10000084:	2100f812 	.word	0x2100f812
10000088:	49166099 	.word	0x49166099
1000008c:	60014814 	.word	0x60014814
10000090:	60992101 	.word	0x60992101
10000094:	2800bc01 	.word	0x2800bc01
10000098:	4700d000 	.word	0x4700d000
1000009c:	49134812 	.word	0x49134812
100000a0:	c8036008 	.word	0xc8036008
100000a4:	8808f380 	.word	0x8808f380
100000a8:	b5034708 	.word	0xb5034708
100000ac:	20046a99 	.word	0x20046a99
100000b0:	d0fb4201 	.word	0xd0fb4201
100000b4:	42012001 	.word	0x42012001
100000b8:	bd03d1f8 	.word	0xbd03d1f8
100000bc:	6618b502 	.word	0x6618b502
100000c0:	f7ff6618 	.word	0xf7ff6618
100000c4:	6e18fff2 	.word	0x6e18fff2
100000c8:	bd026e18 	.word	0xbd026e18
100000cc:	40020000 	.word	0x40020000
100000d0:	18000000 	.word	0x18000000
100000d4:	00070000 	.word	0x00070000
100000d8:	005f0300 	.word	0x005f0300
100000dc:	00002221 	.word	0x00002221
100000e0:	180000f4 	.word	0x180000f4
100000e4:	a0002022 	.word	0xa0002022
100000e8:	10000100 	.word	0x10000100
100000ec:	e000ed08 	.word	0xe000ed08
	...
100000fc:	7a4eb274 	.word	0x7a4eb274

Disassembly of section .text:

10000100 <__VECTOR_TABLE>:
10000100:	20042000 	.word	0x20042000
10000104:	100001f7 	.word	0x100001f7
10000108:	100001cb 	.word	0x100001cb
1000010c:	100001cd 	.word	0x100001cd
10000110:	100001c9 	.word	0x100001c9
10000114:	100001c9 	.word	0x100001c9
10000118:	100001c9 	.word	0x100001c9
1000011c:	100001c9 	.word	0x100001c9
10000120:	100001c9 	.word	0x100001c9
10000124:	100001c9 	.word	0x100001c9
10000128:	100001c9 	.word	0x100001c9
1000012c:	100001cf 	.word	0x100001cf
10000130:	100001c9 	.word	0x100001c9
10000134:	100001c9 	.word	0x100001c9
10000138:	100001d1 	.word	0x100001d1
1000013c:	100001d3 	.word	0x100001d3
10000140:	100001c1 	.word	0x100001c1
10000144:	100001c1 	.word	0x100001c1
10000148:	100001c1 	.word	0x100001c1
1000014c:	100001c1 	.word	0x100001c1
10000150:	100001c1 	.word	0x100001c1
10000154:	100001c1 	.word	0x100001c1
10000158:	100001c1 	.word	0x100001c1
1000015c:	100001c1 	.word	0x100001c1
10000160:	100001c1 	.word	0x100001c1
10000164:	100001c1 	.word	0x100001c1
10000168:	100001c1 	.word	0x100001c1
1000016c:	100001c1 	.word	0x100001c1
10000170:	100001c1 	.word	0x100001c1
10000174:	100001c1 	.word	0x100001c1
10000178:	100001c1 	.word	0x100001c1
1000017c:	100001c1 	.word	0x100001c1
10000180:	100001c1 	.word	0x100001c1
10000184:	100001c1 	.word	0x100001c1
10000188:	100001c1 	.word	0x100001c1
1000018c:	100001c1 	.word	0x100001c1
10000190:	100001c1 	.word	0x100001c1
10000194:	100001c1 	.word	0x100001c1
10000198:	100001c1 	.word	0x100001c1
1000019c:	100001c1 	.word	0x100001c1
100001a0:	100001c1 	.word	0x100001c1
100001a4:	100001c1 	.word	0x100001c1
100001a8:	100001c1 	.word	0x100001c1
100001ac:	100001c1 	.word	0x100001c1
100001b0:	100001c1 	.word	0x100001c1
100001b4:	100001c1 	.word	0x100001c1
100001b8:	100001c1 	.word	0x100001c1
100001bc:	100001c1 	.word	0x100001c1

100001c0 <__unhandled_user_irq>:
100001c0:	f3ef 8005 	mrs	r0, IPSR
100001c4:	3810      	subs	r0, #16

100001c6 <unhandled_user_irq_num_in_r0>:
100001c6:	be00      	bkpt	0x0000

100001c8 <isr_invalid>:
100001c8:	be00      	bkpt	0x0000

100001ca <isr_nmi>:
100001ca:	be00      	bkpt	0x0000

100001cc <isr_hardfault>:
100001cc:	be00      	bkpt	0x0000

100001ce <isr_svcall>:
100001ce:	be00      	bkpt	0x0000

100001d0 <isr_pendsv>:
100001d0:	be00      	bkpt	0x0000

100001d2 <isr_systick>:
100001d2:	be00      	bkpt	0x0000

100001d4 <__default_isrs_end>:
100001d4:	7188ebf2 	.word	0x7188ebf2
100001d8:	100042d0 	.word	0x100042d0
100001dc:	100042f4 	.word	0x100042f4
100001e0:	10000238 	.word	0x10000238
100001e4:	e71aa390 	.word	0xe71aa390

100001e8 <_entry_point>:
100001e8:	481e      	ldr	r0, [pc, #120]	@ (10000264 <data_cpy_table+0x2c>)

100001ea <_enter_vtable_in_r0>:
100001ea:	491f      	ldr	r1, [pc, #124]	@ (10000268 <data_cpy_table+0x30>)
100001ec:	6008      	str	r0, [r1, #0]
100001ee:	c806      	ldmia	r0!, {r1, r2}
100001f0:	f381 8808 	msr	MSP, r1
100001f4:	4710      	bx	r2

100001f6 <_reset_handler>:
100001f6:	481d      	ldr	r0, [pc, #116]	@ (1000026c <data_cpy_table+0x34>)
100001f8:	6800      	ldr	r0, [r0, #0]
100001fa:	2800      	cmp	r0, #0
100001fc:	d001      	beq.n	10000202 <hold_non_core0_in_bootrom+0x4>

100001fe <hold_non_core0_in_bootrom>:
100001fe:	4819      	ldr	r0, [pc, #100]	@ (10000264 <data_cpy_table+0x2c>)
10000200:	e7f3      	b.n	100001ea <_enter_vtable_in_r0>
10000202:	a40d      	add	r4, pc, #52	@ (adr r4, 10000238 <data_cpy_table>)
10000204:	cc0e      	ldmia	r4!, {r1, r2, r3}
10000206:	2900      	cmp	r1, #0
10000208:	d002      	beq.n	10000210 <hold_non_core0_in_bootrom+0x12>
1000020a:	f000 f812 	bl	10000232 <data_cpy>
1000020e:	e7f9      	b.n	10000204 <hold_non_core0_in_bootrom+0x6>
10000210:	4917      	ldr	r1, [pc, #92]	@ (10000270 <data_cpy_table+0x38>)
10000212:	4a18      	ldr	r2, [pc, #96]	@ (10000274 <data_cpy_table+0x3c>)
10000214:	2000      	movs	r0, #0
10000216:	e000      	b.n	1000021a <bss_fill_test>

10000218 <bss_fill_loop>:
10000218:	c101      	stmia	r1!, {r0}

1000021a <bss_fill_test>:
1000021a:	4291      	cmp	r1, r2
1000021c:	d1fc      	bne.n	10000218 <bss_fill_loop>

1000021e <platform_entry>:
1000021e:	4916      	ldr	r1, [pc, #88]	@ (10000278 <data_cpy_table+0x40>)
10000220:	4788      	blx	r1
10000222:	4916      	ldr	r1, [pc, #88]	@ (1000027c <data_cpy_table+0x44>)
10000224:	4788      	blx	r1
10000226:	4916      	ldr	r1, [pc, #88]	@ (10000280 <data_cpy_table+0x48>)
10000228:	4788      	blx	r1
1000022a:	be00      	bkpt	0x0000
1000022c:	e7fd      	b.n	1000022a <platform_entry+0xc>

1000022e <data_cpy_loop>:
1000022e:	c901      	ldmia	r1!, {r0}
10000230:	c201      	stmia	r2!, {r0}

10000232 <data_cpy>:
10000232:	429a      	cmp	r2, r3
10000234:	d3fb      	bcc.n	1000022e <data_cpy_loop>
10000236:	4770      	bx	lr

10000238 <data_cpy_table>:
10000238:	100042f4 	.word	0x100042f4
1000023c:	200000c0 	.word	0x200000c0
10000240:	20001038 	.word	0x20001038
10000244:	1000526c 	.word	0x1000526c
10000248:	20040000 	.word	0x20040000
1000024c:	20040000 	.word	0x20040000
10000250:	1000526c 	.word	0x1000526c
10000254:	20041000 	.word	0x20041000
10000258:	20041000 	.word	0x20041000
1000025c:	00000000 	.word	0x00000000
10000260:	4770      	bx	lr
10000262:	0000      	.short	0x0000
10000264:	00000000 	.word	0x00000000
10000268:	e000ed08 	.word	0xe000ed08
1000026c:	d0000000 	.word	0xd0000000
10000270:	20001038 	.word	0x20001038
10000274:	20001df8 	.word	0x20001df8
10000278:	10001c89 	.word	0x10001c89
1000027c:	10000321 	.word	0x10000321
10000280:	10001c81 	.word	0x10001c81

10000284 <_init>:
10000284:	b5f8      	push	{r3, r4, r5, r6, r7, lr}
10000286:	46c0      	nop			@ (mov r8, r8)

10000288 <deregister_tm_clones>:
10000288:	4804      	ldr	r0, [pc, #16]	@ (1000029c <deregister_tm_clones+0x14>)
1000028a:	4b05      	ldr	r3, [pc, #20]	@ (100002a0 <deregister_tm_clones+0x18>)
1000028c:	b510      	push	{r4, lr}
1000028e:	4283      	cmp	r3, r0
10000290:	d003      	beq.n	1000029a <deregister_tm_clones+0x12>
10000292:	4b04      	ldr	r3, [pc, #16]	@ (100002a4 <deregister_tm_clones+0x1c>)
10000294:	2b00      	cmp	r3, #0
10000296:	d000      	beq.n	1000029a <deregister_tm_clones+0x12>
10000298:	4798      	blx	r3
1000029a:	bd10      	pop	{r4, pc}
1000029c:	20001038 	.word	0x20001038
100002a0:	20001038 	.word	0x20001038
100002a4:	00000000 	.word	0x00000000

100002a8 <register_tm_clones>:
100002a8:	4806      	ldr	r0, [pc, #24]	@ (100002c4 <register_tm_clones+0x1c>)
100002aa:	4907      	ldr	r1, [pc, #28]	@ (100002c8 <register_tm_clones+0x20>)
100002ac:	1a09      	subs	r1, r1, r0
100002ae:	108b      	asrs	r3, r1, #2
100002b0:	0fc9      	lsrs	r1, r1, #31
100002b2:	18c9      	adds	r1, r1, r3
100002b4:	b510      	push	{r4, lr}
100002b6:	1049      	asrs	r1, r1, #1
100002b8:	d003      	beq.n	100002c2 <register_tm_clones+0x1a>
100002ba:	4b04      	ldr	r3, [pc, #16]	@ (100002cc <register_tm_clones+0x24>)
100002bc:	2b00      	cmp	r3, #0
100002be:	d000      	beq.n	100002c2 <register_tm_clones+0x1a>
100002c0:	4798      	blx	r3
100002c2:	bd10      	pop	{r4, pc}
100002c4:	20001038 	.word	0x20001038
100002c8:	20001038 	.word	0x20001038
100002cc:	00000000 	.word	0x00000000

100002d0 <__do_global_dtors_aux>:
100002d0:	b510      	push	{r4, lr}
100002d2:	4c07      	ldr	r4, [pc, #28]	@ (100002f0 <__do_global_dtors_aux+0x20>)
100002d4:	7823      	ldrb	r3, [r4, #0]
100002d6:	2b00      	cmp	r3, #0
100002d8:	d109      	bne.n	100002ee <__do_global_dtors_aux+0x1e>
100002da:	f7ff ffd5 	bl	10000288 <deregister_tm_clones>
100002de:	4b05      	ldr	r3, [pc, #20]	@ (100002f4 <__do_global_dtors_aux+0x24>)
100002e0:	2b00      	cmp	r3, #0
100002e2:	d002      	beq.n	100002ea <__do_global_dtors_aux+0x1a>
100002e4:	4804      	ldr	r0, [pc, #16]	@ (100002f8 <__do_global_dtors_aux+0x28>)
100002e6:	e000      	b.n	100002ea <__do_global_dtors_aux+0x1a>
100002e8:	bf00      	nop
100002ea:	2301      	movs	r3, #1
100002ec:	7023      	strb	r3, [r4, #0]
100002ee:	bd10      	pop	{r4, pc}
100002f0:	200013b8 	.word	0x200013b8
100002f4:	00000000 	.word	0x00000000
100002f8:	10003fc0 	.word	0x10003fc0

100002fc <frame_dummy>:
100002fc:	4b05      	ldr	r3, [pc, #20]	@ (10000314 <frame_dummy+0x18>)
100002fe:	b510      	push	{r4, lr}
10000300:	2b00      	cmp	r3, #0
10000302:	d003      	beq.n	1000030c <frame_dummy+0x10>
10000304:	4904      	ldr	r1, [pc, #16]	@ (10000318 <frame_dummy+0x1c>)
10000306:	4805      	ldr	r0, [pc, #20]	@ (1000031c <frame_dummy+0x20>)
10000308:	e000      	b.n	1000030c <frame_dummy+0x10>
1000030a:	bf00      	nop
1000030c:	f7ff ffcc 	bl	100002a8 <register_tm_clones>
10000310:	bd10      	pop	{r4, pc}
10000312:	46c0      	nop			@ (mov r8, r8)
10000314:	00000000 	.word	0x00000000
10000318:	200013bc 	.word	0x200013bc
1000031c:	10003fc0 	.word	0x10003fc0

10000320 <main>:
10000320:	b570      	push	{r4, r5, r6, lr}
10000322:	2602      	movs	r6, #2
10000324:	2501      	movs	r5, #1
10000326:	4c0a      	ldr	r4, [pc, #40]	@ (10000350 <main+0x30>)
10000328:	e004      	b.n	10000334 <main+0x14>
1000032a:	2b00      	cmp	r3, #0
1000032c:	d100      	bne.n	10000330 <main+0x10>
1000032e:	7025      	strb	r5, [r4, #0]
10000330:	f000 f816 	bl	10000360 <transport_usb_task>
10000334:	7823      	ldrb	r3, [r4, #0]
10000336:	2b01      	cmp	r3, #1
10000338:	d004      	beq.n	10000344 <main+0x24>
1000033a:	2b02      	cmp	r3, #2
1000033c:	d1f5      	bne.n	1000032a <main+0xa>
1000033e:	f000 f817 	bl	10000370 <transport_process_commands>
10000342:	e7f5      	b.n	10000330 <main+0x10>
10000344:	f003 fcda 	bl	10003cfc <board_init>
10000348:	f000 f804 	bl	10000354 <transport_usb_init>
1000034c:	7026      	strb	r6, [r4, #0]
1000034e:	e7ef      	b.n	10000330 <main+0x10>
10000350:	20001df4 	.word	0x20001df4

10000354 <transport_usb_init>:
10000354:	b510      	push	{r4, lr}
10000356:	2100      	movs	r1, #0
10000358:	2000      	movs	r0, #0
1000035a:	f003 f98f 	bl	1000367c <tusb_rhport_init>
1000035e:	bd10      	pop	{r4, pc}

10000360 <transport_usb_task>:
10000360:	2001      	movs	r0, #1
10000362:	b510      	push	{r4, lr}
10000364:	2100      	movs	r1, #0
10000366:	4240      	negs	r0, r0
10000368:	f002 f908 	bl	1000257c <tud_task_ext>
1000036c:	bd10      	pop	{r4, pc}
1000036e:	46c0      	nop			@ (mov r8, r8)

10000370 <transport_process_commands>:
10000370:	b500      	push	{lr}
10000372:	2000      	movs	r0, #0
10000374:	b083      	sub	sp, #12
10000376:	f002 fed9 	bl	1000312c <tud_cdc_n_available>
1000037a:	2803      	cmp	r0, #3
1000037c:	d801      	bhi.n	10000382 <transport_process_commands+0x12>
1000037e:	b003      	add	sp, #12
10000380:	bd00      	pop	{pc}
10000382:	2204      	movs	r2, #4
10000384:	2000      	movs	r0, #0
10000386:	a901      	add	r1, sp, #4
10000388:	f002 feda 	bl	10003140 <tud_cdc_n_read>
1000038c:	2804      	cmp	r0, #4
1000038e:	d115      	bne.n	100003bc <transport_process_commands+0x4c>
10000390:	466b      	mov	r3, sp
10000392:	791b      	ldrb	r3, [r3, #4]
10000394:	2baa      	cmp	r3, #170	@ 0xaa
10000396:	d111      	bne.n	100003bc <transport_process_commands+0x4c>
10000398:	466b      	mov	r3, sp
1000039a:	4669      	mov	r1, sp
1000039c:	795a      	ldrb	r2, [r3, #5]
1000039e:	799b      	ldrb	r3, [r3, #6]
100003a0:	79c9      	ldrb	r1, [r1, #7]
100003a2:	4053      	eors	r3, r2
100003a4:	30a6      	adds	r0, #166	@ 0xa6
100003a6:	4043      	eors	r3, r0
100003a8:	4299      	cmp	r1, r3
100003aa:	d113      	bne.n	100003d4 <transport_process_commands+0x64>
100003ac:	2a01      	cmp	r2, #1
100003ae:	d013      	beq.n	100003d8 <transport_process_commands+0x68>
100003b0:	2206      	movs	r2, #6
100003b2:	490c      	ldr	r1, [pc, #48]	@ (100003e4 <transport_process_commands+0x74>)
100003b4:	2000      	movs	r0, #0
100003b6:	f002 ff81 	bl	100032bc <tud_cdc_n_write>
100003ba:	e007      	b.n	100003cc <transport_process_commands+0x5c>
100003bc:	490a      	ldr	r1, [pc, #40]	@ (100003e8 <transport_process_commands+0x78>)
100003be:	2206      	movs	r2, #6
100003c0:	2000      	movs	r0, #0
100003c2:	f002 ff7b 	bl	100032bc <tud_cdc_n_write>
100003c6:	2000      	movs	r0, #0
100003c8:	f002 ff04 	bl	100031d4 <tud_cdc_n_read_flush>
100003cc:	2000      	movs	r0, #0
100003ce:	f002 ff3b 	bl	10003248 <tud_cdc_n_write_flush>
100003d2:	e7d4      	b.n	1000037e <transport_process_commands+0xe>
100003d4:	4905      	ldr	r1, [pc, #20]	@ (100003ec <transport_process_commands+0x7c>)
100003d6:	e7f2      	b.n	100003be <transport_process_commands+0x4e>
100003d8:	4905      	ldr	r1, [pc, #20]	@ (100003f0 <transport_process_commands+0x80>)
100003da:	3205      	adds	r2, #5
100003dc:	2000      	movs	r0, #0
100003de:	f002 ff6d 	bl	100032bc <tud_cdc_n_write>
100003e2:	e7f3      	b.n	100003cc <transport_process_commands+0x5c>
100003e4:	10003fcc 	.word	0x10003fcc
100003e8:	10003fdc 	.word	0x10003fdc
100003ec:	10003fd4 	.word	0x10003fd4
100003f0:	10003fc0 	.word	0x10003fc0

100003f4 <tud_descriptor_device_cb>:
100003f4:	4800      	ldr	r0, [pc, #0]	@ (100003f8 <tud_descriptor_device_cb+0x4>)
100003f6:	4770      	bx	lr
100003f8:	10004188 	.word	0x10004188

100003fc <tud_descriptor_configuration_cb>:
100003fc:	4800      	ldr	r0, [pc, #0]	@ (10000400 <tud_descriptor_configuration_cb+0x4>)
100003fe:	4770      	bx	lr
10000400:	1000413c 	.word	0x1000413c

10000404 <tud_descriptor_string_cb>:
10000404:	b5f0      	push	{r4, r5, r6, r7, lr}
10000406:	46de      	mov	lr, fp
10000408:	4657      	mov	r7, sl
1000040a:	464e      	mov	r6, r9
1000040c:	4645      	mov	r5, r8
1000040e:	b5e0      	push	{r5, r6, r7, lr}
10000410:	b08b      	sub	sp, #44	@ 0x2c
10000412:	2800      	cmp	r0, #0
10000414:	d032      	beq.n	1000047c <tud_descriptor_string_cb+0x78>
10000416:	2803      	cmp	r0, #3
10000418:	d023      	beq.n	10000462 <tud_descriptor_string_cb+0x5e>
1000041a:	2804      	cmp	r0, #4
1000041c:	d86a      	bhi.n	100004f4 <tud_descriptor_string_cb+0xf0>
1000041e:	4b3c      	ldr	r3, [pc, #240]	@ (10000510 <tud_descriptor_string_cb+0x10c>)
10000420:	0080      	lsls	r0, r0, #2
10000422:	58c6      	ldr	r6, [r0, r3]
10000424:	0030      	movs	r0, r6
10000426:	f003 fcc9 	bl	10003dbc <strlen>
1000042a:	0004      	movs	r4, r0
1000042c:	2820      	cmp	r0, #32
1000042e:	d85f      	bhi.n	100004f0 <tud_descriptor_string_cb+0xec>
10000430:	23c0      	movs	r3, #192	@ 0xc0
10000432:	1c62      	adds	r2, r4, #1
10000434:	0052      	lsls	r2, r2, #1
10000436:	009b      	lsls	r3, r3, #2
10000438:	4313      	orrs	r3, r2
1000043a:	b29d      	uxth	r5, r3
1000043c:	2800      	cmp	r0, #0
1000043e:	d007      	beq.n	10000450 <tud_descriptor_string_cb+0x4c>
10000440:	2300      	movs	r3, #0
10000442:	4a34      	ldr	r2, [pc, #208]	@ (10000514 <tud_descriptor_string_cb+0x110>)
10000444:	5cf1      	ldrb	r1, [r6, r3]
10000446:	3301      	adds	r3, #1
10000448:	8011      	strh	r1, [r2, #0]
1000044a:	3202      	adds	r2, #2
1000044c:	429c      	cmp	r4, r3
1000044e:	d8f9      	bhi.n	10000444 <tud_descriptor_string_cb+0x40>
10000450:	4831      	ldr	r0, [pc, #196]	@ (10000518 <tud_descriptor_string_cb+0x114>)
10000452:	8005      	strh	r5, [r0, #0]
10000454:	b00b      	add	sp, #44	@ 0x2c
10000456:	bcf0      	pop	{r4, r5, r6, r7}
10000458:	46bb      	mov	fp, r7
1000045a:	46b2      	mov	sl, r6
1000045c:	46a9      	mov	r9, r5
1000045e:	46a0      	mov	r8, r4
10000460:	bdf0      	pop	{r4, r5, r6, r7, pc}
10000462:	4b2e      	ldr	r3, [pc, #184]	@ (1000051c <tud_descriptor_string_cb+0x118>)
10000464:	2b00      	cmp	r3, #0
10000466:	d00f      	beq.n	10000488 <tud_descriptor_string_cb+0x84>
10000468:	ac02      	add	r4, sp, #8
1000046a:	2110      	movs	r1, #16
1000046c:	0020      	movs	r0, r4
1000046e:	f003 fc5d 	bl	10003d2c <board_get_unique_id>
10000472:	2800      	cmp	r0, #0
10000474:	d140      	bne.n	100004f8 <tud_descriptor_string_cb+0xf4>
10000476:	4d2a      	ldr	r5, [pc, #168]	@ (10000520 <tud_descriptor_string_cb+0x11c>)
10000478:	4827      	ldr	r0, [pc, #156]	@ (10000518 <tud_descriptor_string_cb+0x114>)
1000047a:	e7ea      	b.n	10000452 <tud_descriptor_string_cb+0x4e>
1000047c:	25c1      	movs	r5, #193	@ 0xc1
1000047e:	4826      	ldr	r0, [pc, #152]	@ (10000518 <tud_descriptor_string_cb+0x114>)
10000480:	4b28      	ldr	r3, [pc, #160]	@ (10000524 <tud_descriptor_string_cb+0x120>)
10000482:	00ad      	lsls	r5, r5, #2
10000484:	8043      	strh	r3, [r0, #2]
10000486:	e7e4      	b.n	10000452 <tud_descriptor_string_cb+0x4e>
10000488:	2708      	movs	r7, #8
1000048a:	4a27      	ldr	r2, [pc, #156]	@ (10000528 <tud_descriptor_string_cb+0x124>)
1000048c:	4b27      	ldr	r3, [pc, #156]	@ (1000052c <tud_descriptor_string_cb+0x128>)
1000048e:	4d28      	ldr	r5, [pc, #160]	@ (10000530 <tud_descriptor_string_cb+0x12c>)
10000490:	9202      	str	r2, [sp, #8]
10000492:	9303      	str	r3, [sp, #12]
10000494:	ac02      	add	r4, sp, #8
10000496:	0020      	movs	r0, r4
10000498:	210f      	movs	r1, #15
1000049a:	183f      	adds	r7, r7, r0
1000049c:	4689      	mov	r9, r1
1000049e:	46b8      	mov	r8, r7
100004a0:	46aa      	mov	sl, r5
100004a2:	4684      	mov	ip, r0
100004a4:	4a23      	ldr	r2, [pc, #140]	@ (10000534 <tud_descriptor_string_cb+0x130>)
100004a6:	4c1b      	ldr	r4, [pc, #108]	@ (10000514 <tud_descriptor_string_cb+0x110>)
100004a8:	ab06      	add	r3, sp, #24
100004aa:	9200      	str	r2, [sp, #0]
100004ac:	001d      	movs	r5, r3
100004ae:	9e00      	ldr	r6, [sp, #0]
100004b0:	ce83      	ldmia	r6!, {r0, r1, r7}
100004b2:	c583      	stmia	r5!, {r0, r1, r7}
100004b4:	6831      	ldr	r1, [r6, #0]
100004b6:	9501      	str	r5, [sp, #4]
100004b8:	6029      	str	r1, [r5, #0]
100004ba:	4661      	mov	r1, ip
100004bc:	464f      	mov	r7, r9
100004be:	7809      	ldrb	r1, [r1, #0]
100004c0:	9800      	ldr	r0, [sp, #0]
100004c2:	400f      	ands	r7, r1
100004c4:	5ddf      	ldrb	r7, [r3, r7]
100004c6:	468b      	mov	fp, r1
100004c8:	8067      	strh	r7, [r4, #2]
100004ca:	001f      	movs	r7, r3
100004cc:	c826      	ldmia	r0!, {r1, r2, r5}
100004ce:	c726      	stmia	r7!, {r1, r2, r5}
100004d0:	6836      	ldr	r6, [r6, #0]
100004d2:	9a01      	ldr	r2, [sp, #4]
100004d4:	6016      	str	r6, [r2, #0]
100004d6:	465a      	mov	r2, fp
100004d8:	1111      	asrs	r1, r2, #4
100004da:	2201      	movs	r2, #1
100004dc:	4693      	mov	fp, r2
100004de:	5c59      	ldrb	r1, [r3, r1]
100004e0:	44dc      	add	ip, fp
100004e2:	8021      	strh	r1, [r4, #0]
100004e4:	3404      	adds	r4, #4
100004e6:	45e0      	cmp	r8, ip
100004e8:	d1e0      	bne.n	100004ac <tud_descriptor_string_cb+0xa8>
100004ea:	4655      	mov	r5, sl
100004ec:	480a      	ldr	r0, [pc, #40]	@ (10000518 <tud_descriptor_string_cb+0x114>)
100004ee:	e7b0      	b.n	10000452 <tud_descriptor_string_cb+0x4e>
100004f0:	2420      	movs	r4, #32
100004f2:	e79d      	b.n	10000430 <tud_descriptor_string_cb+0x2c>
100004f4:	2000      	movs	r0, #0
100004f6:	e7ad      	b.n	10000454 <tud_descriptor_string_cb+0x50>
100004f8:	0007      	movs	r7, r0
100004fa:	2810      	cmp	r0, #16
100004fc:	d900      	bls.n	10000500 <tud_descriptor_string_cb+0xfc>
100004fe:	2710      	movs	r7, #16
10000500:	23c0      	movs	r3, #192	@ 0xc0
10000502:	00ba      	lsls	r2, r7, #2
10000504:	3202      	adds	r2, #2
10000506:	009b      	lsls	r3, r3, #2
10000508:	4313      	orrs	r3, r2
1000050a:	b29d      	uxth	r5, r3
1000050c:	e7c3      	b.n	10000496 <tud_descriptor_string_cb+0x92>
1000050e:	46c0      	nop			@ (mov r8, r8)
10000510:	10004124 	.word	0x10004124
10000514:	2000170e 	.word	0x2000170e
10000518:	2000170c 	.word	0x2000170c
1000051c:	10003d2d 	.word	0x10003d2d
10000520:	00000302 	.word	0x00000302
10000524:	00000409 	.word	0x00000409
10000528:	67452301 	.word	0x67452301
1000052c:	efcdab89 	.word	0xefcdab89
10000530:	00000322 	.word	0x00000322
10000534:	10003fe4 	.word	0x10003fe4

10000538 <gpio_set_function>:
10000538:	4a09      	ldr	r2, [pc, #36]	@ (10000560 <gpio_set_function+0x28>)
1000053a:	0083      	lsls	r3, r0, #2
1000053c:	189a      	adds	r2, r3, r2
1000053e:	b510      	push	{r4, lr}
10000540:	6814      	ldr	r4, [r2, #0]
10000542:	2240      	movs	r2, #64	@ 0x40
10000544:	4054      	eors	r4, r2
10000546:	3280      	adds	r2, #128	@ 0x80
10000548:	4022      	ands	r2, r4
1000054a:	4c06      	ldr	r4, [pc, #24]	@ (10000564 <gpio_set_function+0x2c>)
1000054c:	00c0      	lsls	r0, r0, #3
1000054e:	46a4      	mov	ip, r4
10000550:	4463      	add	r3, ip
10000552:	601a      	str	r2, [r3, #0]
10000554:	4b04      	ldr	r3, [pc, #16]	@ (10000568 <gpio_set_function+0x30>)
10000556:	469c      	mov	ip, r3
10000558:	4460      	add	r0, ip
1000055a:	6041      	str	r1, [r0, #4]
1000055c:	bd10      	pop	{r4, pc}
1000055e:	46c0      	nop			@ (mov r8, r8)
10000560:	4001c004 	.word	0x4001c004
10000564:	4001d004 	.word	0x4001d004
10000568:	40014000 	.word	0x40014000

1000056c <gpio_init>:
1000056c:	2301      	movs	r3, #1
1000056e:	22d0      	movs	r2, #208	@ 0xd0
10000570:	4083      	lsls	r3, r0
10000572:	0612      	lsls	r2, r2, #24
10000574:	6293      	str	r3, [r2, #40]	@ 0x28
10000576:	6193      	str	r3, [r2, #24]
10000578:	4a09      	ldr	r2, [pc, #36]	@ (100005a0 <gpio_init+0x34>)
1000057a:	0083      	lsls	r3, r0, #2
1000057c:	189a      	adds	r2, r3, r2
1000057e:	6811      	ldr	r1, [r2, #0]
10000580:	2240      	movs	r2, #64	@ 0x40
10000582:	4051      	eors	r1, r2
10000584:	3280      	adds	r2, #128	@ 0x80
10000586:	400a      	ands	r2, r1
10000588:	4906      	ldr	r1, [pc, #24]	@ (100005a4 <gpio_init+0x38>)
1000058a:	00c0      	lsls	r0, r0, #3
1000058c:	468c      	mov	ip, r1
1000058e:	4463      	add	r3, ip
10000590:	601a      	str	r2, [r3, #0]
10000592:	4b05      	ldr	r3, [pc, #20]	@ (100005a8 <gpio_init+0x3c>)
10000594:	469c      	mov	ip, r3
10000596:	2305      	movs	r3, #5
10000598:	4460      	add	r0, ip
1000059a:	6043      	str	r3, [r0, #4]
1000059c:	4770      	bx	lr
1000059e:	46c0      	nop			@ (mov r8, r8)
100005a0:	4001c004 	.word	0x4001c004
100005a4:	4001d004 	.word	0x4001d004
100005a8:	40014000 	.word	0x40014000

100005ac <rp2040_chip_version>:
100005ac:	2380      	movs	r3, #128	@ 0x80
100005ae:	05db      	lsls	r3, r3, #23
100005b0:	6818      	ldr	r0, [r3, #0]
100005b2:	0f00      	lsrs	r0, r0, #28
100005b4:	4770      	bx	lr
100005b6:	46c0      	nop			@ (mov r8, r8)

100005b8 <panic>:
100005b8:	b40f      	push	{r0, r1, r2, r3}
100005ba:	b500      	push	{lr}
100005bc:	4808      	ldr	r0, [pc, #32]	@ (100005e0 <panic+0x28>)
100005be:	b083      	sub	sp, #12
100005c0:	f001 fcae 	bl	10001f20 <__wrap_puts>
100005c4:	9b04      	ldr	r3, [sp, #16]
100005c6:	2b00      	cmp	r3, #0
100005c8:	d007      	beq.n	100005da <panic+0x22>
100005ca:	a905      	add	r1, sp, #20
100005cc:	0018      	movs	r0, r3
100005ce:	9101      	str	r1, [sp, #4]
100005d0:	f001 fb3c 	bl	10001c4c <weak_raw_vprintf>
100005d4:	4803      	ldr	r0, [pc, #12]	@ (100005e4 <panic+0x2c>)
100005d6:	f001 fca3 	bl	10001f20 <__wrap_puts>
100005da:	2001      	movs	r0, #1
100005dc:	f001 fb4e 	bl	10001c7c <_exit>
100005e0:	10004028 	.word	0x10004028
100005e4:	10004038 	.word	0x10004038

100005e8 <hw_claim_or_assert>:
100005e8:	b570      	push	{r4, r5, r6, lr}
100005ea:	f3ef 8c10 	mrs	ip, PRIMASK
100005ee:	b672      	cpsid	i
100005f0:	4d0d      	ldr	r5, [pc, #52]	@ (10000628 <hw_claim_or_assert+0x40>)
100005f2:	682b      	ldr	r3, [r5, #0]
100005f4:	2b00      	cmp	r3, #0
100005f6:	d0fc      	beq.n	100005f2 <hw_claim_or_assert+0xa>
100005f8:	f3bf 8f5f 	dmb	sy
100005fc:	2407      	movs	r4, #7
100005fe:	08cb      	lsrs	r3, r1, #3
10000600:	18c6      	adds	r6, r0, r3
10000602:	5cc0      	ldrb	r0, [r0, r3]
10000604:	2301      	movs	r3, #1
10000606:	400c      	ands	r4, r1
10000608:	40a3      	lsls	r3, r4
1000060a:	001c      	movs	r4, r3
1000060c:	4004      	ands	r4, r0
1000060e:	4203      	tst	r3, r0
10000610:	d107      	bne.n	10000622 <hw_claim_or_assert+0x3a>
10000612:	4318      	orrs	r0, r3
10000614:	7030      	strb	r0, [r6, #0]
10000616:	f3bf 8f5f 	dmb	sy
1000061a:	602c      	str	r4, [r5, #0]
1000061c:	f38c 8810 	msr	PRIMASK, ip
10000620:	bd70      	pop	{r4, r5, r6, pc}
10000622:	0010      	movs	r0, r2
10000624:	f7ff ffc8 	bl	100005b8 <panic>
10000628:	d000012c 	.word	0xd000012c

1000062c <hw_claim_unused_from_range>:
1000062c:	b5f8      	push	{r3, r4, r5, r6, r7, lr}
1000062e:	4647      	mov	r7, r8
10000630:	46ce      	mov	lr, r9
10000632:	4688      	mov	r8, r1
10000634:	b580      	push	{r7, lr}
10000636:	f3ef 8c10 	mrs	ip, PRIMASK
1000063a:	b672      	cpsid	i
1000063c:	4d21      	ldr	r5, [pc, #132]	@ (100006c4 <hw_claim_unused_from_range+0x98>)
1000063e:	682c      	ldr	r4, [r5, #0]
10000640:	2c00      	cmp	r4, #0
10000642:	d0fc      	beq.n	1000063e <hw_claim_unused_from_range+0x12>
10000644:	f3bf 8f5f 	dmb	sy
10000648:	429a      	cmp	r2, r3
1000064a:	d82c      	bhi.n	100006a6 <hw_claim_unused_from_range+0x7a>
1000064c:	08d4      	lsrs	r4, r2, #3
1000064e:	2707      	movs	r7, #7
10000650:	5d05      	ldrb	r5, [r0, r4]
10000652:	1906      	adds	r6, r0, r4
10000654:	2401      	movs	r4, #1
10000656:	4017      	ands	r7, r2
10000658:	40bc      	lsls	r4, r7
1000065a:	422c      	tst	r4, r5
1000065c:	d01f      	beq.n	1000069e <hw_claim_unused_from_range+0x72>
1000065e:	2107      	movs	r1, #7
10000660:	2701      	movs	r7, #1
10000662:	4689      	mov	r9, r1
10000664:	e009      	b.n	1000067a <hw_claim_unused_from_range+0x4e>
10000666:	08d4      	lsrs	r4, r2, #3
10000668:	5d05      	ldrb	r5, [r0, r4]
1000066a:	1906      	adds	r6, r0, r4
1000066c:	464c      	mov	r4, r9
1000066e:	0039      	movs	r1, r7
10000670:	4014      	ands	r4, r2
10000672:	40a1      	lsls	r1, r4
10000674:	000c      	movs	r4, r1
10000676:	4229      	tst	r1, r5
10000678:	d011      	beq.n	1000069e <hw_claim_unused_from_range+0x72>
1000067a:	3201      	adds	r2, #1
1000067c:	4293      	cmp	r3, r2
1000067e:	d2f2      	bcs.n	10000666 <hw_claim_unused_from_range+0x3a>
10000680:	2001      	movs	r0, #1
10000682:	4240      	negs	r0, r0
10000684:	f3bf 8f5f 	dmb	sy
10000688:	2200      	movs	r2, #0
1000068a:	4b0e      	ldr	r3, [pc, #56]	@ (100006c4 <hw_claim_unused_from_range+0x98>)
1000068c:	601a      	str	r2, [r3, #0]
1000068e:	f38c 8810 	msr	PRIMASK, ip
10000692:	2800      	cmp	r0, #0
10000694:	db0f      	blt.n	100006b6 <hw_claim_unused_from_range+0x8a>
10000696:	bcc0      	pop	{r6, r7}
10000698:	46b9      	mov	r9, r7
1000069a:	46b0      	mov	r8, r6
1000069c:	bdf8      	pop	{r3, r4, r5, r6, r7, pc}
1000069e:	4325      	orrs	r5, r4
100006a0:	0010      	movs	r0, r2
100006a2:	7035      	strb	r5, [r6, #0]
100006a4:	e7ee      	b.n	10000684 <hw_claim_unused_from_range+0x58>
100006a6:	f3bf 8f5f 	dmb	sy
100006aa:	2300      	movs	r3, #0
100006ac:	602b      	str	r3, [r5, #0]
100006ae:	f38c 8810 	msr	PRIMASK, ip
100006b2:	2001      	movs	r0, #1
100006b4:	4240      	negs	r0, r0
100006b6:	4643      	mov	r3, r8
100006b8:	2b00      	cmp	r3, #0
100006ba:	d0ec      	beq.n	10000696 <hw_claim_unused_from_range+0x6a>
100006bc:	9808      	ldr	r0, [sp, #32]
100006be:	f7ff ff7b 	bl	100005b8 <panic>
100006c2:	46c0      	nop			@ (mov r8, r8)
100006c4:	d000012c 	.word	0xd000012c

100006c8 <next_striped_spin_lock_num>:
100006c8:	4a04      	ldr	r2, [pc, #16]	@ (100006dc <next_striped_spin_lock_num+0x14>)
100006ca:	7810      	ldrb	r0, [r2, #0]
100006cc:	1c43      	adds	r3, r0, #1
100006ce:	b2db      	uxtb	r3, r3
100006d0:	2b17      	cmp	r3, #23
100006d2:	d900      	bls.n	100006d6 <next_striped_spin_lock_num+0xe>
100006d4:	2310      	movs	r3, #16
100006d6:	7013      	strb	r3, [r2, #0]
100006d8:	4770      	bx	lr
100006da:	46c0      	nop			@ (mov r8, r8)
100006dc:	20000f60 	.word	0x20000f60

100006e0 <spin_lock_claim_unused>:
100006e0:	b510      	push	{r4, lr}
100006e2:	4b06      	ldr	r3, [pc, #24]	@ (100006fc <spin_lock_claim_unused+0x1c>)
100006e4:	4c06      	ldr	r4, [pc, #24]	@ (10000700 <spin_lock_claim_unused+0x20>)
100006e6:	b082      	sub	sp, #8
100006e8:	0001      	movs	r1, r0
100006ea:	9300      	str	r3, [sp, #0]
100006ec:	2218      	movs	r2, #24
100006ee:	231f      	movs	r3, #31
100006f0:	0020      	movs	r0, r4
100006f2:	f7ff ff9b 	bl	1000062c <hw_claim_unused_from_range>
100006f6:	b002      	add	sp, #8
100006f8:	bd10      	pop	{r4, pc}
100006fa:	46c0      	nop			@ (mov r8, r8)
100006fc:	1000403c 	.word	0x1000403c
10000700:	20001980 	.word	0x20001980

10000704 <spin_locks_reset>:
10000704:	2100      	movs	r1, #0
10000706:	4b04      	ldr	r3, [pc, #16]	@ (10000718 <spin_locks_reset+0x14>)
10000708:	4a04      	ldr	r2, [pc, #16]	@ (1000071c <spin_locks_reset+0x18>)
1000070a:	f3bf 8f5f 	dmb	sy
1000070e:	c302      	stmia	r3!, {r1}
10000710:	4293      	cmp	r3, r2
10000712:	d1fa      	bne.n	1000070a <spin_locks_reset+0x6>
10000714:	4770      	bx	lr
10000716:	46c0      	nop			@ (mov r8, r8)
10000718:	d0000100 	.word	0xd0000100
1000071c:	d0000180 	.word	0xd0000180

10000720 <runtime_init_per_core_irq_priorities>:
10000720:	4b05      	ldr	r3, [pc, #20]	@ (10000738 <runtime_init_per_core_irq_priorities+0x18>)
10000722:	4a06      	ldr	r2, [pc, #24]	@ (1000073c <runtime_init_per_core_irq_priorities+0x1c>)
10000724:	6013      	str	r3, [r2, #0]
10000726:	4a06      	ldr	r2, [pc, #24]	@ (10000740 <runtime_init_per_core_irq_priorities+0x20>)
10000728:	6013      	str	r3, [r2, #0]
1000072a:	6053      	str	r3, [r2, #4]
1000072c:	6093      	str	r3, [r2, #8]
1000072e:	60d3      	str	r3, [r2, #12]
10000730:	6113      	str	r3, [r2, #16]
10000732:	6153      	str	r3, [r2, #20]
10000734:	6193      	str	r3, [r2, #24]
10000736:	4770      	bx	lr
10000738:	80808080 	.word	0x80808080
1000073c:	e000e400 	.word	0xe000e400
10000740:	e000e404 	.word	0xe000e404

10000744 <irq_set_enabled>:
10000744:	231f      	movs	r3, #31
10000746:	4018      	ands	r0, r3
10000748:	3b1e      	subs	r3, #30
1000074a:	4083      	lsls	r3, r0
1000074c:	2900      	cmp	r1, #0
1000074e:	d005      	beq.n	1000075c <irq_set_enabled+0x18>
10000750:	21c0      	movs	r1, #192	@ 0xc0
10000752:	4a04      	ldr	r2, [pc, #16]	@ (10000764 <irq_set_enabled+0x20>)
10000754:	0049      	lsls	r1, r1, #1
10000756:	5053      	str	r3, [r2, r1]
10000758:	6013      	str	r3, [r2, #0]
1000075a:	4770      	bx	lr
1000075c:	2280      	movs	r2, #128	@ 0x80
1000075e:	4901      	ldr	r1, [pc, #4]	@ (10000764 <irq_set_enabled+0x20>)
10000760:	508b      	str	r3, [r1, r2]
10000762:	e7fa      	b.n	1000075a <irq_set_enabled+0x16>
10000764:	e000e100 	.word	0xe000e100

10000768 <irq_set_exclusive_handler>:
10000768:	b570      	push	{r4, r5, r6, lr}
1000076a:	000d      	movs	r5, r1
1000076c:	f3ef 8610 	mrs	r6, PRIMASK
10000770:	b672      	cpsid	i
10000772:	4a0f      	ldr	r2, [pc, #60]	@ (100007b0 <irq_set_exclusive_handler+0x48>)
10000774:	6813      	ldr	r3, [r2, #0]
10000776:	2b00      	cmp	r3, #0
10000778:	d0fc      	beq.n	10000774 <irq_set_exclusive_handler+0xc>
1000077a:	f3bf 8f5f 	dmb	sy
1000077e:	4b0d      	ldr	r3, [pc, #52]	@ (100007b4 <irq_set_exclusive_handler+0x4c>)
10000780:	3010      	adds	r0, #16
10000782:	689b      	ldr	r3, [r3, #8]
10000784:	0084      	lsls	r4, r0, #2
10000786:	591b      	ldr	r3, [r3, r4]
10000788:	4a0b      	ldr	r2, [pc, #44]	@ (100007b8 <irq_set_exclusive_handler+0x50>)
1000078a:	4293      	cmp	r3, r2
1000078c:	d003      	beq.n	10000796 <irq_set_exclusive_handler+0x2e>
1000078e:	429d      	cmp	r5, r3
10000790:	d001      	beq.n	10000796 <irq_set_exclusive_handler+0x2e>
10000792:	f001 f825 	bl	100017e0 <hard_assertion_failure>
10000796:	4b07      	ldr	r3, [pc, #28]	@ (100007b4 <irq_set_exclusive_handler+0x4c>)
10000798:	689b      	ldr	r3, [r3, #8]
1000079a:	511d      	str	r5, [r3, r4]
1000079c:	f3bf 8f5f 	dmb	sy
100007a0:	f3bf 8f5f 	dmb	sy
100007a4:	2200      	movs	r2, #0
100007a6:	4b02      	ldr	r3, [pc, #8]	@ (100007b0 <irq_set_exclusive_handler+0x48>)
100007a8:	601a      	str	r2, [r3, #0]
100007aa:	f386 8810 	msr	PRIMASK, r6
100007ae:	bd70      	pop	{r4, r5, r6, pc}
100007b0:	d0000124 	.word	0xd0000124
100007b4:	e000ed00 	.word	0xe000ed00
100007b8:	100001c1 	.word	0x100001c1

100007bc <irq_add_shared_handler>:
100007bc:	b5f0      	push	{r4, r5, r6, r7, lr}
100007be:	4657      	mov	r7, sl
100007c0:	464e      	mov	r6, r9
100007c2:	46de      	mov	lr, fp
100007c4:	4645      	mov	r5, r8
100007c6:	b5e0      	push	{r5, r6, r7, lr}
100007c8:	b085      	sub	sp, #20
100007ca:	0006      	movs	r6, r0
100007cc:	9100      	str	r1, [sp, #0]
100007ce:	0017      	movs	r7, r2
100007d0:	f3ef 8b10 	mrs	fp, PRIMASK
100007d4:	b672      	cpsid	i
100007d6:	4a6a      	ldr	r2, [pc, #424]	@ (10000980 <irq_add_shared_handler+0x1c4>)
100007d8:	6813      	ldr	r3, [r2, #0]
100007da:	2b00      	cmp	r3, #0
100007dc:	d0fc      	beq.n	100007d8 <irq_add_shared_handler+0x1c>
100007de:	f3bf 8f5f 	dmb	sy
100007e2:	2500      	movs	r5, #0
100007e4:	4b67      	ldr	r3, [pc, #412]	@ (10000984 <irq_add_shared_handler+0x1c8>)
100007e6:	575d      	ldrsb	r5, [r3, r5]
100007e8:	469a      	mov	sl, r3
100007ea:	2d00      	cmp	r5, #0
100007ec:	da00      	bge.n	100007f0 <irq_add_shared_handler+0x34>
100007ee:	e0a9      	b.n	10000944 <irq_add_shared_handler+0x188>
100007f0:	006b      	lsls	r3, r5, #1
100007f2:	4c65      	ldr	r4, [pc, #404]	@ (10000988 <irq_add_shared_handler+0x1cc>)
100007f4:	9301      	str	r3, [sp, #4]
100007f6:	195b      	adds	r3, r3, r5
100007f8:	009b      	lsls	r3, r3, #2
100007fa:	4698      	mov	r8, r3
100007fc:	46a1      	mov	r9, r4
100007fe:	44c1      	add	r9, r8
10000800:	464b      	mov	r3, r9
10000802:	4652      	mov	r2, sl
10000804:	799b      	ldrb	r3, [r3, #6]
10000806:	3610      	adds	r6, #16
10000808:	7013      	strb	r3, [r2, #0]
1000080a:	4b60      	ldr	r3, [pc, #384]	@ (1000098c <irq_add_shared_handler+0x1d0>)
1000080c:	00b6      	lsls	r6, r6, #2
1000080e:	689b      	ldr	r3, [r3, #8]
10000810:	5999      	ldr	r1, [r3, r6]
10000812:	1b0b      	subs	r3, r1, r4
10000814:	2b2f      	cmp	r3, #47	@ 0x2f
10000816:	d933      	bls.n	10000880 <irq_add_shared_handler+0xc4>
10000818:	4b5d      	ldr	r3, [pc, #372]	@ (10000990 <irq_add_shared_handler+0x1d4>)
1000081a:	4299      	cmp	r1, r3
1000081c:	d000      	beq.n	10000820 <irq_add_shared_handler+0x64>
1000081e:	e0ac      	b.n	1000097a <irq_add_shared_handler+0x1be>
10000820:	9b01      	ldr	r3, [sp, #4]
10000822:	4642      	mov	r2, r8
10000824:	469c      	mov	ip, r3
10000826:	4b5b      	ldr	r3, [pc, #364]	@ (10000994 <irq_add_shared_handler+0x1d8>)
10000828:	4465      	add	r5, ip
1000082a:	00ad      	lsls	r5, r5, #2
1000082c:	5363      	strh	r3, [r4, r5]
1000082e:	4b5a      	ldr	r3, [pc, #360]	@ (10000998 <irq_add_shared_handler+0x1dc>)
10000830:	3202      	adds	r2, #2
10000832:	18a2      	adds	r2, r4, r2
10000834:	3b04      	subs	r3, #4
10000836:	1a9b      	subs	r3, r3, r2
10000838:	051b      	lsls	r3, r3, #20
1000083a:	4a58      	ldr	r2, [pc, #352]	@ (1000099c <irq_add_shared_handler+0x1e0>)
1000083c:	0d5b      	lsrs	r3, r3, #21
1000083e:	1965      	adds	r5, r4, r5
10000840:	4313      	orrs	r3, r2
10000842:	806b      	strh	r3, [r5, #2]
10000844:	4b56      	ldr	r3, [pc, #344]	@ (100009a0 <irq_add_shared_handler+0x1e4>)
10000846:	2101      	movs	r1, #1
10000848:	80ab      	strh	r3, [r5, #4]
1000084a:	23ff      	movs	r3, #255	@ 0xff
1000084c:	71ab      	strb	r3, [r5, #6]
1000084e:	9b00      	ldr	r3, [sp, #0]
10000850:	71ef      	strb	r7, [r5, #7]
10000852:	60ab      	str	r3, [r5, #8]
10000854:	464b      	mov	r3, r9
10000856:	430b      	orrs	r3, r1
10000858:	0019      	movs	r1, r3
1000085a:	4b4c      	ldr	r3, [pc, #304]	@ (1000098c <irq_add_shared_handler+0x1d0>)
1000085c:	689b      	ldr	r3, [r3, #8]
1000085e:	5199      	str	r1, [r3, r6]
10000860:	f3bf 8f5f 	dmb	sy
10000864:	f3bf 8f5f 	dmb	sy
10000868:	2200      	movs	r2, #0
1000086a:	4b45      	ldr	r3, [pc, #276]	@ (10000980 <irq_add_shared_handler+0x1c4>)
1000086c:	601a      	str	r2, [r3, #0]
1000086e:	f38b 8810 	msr	PRIMASK, fp
10000872:	b005      	add	sp, #20
10000874:	bcf0      	pop	{r4, r5, r6, r7}
10000876:	46bb      	mov	fp, r7
10000878:	46b2      	mov	sl, r6
1000087a:	46a9      	mov	r9, r5
1000087c:	46a0      	mov	r8, r4
1000087e:	bdf0      	pop	{r4, r5, r6, r7, pc}
10000880:	2001      	movs	r0, #1
10000882:	000a      	movs	r2, r1
10000884:	4382      	bics	r2, r0
10000886:	79d3      	ldrb	r3, [r2, #7]
10000888:	468c      	mov	ip, r1
1000088a:	42bb      	cmp	r3, r7
1000088c:	d831      	bhi.n	100008f2 <irq_add_shared_handler+0x136>
1000088e:	4645      	mov	r5, r8
10000890:	0013      	movs	r3, r2
10000892:	4944      	ldr	r1, [pc, #272]	@ (100009a4 <irq_add_shared_handler+0x1e8>)
10000894:	1b1b      	subs	r3, r3, r4
10000896:	415b      	adcs	r3, r3
10000898:	4359      	muls	r1, r3
1000089a:	0d09      	lsrs	r1, r1, #20
1000089c:	4b3d      	ldr	r3, [pc, #244]	@ (10000994 <irq_add_shared_handler+0x1d8>)
1000089e:	5363      	strh	r3, [r4, r5]
100008a0:	4b3d      	ldr	r3, [pc, #244]	@ (10000998 <irq_add_shared_handler+0x1dc>)
100008a2:	3502      	adds	r5, #2
100008a4:	1965      	adds	r5, r4, r5
100008a6:	3b04      	subs	r3, #4
100008a8:	1b5b      	subs	r3, r3, r5
100008aa:	051b      	lsls	r3, r3, #20
100008ac:	4d3b      	ldr	r5, [pc, #236]	@ (1000099c <irq_add_shared_handler+0x1e0>)
100008ae:	0d5b      	lsrs	r3, r3, #21
100008b0:	432b      	orrs	r3, r5
100008b2:	46aa      	mov	sl, r5
100008b4:	464d      	mov	r5, r9
100008b6:	806b      	strh	r3, [r5, #2]
100008b8:	2504      	movs	r5, #4
100008ba:	46ac      	mov	ip, r5
100008bc:	4655      	mov	r5, sl
100008be:	44e0      	add	r8, ip
100008c0:	1f13      	subs	r3, r2, #4
100008c2:	4444      	add	r4, r8
100008c4:	1b1b      	subs	r3, r3, r4
100008c6:	051b      	lsls	r3, r3, #20
100008c8:	0d5b      	lsrs	r3, r3, #21
100008ca:	431d      	orrs	r5, r3
100008cc:	464b      	mov	r3, r9
100008ce:	7199      	strb	r1, [r3, #6]
100008d0:	9900      	ldr	r1, [sp, #0]
100008d2:	809d      	strh	r5, [r3, #4]
100008d4:	6099      	str	r1, [r3, #8]
100008d6:	4649      	mov	r1, r9
100008d8:	71df      	strb	r7, [r3, #7]
100008da:	4b33      	ldr	r3, [pc, #204]	@ (100009a8 <irq_add_shared_handler+0x1ec>)
100008dc:	4301      	orrs	r1, r0
100008de:	6013      	str	r3, [r2, #0]
100008e0:	e7bb      	b.n	1000085a <irq_add_shared_handler+0x9e>
100008e2:	0058      	lsls	r0, r3, #1
100008e4:	18c0      	adds	r0, r0, r3
100008e6:	0080      	lsls	r0, r0, #2
100008e8:	1820      	adds	r0, r4, r0
100008ea:	79c1      	ldrb	r1, [r0, #7]
100008ec:	42b9      	cmp	r1, r7
100008ee:	d92f      	bls.n	10000950 <irq_add_shared_handler+0x194>
100008f0:	0002      	movs	r2, r0
100008f2:	2306      	movs	r3, #6
100008f4:	56d3      	ldrsb	r3, [r2, r3]
100008f6:	2b00      	cmp	r3, #0
100008f8:	daf3      	bge.n	100008e2 <irq_add_shared_handler+0x126>
100008fa:	9302      	str	r3, [sp, #8]
100008fc:	4b2b      	ldr	r3, [pc, #172]	@ (100009ac <irq_add_shared_handler+0x1f0>)
100008fe:	4661      	mov	r1, ip
10000900:	9303      	str	r3, [sp, #12]
10000902:	1d13      	adds	r3, r2, #4
10000904:	469a      	mov	sl, r3
10000906:	2304      	movs	r3, #4
10000908:	425b      	negs	r3, r3
1000090a:	469c      	mov	ip, r3
1000090c:	44e1      	add	r9, ip
1000090e:	4650      	mov	r0, sl
10000910:	464b      	mov	r3, r9
10000912:	1a1b      	subs	r3, r3, r0
10000914:	051b      	lsls	r3, r3, #20
10000916:	0d5b      	lsrs	r3, r3, #21
10000918:	469c      	mov	ip, r3
1000091a:	4b20      	ldr	r3, [pc, #128]	@ (1000099c <irq_add_shared_handler+0x1e0>)
1000091c:	7195      	strb	r5, [r2, #6]
1000091e:	4698      	mov	r8, r3
10000920:	4663      	mov	r3, ip
10000922:	4640      	mov	r0, r8
10000924:	4303      	orrs	r3, r0
10000926:	8093      	strh	r3, [r2, #4]
10000928:	9b01      	ldr	r3, [sp, #4]
1000092a:	195a      	adds	r2, r3, r5
1000092c:	0092      	lsls	r2, r2, #2
1000092e:	9b03      	ldr	r3, [sp, #12]
10000930:	18a4      	adds	r4, r4, r2
10000932:	80a3      	strh	r3, [r4, #4]
10000934:	9b02      	ldr	r3, [sp, #8]
10000936:	4a1c      	ldr	r2, [pc, #112]	@ (100009a8 <irq_add_shared_handler+0x1ec>)
10000938:	71a3      	strb	r3, [r4, #6]
1000093a:	9b00      	ldr	r3, [sp, #0]
1000093c:	6022      	str	r2, [r4, #0]
1000093e:	71e7      	strb	r7, [r4, #7]
10000940:	60a3      	str	r3, [r4, #8]
10000942:	e78a      	b.n	1000085a <irq_add_shared_handler+0x9e>
10000944:	f000 ff4c 	bl	100017e0 <hard_assertion_failure>
10000948:	2500      	movs	r5, #0
1000094a:	4653      	mov	r3, sl
1000094c:	575d      	ldrsb	r5, [r3, r5]
1000094e:	e74f      	b.n	100007f0 <irq_add_shared_handler+0x34>
10000950:	8890      	ldrh	r0, [r2, #4]
10000952:	9302      	str	r3, [sp, #8]
10000954:	0540      	lsls	r0, r0, #21
10000956:	1d13      	adds	r3, r2, #4
10000958:	469a      	mov	sl, r3
1000095a:	1503      	asrs	r3, r0, #20
1000095c:	4661      	mov	r1, ip
1000095e:	469c      	mov	ip, r3
10000960:	4640      	mov	r0, r8
10000962:	44d4      	add	ip, sl
10000964:	4663      	mov	r3, ip
10000966:	3004      	adds	r0, #4
10000968:	1820      	adds	r0, r4, r0
1000096a:	1a18      	subs	r0, r3, r0
1000096c:	23e0      	movs	r3, #224	@ 0xe0
1000096e:	0500      	lsls	r0, r0, #20
10000970:	0d40      	lsrs	r0, r0, #21
10000972:	021b      	lsls	r3, r3, #8
10000974:	4318      	orrs	r0, r3
10000976:	9003      	str	r0, [sp, #12]
10000978:	e7c5      	b.n	10000906 <irq_add_shared_handler+0x14a>
1000097a:	f000 ff31 	bl	100017e0 <hard_assertion_failure>
1000097e:	e74f      	b.n	10000820 <irq_add_shared_handler+0x64>
10000980:	d0000124 	.word	0xd0000124
10000984:	20001df5 	.word	0x20001df5
10000988:	20000f64 	.word	0x20000f64
1000098c:	e000ed00 	.word	0xe000ed00
10000990:	100001c1 	.word	0x100001c1
10000994:	ffffa100 	.word	0xffffa100
10000998:	20000f94 	.word	0x20000f94
1000099c:	ffffe000 	.word	0xffffe000
100009a0:	ffffbd01 	.word	0xffffbd01
100009a4:	0000aaaa 	.word	0x0000aaaa
100009a8:	47804801 	.word	0x47804801
100009ac:	0000bd01 	.word	0x0000bd01

100009b0 <irq_remove_handler>:
100009b0:	b5f0      	push	{r4, r5, r6, r7, lr}
100009b2:	46de      	mov	lr, fp
100009b4:	4657      	mov	r7, sl
100009b6:	464e      	mov	r6, r9
100009b8:	4645      	mov	r5, r8
100009ba:	b5e0      	push	{r5, r6, r7, lr}
100009bc:	000c      	movs	r4, r1
100009be:	b083      	sub	sp, #12
100009c0:	f3ef 8810 	mrs	r8, PRIMASK
100009c4:	b672      	cpsid	i
100009c6:	4a63      	ldr	r2, [pc, #396]	@ (10000b54 <irq_remove_handler+0x1a4>)
100009c8:	6813      	ldr	r3, [r2, #0]
100009ca:	2b00      	cmp	r3, #0
100009cc:	d0fc      	beq.n	100009c8 <irq_remove_handler+0x18>
100009ce:	f3bf 8f5f 	dmb	sy
100009d2:	4b61      	ldr	r3, [pc, #388]	@ (10000b58 <irq_remove_handler+0x1a8>)
100009d4:	4961      	ldr	r1, [pc, #388]	@ (10000b5c <irq_remove_handler+0x1ac>)
100009d6:	689a      	ldr	r2, [r3, #8]
100009d8:	0003      	movs	r3, r0
100009da:	3310      	adds	r3, #16
100009dc:	009f      	lsls	r7, r3, #2
100009de:	59d5      	ldr	r5, [r2, r7]
100009e0:	9300      	str	r3, [sp, #0]
100009e2:	428d      	cmp	r5, r1
100009e4:	d043      	beq.n	10000a6e <irq_remove_handler+0xbe>
100009e6:	42a5      	cmp	r5, r4
100009e8:	d054      	beq.n	10000a94 <irq_remove_handler+0xe4>
100009ea:	4e5d      	ldr	r6, [pc, #372]	@ (10000b60 <irq_remove_handler+0x1b0>)
100009ec:	1baa      	subs	r2, r5, r6
100009ee:	2a2f      	cmp	r2, #47	@ 0x2f
100009f0:	d83d      	bhi.n	10000a6e <irq_remove_handler+0xbe>
100009f2:	4b5c      	ldr	r3, [pc, #368]	@ (10000b64 <irq_remove_handler+0x1b4>)
100009f4:	469c      	mov	ip, r3
100009f6:	681b      	ldr	r3, [r3, #0]
100009f8:	469a      	mov	sl, r3
100009fa:	2301      	movs	r3, #1
100009fc:	001a      	movs	r2, r3
100009fe:	4699      	mov	r9, r3
10000a00:	4082      	lsls	r2, r0
10000a02:	4653      	mov	r3, sl
10000a04:	4013      	ands	r3, r2
10000a06:	221f      	movs	r2, #31
10000a08:	9301      	str	r3, [sp, #4]
10000a0a:	464b      	mov	r3, r9
10000a0c:	4002      	ands	r2, r0
10000a0e:	4093      	lsls	r3, r2
10000a10:	469a      	mov	sl, r3
10000a12:	2280      	movs	r2, #128	@ 0x80
10000a14:	4663      	mov	r3, ip
10000a16:	4650      	mov	r0, sl
10000a18:	5098      	str	r0, [r3, r2]
10000a1a:	f3bf 8f5f 	dmb	sy
10000a1e:	f3ef 8305 	mrs	r3, IPSR
10000a22:	469b      	mov	fp, r3
10000a24:	2b00      	cmp	r3, #0
10000a26:	d037      	beq.n	10000a98 <irq_remove_handler+0xe8>
10000a28:	9b00      	ldr	r3, [sp, #0]
10000a2a:	455b      	cmp	r3, fp
10000a2c:	d001      	beq.n	10000a32 <irq_remove_handler+0x82>
10000a2e:	f000 fed7 	bl	100017e0 <hard_assertion_failure>
10000a32:	002a      	movs	r2, r5
10000a34:	464b      	mov	r3, r9
10000a36:	439a      	bics	r2, r3
10000a38:	6890      	ldr	r0, [r2, #8]
10000a3a:	4284      	cmp	r4, r0
10000a3c:	d108      	bne.n	10000a50 <irq_remove_handler+0xa0>
10000a3e:	e077      	b.n	10000b30 <irq_remove_handler+0x180>
10000a40:	004b      	lsls	r3, r1, #1
10000a42:	185b      	adds	r3, r3, r1
10000a44:	009b      	lsls	r3, r3, #2
10000a46:	18f3      	adds	r3, r6, r3
10000a48:	6898      	ldr	r0, [r3, #8]
10000a4a:	4284      	cmp	r4, r0
10000a4c:	d036      	beq.n	10000abc <irq_remove_handler+0x10c>
10000a4e:	001a      	movs	r2, r3
10000a50:	2106      	movs	r1, #6
10000a52:	5651      	ldrsb	r1, [r2, r1]
10000a54:	2900      	cmp	r1, #0
10000a56:	daf3      	bge.n	10000a40 <irq_remove_handler+0x90>
10000a58:	4284      	cmp	r4, r0
10000a5a:	d055      	beq.n	10000b08 <irq_remove_handler+0x158>
10000a5c:	9b01      	ldr	r3, [sp, #4]
10000a5e:	2b00      	cmp	r3, #0
10000a60:	d027      	beq.n	10000ab2 <irq_remove_handler+0x102>
10000a62:	22c0      	movs	r2, #192	@ 0xc0
10000a64:	4651      	mov	r1, sl
10000a66:	4b3f      	ldr	r3, [pc, #252]	@ (10000b64 <irq_remove_handler+0x1b4>)
10000a68:	0052      	lsls	r2, r2, #1
10000a6a:	5099      	str	r1, [r3, r2]
10000a6c:	6019      	str	r1, [r3, #0]
10000a6e:	4b3a      	ldr	r3, [pc, #232]	@ (10000b58 <irq_remove_handler+0x1a8>)
10000a70:	689b      	ldr	r3, [r3, #8]
10000a72:	51dd      	str	r5, [r3, r7]
10000a74:	f3bf 8f5f 	dmb	sy
10000a78:	f3bf 8f5f 	dmb	sy
10000a7c:	2200      	movs	r2, #0
10000a7e:	4b35      	ldr	r3, [pc, #212]	@ (10000b54 <irq_remove_handler+0x1a4>)
10000a80:	601a      	str	r2, [r3, #0]
10000a82:	f388 8810 	msr	PRIMASK, r8
10000a86:	b003      	add	sp, #12
10000a88:	bcf0      	pop	{r4, r5, r6, r7}
10000a8a:	46bb      	mov	fp, r7
10000a8c:	46b2      	mov	sl, r6
10000a8e:	46a9      	mov	r9, r5
10000a90:	46a0      	mov	r8, r4
10000a92:	bdf0      	pop	{r4, r5, r6, r7, pc}
10000a94:	000d      	movs	r5, r1
10000a96:	e7ea      	b.n	10000a6e <irq_remove_handler+0xbe>
10000a98:	002a      	movs	r2, r5
10000a9a:	464b      	mov	r3, r9
10000a9c:	439a      	bics	r2, r3
10000a9e:	6890      	ldr	r0, [r2, #8]
10000aa0:	4284      	cmp	r4, r0
10000aa2:	d1d5      	bne.n	10000a50 <irq_remove_handler+0xa0>
10000aa4:	2006      	movs	r0, #6
10000aa6:	5610      	ldrsb	r0, [r2, r0]
10000aa8:	0013      	movs	r3, r2
10000aaa:	2800      	cmp	r0, #0
10000aac:	da0a      	bge.n	10000ac4 <irq_remove_handler+0x114>
10000aae:	000d      	movs	r5, r1
10000ab0:	e032      	b.n	10000b18 <irq_remove_handler+0x168>
10000ab2:	2380      	movs	r3, #128	@ 0x80
10000ab4:	4651      	mov	r1, sl
10000ab6:	4a2b      	ldr	r2, [pc, #172]	@ (10000b64 <irq_remove_handler+0x1b4>)
10000ab8:	50d1      	str	r1, [r2, r3]
10000aba:	e7d8      	b.n	10000a6e <irq_remove_handler+0xbe>
10000abc:	2006      	movs	r0, #6
10000abe:	5618      	ldrsb	r0, [r3, r0]
10000ac0:	2800      	cmp	r0, #0
10000ac2:	db22      	blt.n	10000b0a <irq_remove_handler+0x15a>
10000ac4:	0042      	lsls	r2, r0, #1
10000ac6:	1811      	adds	r1, r2, r0
10000ac8:	0089      	lsls	r1, r1, #2
10000aca:	1874      	adds	r4, r6, r1
10000acc:	4689      	mov	r9, r1
10000ace:	68a1      	ldr	r1, [r4, #8]
10000ad0:	6099      	str	r1, [r3, #8]
10000ad2:	79e1      	ldrb	r1, [r4, #7]
10000ad4:	71d9      	strb	r1, [r3, #7]
10000ad6:	2106      	movs	r1, #6
10000ad8:	5661      	ldrsb	r1, [r4, r1]
10000ada:	7199      	strb	r1, [r3, #6]
10000adc:	2900      	cmp	r1, #0
10000ade:	db25      	blt.n	10000b2c <irq_remove_handler+0x17c>
10000ae0:	88a4      	ldrh	r4, [r4, #4]
10000ae2:	1af1      	subs	r1, r6, r3
10000ae4:	0564      	lsls	r4, r4, #21
10000ae6:	1524      	asrs	r4, r4, #20
10000ae8:	444c      	add	r4, r9
10000aea:	1909      	adds	r1, r1, r4
10000aec:	24e0      	movs	r4, #224	@ 0xe0
10000aee:	0509      	lsls	r1, r1, #20
10000af0:	0d49      	lsrs	r1, r1, #21
10000af2:	0224      	lsls	r4, r4, #8
10000af4:	4321      	orrs	r1, r4
10000af6:	8099      	strh	r1, [r3, #4]
10000af8:	1813      	adds	r3, r2, r0
10000afa:	4a1b      	ldr	r2, [pc, #108]	@ (10000b68 <irq_remove_handler+0x1b8>)
10000afc:	009b      	lsls	r3, r3, #2
10000afe:	7811      	ldrb	r1, [r2, #0]
10000b00:	18f3      	adds	r3, r6, r3
10000b02:	7199      	strb	r1, [r3, #6]
10000b04:	7010      	strb	r0, [r2, #0]
10000b06:	e7a9      	b.n	10000a5c <irq_remove_handler+0xac>
10000b08:	0013      	movs	r3, r2
10000b0a:	4659      	mov	r1, fp
10000b0c:	2900      	cmp	r1, #0
10000b0e:	d114      	bne.n	10000b3a <irq_remove_handler+0x18a>
10000b10:	31ff      	adds	r1, #255	@ 0xff
10000b12:	7191      	strb	r1, [r2, #6]
10000b14:	4915      	ldr	r1, [pc, #84]	@ (10000b6c <irq_remove_handler+0x1bc>)
10000b16:	8091      	strh	r1, [r2, #4]
10000b18:	4913      	ldr	r1, [pc, #76]	@ (10000b68 <irq_remove_handler+0x1b8>)
10000b1a:	780a      	ldrb	r2, [r1, #0]
10000b1c:	719a      	strb	r2, [r3, #6]
10000b1e:	4a14      	ldr	r2, [pc, #80]	@ (10000b70 <irq_remove_handler+0x1c0>)
10000b20:	1b9b      	subs	r3, r3, r6
10000b22:	415b      	adcs	r3, r3
10000b24:	435a      	muls	r2, r3
10000b26:	0d12      	lsrs	r2, r2, #20
10000b28:	700a      	strb	r2, [r1, #0]
10000b2a:	e797      	b.n	10000a5c <irq_remove_handler+0xac>
10000b2c:	4911      	ldr	r1, [pc, #68]	@ (10000b74 <irq_remove_handler+0x1c4>)
10000b2e:	e7e2      	b.n	10000af6 <irq_remove_handler+0x146>
10000b30:	2006      	movs	r0, #6
10000b32:	5610      	ldrsb	r0, [r2, r0]
10000b34:	0013      	movs	r3, r2
10000b36:	2800      	cmp	r0, #0
10000b38:	dac4      	bge.n	10000ac4 <irq_remove_handler+0x114>
10000b3a:	4a0f      	ldr	r2, [pc, #60]	@ (10000b78 <irq_remove_handler+0x1c8>)
10000b3c:	490f      	ldr	r1, [pc, #60]	@ (10000b7c <irq_remove_handler+0x1cc>)
10000b3e:	1ad2      	subs	r2, r2, r3
10000b40:	3a08      	subs	r2, #8
10000b42:	0250      	lsls	r0, r2, #9
10000b44:	0d40      	lsrs	r0, r0, #21
10000b46:	4301      	orrs	r1, r0
10000b48:	8099      	strh	r1, [r3, #4]
10000b4a:	490d      	ldr	r1, [pc, #52]	@ (10000b80 <irq_remove_handler+0x1d0>)
10000b4c:	0852      	lsrs	r2, r2, #1
10000b4e:	430a      	orrs	r2, r1
10000b50:	80da      	strh	r2, [r3, #6]
10000b52:	e783      	b.n	10000a5c <irq_remove_handler+0xac>
10000b54:	d0000124 	.word	0xd0000124
10000b58:	e000ed00 	.word	0xe000ed00
10000b5c:	100001c1 	.word	0x100001c1
10000b60:	20000f64 	.word	0x20000f64
10000b64:	e000e100 	.word	0xe000e100
10000b68:	20001df5 	.word	0x20001df5
10000b6c:	ffffbd01 	.word	0xffffbd01
10000b70:	0000aaaa 	.word	0x0000aaaa
10000b74:	0000bd01 	.word	0x0000bd01
10000b78:	20000f9e 	.word	0x20000f9e
10000b7c:	fffff000 	.word	0xfffff000
10000b80:	fffff800 	.word	0xfffff800

10000b84 <irq_add_tail_to_free_list>:
10000b84:	b570      	push	{r4, r5, r6, lr}
10000b86:	2401      	movs	r4, #1
10000b88:	4304      	orrs	r4, r0
10000b8a:	f3ef 8105 	mrs	r1, IPSR
10000b8e:	f3ef 8c10 	mrs	ip, PRIMASK
10000b92:	b672      	cpsid	i
10000b94:	4a21      	ldr	r2, [pc, #132]	@ (10000c1c <irq_add_tail_to_free_list+0x98>)
10000b96:	6813      	ldr	r3, [r2, #0]
10000b98:	2b00      	cmp	r3, #0
10000b9a:	d0fc      	beq.n	10000b96 <irq_add_tail_to_free_list+0x12>
10000b9c:	f3bf 8f5f 	dmb	sy
10000ba0:	4b1f      	ldr	r3, [pc, #124]	@ (10000c20 <irq_add_tail_to_free_list+0x9c>)
10000ba2:	0005      	movs	r5, r0
10000ba4:	4a1f      	ldr	r2, [pc, #124]	@ (10000c24 <irq_add_tail_to_free_list+0xa0>)
10000ba6:	1aed      	subs	r5, r5, r3
10000ba8:	416d      	adcs	r5, r5
10000baa:	436a      	muls	r2, r5
10000bac:	0d12      	lsrs	r2, r2, #20
10000bae:	4d1e      	ldr	r5, [pc, #120]	@ (10000c28 <irq_add_tail_to_free_list+0xa4>)
10000bb0:	0089      	lsls	r1, r1, #2
10000bb2:	68ae      	ldr	r6, [r5, #8]
10000bb4:	b252      	sxtb	r2, r2
10000bb6:	5876      	ldr	r6, [r6, r1]
10000bb8:	42a6      	cmp	r6, r4
10000bba:	d01c      	beq.n	10000bf6 <irq_add_tail_to_free_list+0x72>
10000bbc:	2106      	movs	r1, #6
10000bbe:	5659      	ldrsb	r1, [r3, r1]
10000bc0:	4291      	cmp	r1, r2
10000bc2:	d01c      	beq.n	10000bfe <irq_add_tail_to_free_list+0x7a>
10000bc4:	2112      	movs	r1, #18
10000bc6:	5659      	ldrsb	r1, [r3, r1]
10000bc8:	4291      	cmp	r1, r2
10000bca:	d022      	beq.n	10000c12 <irq_add_tail_to_free_list+0x8e>
10000bcc:	211e      	movs	r1, #30
10000bce:	5659      	ldrsb	r1, [r3, r1]
10000bd0:	4291      	cmp	r1, r2
10000bd2:	d020      	beq.n	10000c16 <irq_add_tail_to_free_list+0x92>
10000bd4:	212a      	movs	r1, #42	@ 0x2a
10000bd6:	5659      	ldrsb	r1, [r3, r1]
10000bd8:	2403      	movs	r4, #3
10000bda:	4291      	cmp	r1, r2
10000bdc:	d010      	beq.n	10000c00 <irq_add_tail_to_free_list+0x7c>
10000bde:	4b13      	ldr	r3, [pc, #76]	@ (10000c2c <irq_add_tail_to_free_list+0xa8>)
10000be0:	7819      	ldrb	r1, [r3, #0]
10000be2:	701a      	strb	r2, [r3, #0]
10000be4:	7181      	strb	r1, [r0, #6]
10000be6:	f3bf 8f5f 	dmb	sy
10000bea:	2200      	movs	r2, #0
10000bec:	4b0b      	ldr	r3, [pc, #44]	@ (10000c1c <irq_add_tail_to_free_list+0x98>)
10000bee:	601a      	str	r2, [r3, #0]
10000bf0:	f38c 8810 	msr	PRIMASK, ip
10000bf4:	bd70      	pop	{r4, r5, r6, pc}
10000bf6:	68ab      	ldr	r3, [r5, #8]
10000bf8:	4c0d      	ldr	r4, [pc, #52]	@ (10000c30 <irq_add_tail_to_free_list+0xac>)
10000bfa:	505c      	str	r4, [r3, r1]
10000bfc:	e7ef      	b.n	10000bde <irq_add_tail_to_free_list+0x5a>
10000bfe:	2400      	movs	r4, #0
10000c00:	0061      	lsls	r1, r4, #1
10000c02:	1909      	adds	r1, r1, r4
10000c04:	0089      	lsls	r1, r1, #2
10000c06:	185b      	adds	r3, r3, r1
10000c08:	21ff      	movs	r1, #255	@ 0xff
10000c0a:	7199      	strb	r1, [r3, #6]
10000c0c:	4909      	ldr	r1, [pc, #36]	@ (10000c34 <irq_add_tail_to_free_list+0xb0>)
10000c0e:	8099      	strh	r1, [r3, #4]
10000c10:	e7e5      	b.n	10000bde <irq_add_tail_to_free_list+0x5a>
10000c12:	2401      	movs	r4, #1
10000c14:	e7f4      	b.n	10000c00 <irq_add_tail_to_free_list+0x7c>
10000c16:	2402      	movs	r4, #2
10000c18:	e7f2      	b.n	10000c00 <irq_add_tail_to_free_list+0x7c>
10000c1a:	46c0      	nop			@ (mov r8, r8)
10000c1c:	d0000124 	.word	0xd0000124
10000c20:	20000f64 	.word	0x20000f64
10000c24:	0000aaaa 	.word	0x0000aaaa
10000c28:	e000ed00 	.word	0xe000ed00
10000c2c:	20001df5 	.word	0x20001df5
10000c30:	100001c1 	.word	0x100001c1
10000c34:	ffffbd01 	.word	0xffffbd01

10000c38 <lock_init>:
10000c38:	4b02      	ldr	r3, [pc, #8]	@ (10000c44 <lock_init+0xc>)
10000c3a:	469c      	mov	ip, r3
10000c3c:	4461      	add	r1, ip
10000c3e:	0089      	lsls	r1, r1, #2
10000c40:	6001      	str	r1, [r0, #0]
10000c42:	4770      	bx	lr
10000c44:	34000040 	.word	0x34000040

10000c48 <runtime_init_mutex>:
10000c48:	b570      	push	{r4, r5, r6, lr}
10000c4a:	4c11      	ldr	r4, [pc, #68]	@ (10000c90 <runtime_init_mutex+0x48>)
10000c4c:	4d11      	ldr	r5, [pc, #68]	@ (10000c94 <runtime_init_mutex+0x4c>)
10000c4e:	42ac      	cmp	r4, r5
10000c50:	d20f      	bcs.n	10000c72 <runtime_init_mutex+0x2a>
10000c52:	26ff      	movs	r6, #255	@ 0xff
10000c54:	6823      	ldr	r3, [r4, #0]
10000c56:	2b00      	cmp	r3, #0
10000c58:	d00c      	beq.n	10000c74 <runtime_init_mutex+0x2c>
10000c5a:	f7ff fd35 	bl	100006c8 <next_striped_spin_lock_num>
10000c5e:	0001      	movs	r1, r0
10000c60:	0020      	movs	r0, r4
10000c62:	f7ff ffe9 	bl	10000c38 <lock_init>
10000c66:	80a6      	strh	r6, [r4, #4]
10000c68:	f3bf 8f5f 	dmb	sy
10000c6c:	3408      	adds	r4, #8
10000c6e:	42ac      	cmp	r4, r5
10000c70:	d3f0      	bcc.n	10000c54 <runtime_init_mutex+0xc>
10000c72:	bd70      	pop	{r4, r5, r6, pc}
10000c74:	f7ff fd28 	bl	100006c8 <next_striped_spin_lock_num>
10000c78:	0001      	movs	r1, r0
10000c7a:	0020      	movs	r0, r4
10000c7c:	f7ff ffdc 	bl	10000c38 <lock_init>
10000c80:	7126      	strb	r6, [r4, #4]
10000c82:	f3bf 8f5f 	dmb	sy
10000c86:	3408      	adds	r4, #8
10000c88:	42ac      	cmp	r4, r5
10000c8a:	d3e3      	bcc.n	10000c54 <runtime_init_mutex+0xc>
10000c8c:	e7f1      	b.n	10000c72 <runtime_init_mutex+0x2a>
10000c8e:	46c0      	nop			@ (mov r8, r8)
10000c90:	20001028 	.word	0x20001028
10000c94:	20001038 	.word	0x20001038

10000c98 <mutex_init>:
10000c98:	b510      	push	{r4, lr}
10000c9a:	0004      	movs	r4, r0
10000c9c:	f7ff fd14 	bl	100006c8 <next_striped_spin_lock_num>
10000ca0:	0001      	movs	r1, r0
10000ca2:	0020      	movs	r0, r4
10000ca4:	f7ff ffc8 	bl	10000c38 <lock_init>
10000ca8:	23ff      	movs	r3, #255	@ 0xff
10000caa:	7123      	strb	r3, [r4, #4]
10000cac:	f3bf 8f5f 	dmb	sy
10000cb0:	bd10      	pop	{r4, pc}
10000cb2:	46c0      	nop			@ (mov r8, r8)

10000cb4 <critical_section_init>:
10000cb4:	b510      	push	{r4, lr}
10000cb6:	0004      	movs	r4, r0
10000cb8:	2001      	movs	r0, #1
10000cba:	f7ff fd11 	bl	100006e0 <spin_lock_claim_unused>
10000cbe:	4b03      	ldr	r3, [pc, #12]	@ (10000ccc <critical_section_init+0x18>)
10000cc0:	18c3      	adds	r3, r0, r3
10000cc2:	009b      	lsls	r3, r3, #2
10000cc4:	6023      	str	r3, [r4, #0]
10000cc6:	f3bf 8f5f 	dmb	sy
10000cca:	bd10      	pop	{r4, pc}
10000ccc:	34000040 	.word	0x34000040

10000cd0 <sleep_until_callback>:
10000cd0:	4b0a      	ldr	r3, [pc, #40]	@ (10000cfc <sleep_until_callback+0x2c>)
10000cd2:	6819      	ldr	r1, [r3, #0]
10000cd4:	f3ef 8010 	mrs	r0, PRIMASK
10000cd8:	b672      	cpsid	i
10000cda:	680a      	ldr	r2, [r1, #0]
10000cdc:	2a00      	cmp	r2, #0
10000cde:	d0fc      	beq.n	10000cda <sleep_until_callback+0xa>
10000ce0:	f3bf 8f5f 	dmb	sy
10000ce4:	681b      	ldr	r3, [r3, #0]
10000ce6:	f3bf 8f5f 	dmb	sy
10000cea:	2200      	movs	r2, #0
10000cec:	601a      	str	r2, [r3, #0]
10000cee:	f380 8810 	msr	PRIMASK, r0
10000cf2:	bf40      	sev
10000cf4:	2000      	movs	r0, #0
10000cf6:	2100      	movs	r1, #0
10000cf8:	4770      	bx	lr
10000cfa:	46c0      	nop			@ (mov r8, r8)
10000cfc:	20001de0 	.word	0x20001de0

10000d00 <alarm_pool_irq_handler>:
10000d00:	b5f0      	push	{r4, r5, r6, r7, lr}
10000d02:	46de      	mov	lr, fp
10000d04:	4657      	mov	r7, sl
10000d06:	464e      	mov	r6, r9
10000d08:	4645      	mov	r5, r8
10000d0a:	b5e0      	push	{r5, r6, r7, lr}
10000d0c:	b083      	sub	sp, #12
10000d0e:	f3ef 8205 	mrs	r2, IPSR
10000d12:	2303      	movs	r3, #3
10000d14:	4013      	ands	r3, r2
10000d16:	4ab5      	ldr	r2, [pc, #724]	@ (10000fec <alarm_pool_irq_handler+0x2ec>)
10000d18:	0099      	lsls	r1, r3, #2
10000d1a:	5852      	ldr	r2, [r2, r1]
10000d1c:	9100      	str	r1, [sp, #0]
10000d1e:	4690      	mov	r8, r2
10000d20:	2201      	movs	r2, #1
10000d22:	409a      	lsls	r2, r3
10000d24:	4693      	mov	fp, r2
10000d26:	4bb2      	ldr	r3, [pc, #712]	@ (10000ff0 <alarm_pool_irq_handler+0x2f0>)
10000d28:	601a      	str	r2, [r3, #0]
10000d2a:	4bb2      	ldr	r3, [pc, #712]	@ (10000ff4 <alarm_pool_irq_handler+0x2f4>)
10000d2c:	9301      	str	r3, [sp, #4]
10000d2e:	465b      	mov	r3, fp
10000d30:	48b1      	ldr	r0, [pc, #708]	@ (10000ff8 <alarm_pool_irq_handler+0x2f8>)
10000d32:	6343      	str	r3, [r0, #52]	@ 0x34
10000d34:	4643      	mov	r3, r8
10000d36:	2208      	movs	r2, #8
10000d38:	5e9b      	ldrsh	r3, [r3, r2]
10000d3a:	4699      	mov	r9, r3
10000d3c:	2b00      	cmp	r3, #0
10000d3e:	da3a      	bge.n	10000db6 <alarm_pool_irq_handler+0xb6>
10000d40:	4643      	mov	r3, r8
10000d42:	889b      	ldrh	r3, [r3, #4]
10000d44:	b21b      	sxth	r3, r3
10000d46:	2b00      	cmp	r3, #0
10000d48:	db00      	blt.n	10000d4c <alarm_pool_irq_handler+0x4c>
10000d4a:	e09d      	b.n	10000e88 <alarm_pool_irq_handler+0x188>
10000d4c:	4643      	mov	r3, r8
10000d4e:	799b      	ldrb	r3, [r3, #6]
10000d50:	2b00      	cmp	r3, #0
10000d52:	d000      	beq.n	10000d56 <alarm_pool_irq_handler+0x56>
10000d54:	e0e1      	b.n	10000f1a <alarm_pool_irq_handler+0x21a>
10000d56:	4643      	mov	r3, r8
10000d58:	2408      	movs	r4, #8
10000d5a:	5f1c      	ldrsh	r4, [r3, r4]
10000d5c:	2c00      	cmp	r4, #0
10000d5e:	db20      	blt.n	10000da2 <alarm_pool_irq_handler+0xa2>
10000d60:	4643      	mov	r3, r8
10000d62:	695a      	ldr	r2, [r3, #20]
10000d64:	0063      	lsls	r3, r4, #1
10000d66:	191b      	adds	r3, r3, r4
10000d68:	00db      	lsls	r3, r3, #3
10000d6a:	18d3      	adds	r3, r2, r3
10000d6c:	689d      	ldr	r5, [r3, #8]
10000d6e:	68dc      	ldr	r4, [r3, #12]
10000d70:	1c6b      	adds	r3, r5, #1
10000d72:	d100      	bne.n	10000d76 <alarm_pool_irq_handler+0x76>
10000d74:	e103      	b.n	10000f7e <alarm_pool_irq_handler+0x27e>
10000d76:	48a0      	ldr	r0, [pc, #640]	@ (10000ff8 <alarm_pool_irq_handler+0x2f8>)
10000d78:	9900      	ldr	r1, [sp, #0]
10000d7a:	4684      	mov	ip, r0
10000d7c:	4461      	add	r1, ip
10000d7e:	6a82      	ldr	r2, [r0, #40]	@ 0x28
10000d80:	690b      	ldr	r3, [r1, #16]
10000d82:	1aae      	subs	r6, r5, r2
10000d84:	1a9b      	subs	r3, r3, r2
10000d86:	429e      	cmp	r6, r3
10000d88:	d313      	bcc.n	10000db2 <alarm_pool_irq_handler+0xb2>
10000d8a:	465a      	mov	r2, fp
10000d8c:	6a03      	ldr	r3, [r0, #32]
10000d8e:	421a      	tst	r2, r3
10000d90:	d00f      	beq.n	10000db2 <alarm_pool_irq_handler+0xb2>
10000d92:	4899      	ldr	r0, [pc, #612]	@ (10000ff8 <alarm_pool_irq_handler+0x2f8>)
10000d94:	f000 fab8 	bl	10001308 <timer_time_us_64>
10000d98:	428c      	cmp	r4, r1
10000d9a:	dc02      	bgt.n	10000da2 <alarm_pool_irq_handler+0xa2>
10000d9c:	d1c7      	bne.n	10000d2e <alarm_pool_irq_handler+0x2e>
10000d9e:	4285      	cmp	r5, r0
10000da0:	d9c5      	bls.n	10000d2e <alarm_pool_irq_handler+0x2e>
10000da2:	bf40      	sev
10000da4:	b003      	add	sp, #12
10000da6:	bcf0      	pop	{r4, r5, r6, r7}
10000da8:	46bb      	mov	fp, r7
10000daa:	46b2      	mov	sl, r6
10000dac:	46a9      	mov	r9, r5
10000dae:	46a0      	mov	r8, r4
10000db0:	bdf0      	pop	{r4, r5, r6, r7, pc}
10000db2:	610d      	str	r5, [r1, #16]
10000db4:	e7ed      	b.n	10000d92 <alarm_pool_irq_handler+0x92>
10000db6:	4642      	mov	r2, r8
10000db8:	6952      	ldr	r2, [r2, #20]
10000dba:	005b      	lsls	r3, r3, #1
10000dbc:	4692      	mov	sl, r2
10000dbe:	444b      	add	r3, r9
10000dc0:	00db      	lsls	r3, r3, #3
10000dc2:	449a      	add	sl, r3
10000dc4:	4653      	mov	r3, sl
10000dc6:	689e      	ldr	r6, [r3, #8]
10000dc8:	68df      	ldr	r7, [r3, #12]
10000dca:	f000 fa9d 	bl	10001308 <timer_time_us_64>
10000dce:	428f      	cmp	r7, r1
10000dd0:	dcb6      	bgt.n	10000d40 <alarm_pool_irq_handler+0x40>
10000dd2:	d100      	bne.n	10000dd6 <alarm_pool_irq_handler+0xd6>
10000dd4:	e0f8      	b.n	10000fc8 <alarm_pool_irq_handler+0x2c8>
10000dd6:	2f00      	cmp	r7, #0
10000dd8:	da00      	bge.n	10000ddc <alarm_pool_irq_handler+0xdc>
10000dda:	e0d9      	b.n	10000f90 <alarm_pool_irq_handler+0x290>
10000ddc:	4652      	mov	r2, sl
10000dde:	4653      	mov	r3, sl
10000de0:	6954      	ldr	r4, [r2, #20]
10000de2:	691b      	ldr	r3, [r3, #16]
10000de4:	9a01      	ldr	r2, [sp, #4]
10000de6:	4293      	cmp	r3, r2
10000de8:	d100      	bne.n	10000dec <alarm_pool_irq_handler+0xec>
10000dea:	e0cc      	b.n	10000f86 <alarm_pool_irq_handler+0x286>
10000dec:	4641      	mov	r1, r8
10000dee:	4652      	mov	r2, sl
10000df0:	2008      	movs	r0, #8
10000df2:	5e08      	ldrsh	r0, [r1, r0]
10000df4:	8852      	ldrh	r2, [r2, #2]
10000df6:	0400      	lsls	r0, r0, #16
10000df8:	0021      	movs	r1, r4
10000dfa:	4310      	orrs	r0, r2
10000dfc:	4798      	blx	r3
10000dfe:	0004      	movs	r4, r0
10000e00:	000d      	movs	r5, r1
10000e02:	0023      	movs	r3, r4
10000e04:	432b      	orrs	r3, r5
10000e06:	d100      	bne.n	10000e0a <alarm_pool_irq_handler+0x10a>
10000e08:	e0c2      	b.n	10000f90 <alarm_pool_irq_handler+0x290>
10000e0a:	2d00      	cmp	r5, #0
10000e0c:	db00      	blt.n	10000e10 <alarm_pool_irq_handler+0x110>
10000e0e:	e0df      	b.n	10000fd0 <alarm_pool_irq_handler+0x2d0>
10000e10:	0030      	movs	r0, r6
10000e12:	0039      	movs	r1, r7
10000e14:	1b00      	subs	r0, r0, r4
10000e16:	41a9      	sbcs	r1, r5
10000e18:	4653      	mov	r3, sl
10000e1a:	6098      	str	r0, [r3, #8]
10000e1c:	60d9      	str	r1, [r3, #12]
10000e1e:	2200      	movs	r2, #0
10000e20:	5e9a      	ldrsh	r2, [r3, r2]
10000e22:	2a00      	cmp	r2, #0
10000e24:	da00      	bge.n	10000e28 <alarm_pool_irq_handler+0x128>
10000e26:	e78b      	b.n	10000d40 <alarm_pool_irq_handler+0x40>
10000e28:	4643      	mov	r3, r8
10000e2a:	695d      	ldr	r5, [r3, #20]
10000e2c:	0053      	lsls	r3, r2, #1
10000e2e:	189c      	adds	r4, r3, r2
10000e30:	00e4      	lsls	r4, r4, #3
10000e32:	192c      	adds	r4, r5, r4
10000e34:	68a7      	ldr	r7, [r4, #8]
10000e36:	68e4      	ldr	r4, [r4, #12]
10000e38:	428c      	cmp	r4, r1
10000e3a:	dd00      	ble.n	10000e3e <alarm_pool_irq_handler+0x13e>
10000e3c:	e780      	b.n	10000d40 <alarm_pool_irq_handler+0x40>
10000e3e:	d102      	bne.n	10000e46 <alarm_pool_irq_handler+0x146>
10000e40:	4287      	cmp	r7, r0
10000e42:	d900      	bls.n	10000e46 <alarm_pool_irq_handler+0x146>
10000e44:	e77c      	b.n	10000d40 <alarm_pool_irq_handler+0x40>
10000e46:	4646      	mov	r6, r8
10000e48:	8132      	strh	r2, [r6, #8]
10000e4a:	3608      	adds	r6, #8
10000e4c:	e00d      	b.n	10000e6a <alarm_pool_irq_handler+0x16a>
10000e4e:	428c      	cmp	r4, r1
10000e50:	d100      	bne.n	10000e54 <alarm_pool_irq_handler+0x154>
10000e52:	e0c6      	b.n	10000fe2 <alarm_pool_irq_handler+0x2e2>
10000e54:	001e      	movs	r6, r3
10000e56:	2300      	movs	r3, #0
10000e58:	5ef2      	ldrsh	r2, [r6, r3]
10000e5a:	2a00      	cmp	r2, #0
10000e5c:	db0a      	blt.n	10000e74 <alarm_pool_irq_handler+0x174>
10000e5e:	0053      	lsls	r3, r2, #1
10000e60:	189c      	adds	r4, r3, r2
10000e62:	00e4      	lsls	r4, r4, #3
10000e64:	192c      	adds	r4, r5, r4
10000e66:	68a7      	ldr	r7, [r4, #8]
10000e68:	68e4      	ldr	r4, [r4, #12]
10000e6a:	189b      	adds	r3, r3, r2
10000e6c:	00db      	lsls	r3, r3, #3
10000e6e:	18eb      	adds	r3, r5, r3
10000e70:	428c      	cmp	r4, r1
10000e72:	ddec      	ble.n	10000e4e <alarm_pool_irq_handler+0x14e>
10000e74:	4653      	mov	r3, sl
10000e76:	801a      	strh	r2, [r3, #0]
10000e78:	464b      	mov	r3, r9
10000e7a:	8033      	strh	r3, [r6, #0]
10000e7c:	4643      	mov	r3, r8
10000e7e:	889b      	ldrh	r3, [r3, #4]
10000e80:	b21b      	sxth	r3, r3
10000e82:	2b00      	cmp	r3, #0
10000e84:	da00      	bge.n	10000e88 <alarm_pool_irq_handler+0x188>
10000e86:	e761      	b.n	10000d4c <alarm_pool_irq_handler+0x4c>
10000e88:	4643      	mov	r3, r8
10000e8a:	691a      	ldr	r2, [r3, #16]
10000e8c:	f3ef 8110 	mrs	r1, PRIMASK
10000e90:	b672      	cpsid	i
10000e92:	6813      	ldr	r3, [r2, #0]
10000e94:	2b00      	cmp	r3, #0
10000e96:	d0fc      	beq.n	10000e92 <alarm_pool_irq_handler+0x192>
10000e98:	f3bf 8f5f 	dmb	sy
10000e9c:	4643      	mov	r3, r8
10000e9e:	889e      	ldrh	r6, [r3, #4]
10000ea0:	2301      	movs	r3, #1
10000ea2:	4642      	mov	r2, r8
10000ea4:	425b      	negs	r3, r3
10000ea6:	8093      	strh	r3, [r2, #4]
10000ea8:	b236      	sxth	r6, r6
10000eaa:	6913      	ldr	r3, [r2, #16]
10000eac:	f3bf 8f5f 	dmb	sy
10000eb0:	2200      	movs	r2, #0
10000eb2:	601a      	str	r2, [r3, #0]
10000eb4:	f381 8810 	msr	PRIMASK, r1
10000eb8:	2e00      	cmp	r6, #0
10000eba:	da00      	bge.n	10000ebe <alarm_pool_irq_handler+0x1be>
10000ebc:	e746      	b.n	10000d4c <alarm_pool_irq_handler+0x4c>
10000ebe:	4643      	mov	r3, r8
10000ec0:	695d      	ldr	r5, [r3, #20]
10000ec2:	3308      	adds	r3, #8
10000ec4:	4642      	mov	r2, r8
10000ec6:	469c      	mov	ip, r3
10000ec8:	0077      	lsls	r7, r6, #1
10000eca:	19bf      	adds	r7, r7, r6
10000ecc:	00ff      	lsls	r7, r7, #3
10000ece:	19ef      	adds	r7, r5, r7
10000ed0:	68bb      	ldr	r3, [r7, #8]
10000ed2:	4660      	mov	r0, ip
10000ed4:	4698      	mov	r8, r3
10000ed6:	2308      	movs	r3, #8
10000ed8:	5ed1      	ldrsh	r1, [r2, r3]
10000eda:	4692      	mov	sl, r2
10000edc:	68fc      	ldr	r4, [r7, #12]
10000ede:	2900      	cmp	r1, #0
10000ee0:	da07      	bge.n	10000ef2 <alarm_pool_irq_handler+0x1f2>
10000ee2:	e00e      	b.n	10000f02 <alarm_pool_irq_handler+0x202>
10000ee4:	42a2      	cmp	r2, r4
10000ee6:	d046      	beq.n	10000f76 <alarm_pool_irq_handler+0x276>
10000ee8:	0018      	movs	r0, r3
10000eea:	2300      	movs	r3, #0
10000eec:	5ec1      	ldrsh	r1, [r0, r3]
10000eee:	2900      	cmp	r1, #0
10000ef0:	db06      	blt.n	10000f00 <alarm_pool_irq_handler+0x200>
10000ef2:	004b      	lsls	r3, r1, #1
10000ef4:	185b      	adds	r3, r3, r1
10000ef6:	00db      	lsls	r3, r3, #3
10000ef8:	18eb      	adds	r3, r5, r3
10000efa:	68da      	ldr	r2, [r3, #12]
10000efc:	42a2      	cmp	r2, r4
10000efe:	ddf1      	ble.n	10000ee4 <alarm_pool_irq_handler+0x1e4>
10000f00:	4652      	mov	r2, sl
10000f02:	8006      	strh	r6, [r0, #0]
10000f04:	2300      	movs	r3, #0
10000f06:	5efe      	ldrsh	r6, [r7, r3]
10000f08:	8039      	strh	r1, [r7, #0]
10000f0a:	2e00      	cmp	r6, #0
10000f0c:	dadc      	bge.n	10000ec8 <alarm_pool_irq_handler+0x1c8>
10000f0e:	4690      	mov	r8, r2
10000f10:	4643      	mov	r3, r8
10000f12:	799b      	ldrb	r3, [r3, #6]
10000f14:	2b00      	cmp	r3, #0
10000f16:	d100      	bne.n	10000f1a <alarm_pool_irq_handler+0x21a>
10000f18:	e71d      	b.n	10000d56 <alarm_pool_irq_handler+0x56>
10000f1a:	2300      	movs	r3, #0
10000f1c:	4642      	mov	r2, r8
10000f1e:	7193      	strb	r3, [r2, #6]
10000f20:	4643      	mov	r3, r8
10000f22:	4646      	mov	r6, r8
10000f24:	2108      	movs	r1, #8
10000f26:	5e59      	ldrsh	r1, [r3, r1]
10000f28:	3608      	adds	r6, #8
10000f2a:	1c4b      	adds	r3, r1, #1
10000f2c:	d100      	bne.n	10000f30 <alarm_pool_irq_handler+0x230>
10000f2e:	e738      	b.n	10000da2 <alarm_pool_irq_handler+0xa2>
10000f30:	4647      	mov	r7, r8
10000f32:	4689      	mov	r9, r1
10000f34:	6955      	ldr	r5, [r2, #20]
10000f36:	e002      	b.n	10000f3e <alarm_pool_irq_handler+0x23e>
10000f38:	0006      	movs	r6, r0
10000f3a:	1c4b      	adds	r3, r1, #1
10000f3c:	d018      	beq.n	10000f70 <alarm_pool_irq_handler+0x270>
10000f3e:	004b      	lsls	r3, r1, #1
10000f40:	185b      	adds	r3, r3, r1
10000f42:	00db      	lsls	r3, r3, #3
10000f44:	18e8      	adds	r0, r5, r3
10000f46:	000a      	movs	r2, r1
10000f48:	468c      	mov	ip, r1
10000f4a:	5ee9      	ldrsh	r1, [r5, r3]
10000f4c:	8843      	ldrh	r3, [r0, #2]
10000f4e:	b21b      	sxth	r3, r3
10000f50:	2b00      	cmp	r3, #0
10000f52:	daf1      	bge.n	10000f38 <alarm_pool_irq_handler+0x238>
10000f54:	2301      	movs	r3, #1
10000f56:	425b      	negs	r3, r3
10000f58:	17dc      	asrs	r4, r3, #31
10000f5a:	6083      	str	r3, [r0, #8]
10000f5c:	60c4      	str	r4, [r0, #12]
10000f5e:	454a      	cmp	r2, r9
10000f60:	d003      	beq.n	10000f6a <alarm_pool_irq_handler+0x26a>
10000f62:	8031      	strh	r1, [r6, #0]
10000f64:	893b      	ldrh	r3, [r7, #8]
10000f66:	8003      	strh	r3, [r0, #0]
10000f68:	813a      	strh	r2, [r7, #8]
10000f6a:	46e1      	mov	r9, ip
10000f6c:	1c4b      	adds	r3, r1, #1
10000f6e:	d1e6      	bne.n	10000f3e <alarm_pool_irq_handler+0x23e>
10000f70:	46b8      	mov	r8, r7
10000f72:	464c      	mov	r4, r9
10000f74:	e6f2      	b.n	10000d5c <alarm_pool_irq_handler+0x5c>
10000f76:	689a      	ldr	r2, [r3, #8]
10000f78:	4542      	cmp	r2, r8
10000f7a:	d9b5      	bls.n	10000ee8 <alarm_pool_irq_handler+0x1e8>
10000f7c:	e7c0      	b.n	10000f00 <alarm_pool_irq_handler+0x200>
10000f7e:	1c63      	adds	r3, r4, #1
10000f80:	d000      	beq.n	10000f84 <alarm_pool_irq_handler+0x284>
10000f82:	e6f8      	b.n	10000d76 <alarm_pool_irq_handler+0x76>
10000f84:	e705      	b.n	10000d92 <alarm_pool_irq_handler+0x92>
10000f86:	0020      	movs	r0, r4
10000f88:	6923      	ldr	r3, [r4, #16]
10000f8a:	4798      	blx	r3
10000f8c:	2800      	cmp	r0, #0
10000f8e:	d125      	bne.n	10000fdc <alarm_pool_irq_handler+0x2dc>
10000f90:	4653      	mov	r3, sl
10000f92:	4642      	mov	r2, r8
10000f94:	881b      	ldrh	r3, [r3, #0]
10000f96:	8113      	strh	r3, [r2, #8]
10000f98:	6912      	ldr	r2, [r2, #16]
10000f9a:	f3ef 8310 	mrs	r3, PRIMASK
10000f9e:	b672      	cpsid	i
10000fa0:	6811      	ldr	r1, [r2, #0]
10000fa2:	2900      	cmp	r1, #0
10000fa4:	d0fc      	beq.n	10000fa0 <alarm_pool_irq_handler+0x2a0>
10000fa6:	f3bf 8f5f 	dmb	sy
10000faa:	4642      	mov	r2, r8
10000fac:	4651      	mov	r1, sl
10000fae:	8852      	ldrh	r2, [r2, #2]
10000fb0:	800a      	strh	r2, [r1, #0]
10000fb2:	4642      	mov	r2, r8
10000fb4:	4649      	mov	r1, r9
10000fb6:	8051      	strh	r1, [r2, #2]
10000fb8:	6912      	ldr	r2, [r2, #16]
10000fba:	f3bf 8f5f 	dmb	sy
10000fbe:	2100      	movs	r1, #0
10000fc0:	6011      	str	r1, [r2, #0]
10000fc2:	f383 8810 	msr	PRIMASK, r3
10000fc6:	e6bb      	b.n	10000d40 <alarm_pool_irq_handler+0x40>
10000fc8:	4286      	cmp	r6, r0
10000fca:	d800      	bhi.n	10000fce <alarm_pool_irq_handler+0x2ce>
10000fcc:	e703      	b.n	10000dd6 <alarm_pool_irq_handler+0xd6>
10000fce:	e6b7      	b.n	10000d40 <alarm_pool_irq_handler+0x40>
10000fd0:	4809      	ldr	r0, [pc, #36]	@ (10000ff8 <alarm_pool_irq_handler+0x2f8>)
10000fd2:	f000 f999 	bl	10001308 <timer_time_us_64>
10000fd6:	1900      	adds	r0, r0, r4
10000fd8:	4169      	adcs	r1, r5
10000fda:	e71d      	b.n	10000e18 <alarm_pool_irq_handler+0x118>
10000fdc:	6865      	ldr	r5, [r4, #4]
10000fde:	6824      	ldr	r4, [r4, #0]
10000fe0:	e70f      	b.n	10000e02 <alarm_pool_irq_handler+0x102>
10000fe2:	4287      	cmp	r7, r0
10000fe4:	d800      	bhi.n	10000fe8 <alarm_pool_irq_handler+0x2e8>
10000fe6:	e735      	b.n	10000e54 <alarm_pool_irq_handler+0x154>
10000fe8:	e744      	b.n	10000e74 <alarm_pool_irq_handler+0x174>
10000fea:	46c0      	nop			@ (mov r8, r8)
10000fec:	20001dc4 	.word	0x20001dc4
10000ff0:	4005703c 	.word	0x4005703c
10000ff4:	10000d01 	.word	0x10000d01
10000ff8:	40054000 	.word	0x40054000

10000ffc <runtime_init_default_alarm_pool>:
10000ffc:	b570      	push	{r4, r5, r6, lr}
10000ffe:	4c2e      	ldr	r4, [pc, #184]	@ (100010b8 <runtime_init_default_alarm_pool+0xbc>)
10001000:	6925      	ldr	r5, [r4, #16]
10001002:	2d00      	cmp	r5, #0
10001004:	d004      	beq.n	10001010 <runtime_init_default_alarm_pool+0x14>
10001006:	210a      	movs	r1, #10
10001008:	482c      	ldr	r0, [pc, #176]	@ (100010bc <runtime_init_default_alarm_pool+0xc0>)
1000100a:	f7ff fe15 	bl	10000c38 <lock_init>
1000100e:	bd70      	pop	{r4, r5, r6, pc}
10001010:	4e2b      	ldr	r6, [pc, #172]	@ (100010c0 <runtime_init_default_alarm_pool+0xc4>)
10001012:	2103      	movs	r1, #3
10001014:	0030      	movs	r0, r6
10001016:	f000 f96d 	bl	100012f4 <timer_hardware_alarm_claim>
1000101a:	60e6      	str	r6, [r4, #12]
1000101c:	f7ff fb54 	bl	100006c8 <next_striped_spin_lock_num>
10001020:	4b28      	ldr	r3, [pc, #160]	@ (100010c4 <runtime_init_default_alarm_pool+0xc8>)
10001022:	2203      	movs	r2, #3
10001024:	469c      	mov	ip, r3
10001026:	23d0      	movs	r3, #208	@ 0xd0
10001028:	7022      	strb	r2, [r4, #0]
1000102a:	061b      	lsls	r3, r3, #24
1000102c:	681b      	ldr	r3, [r3, #0]
1000102e:	2101      	movs	r1, #1
10001030:	7063      	strb	r3, [r4, #1]
10001032:	4b25      	ldr	r3, [pc, #148]	@ (100010c8 <runtime_init_default_alarm_pool+0xcc>)
10001034:	4460      	add	r0, ip
10001036:	60a3      	str	r3, [r4, #8]
10001038:	230f      	movs	r3, #15
1000103a:	0080      	lsls	r0, r0, #2
1000103c:	6120      	str	r0, [r4, #16]
1000103e:	2002      	movs	r0, #2
10001040:	8063      	strh	r3, [r4, #2]
10001042:	6963      	ldr	r3, [r4, #20]
10001044:	4249      	negs	r1, r1
10001046:	80a1      	strh	r1, [r4, #4]
10001048:	8019      	strh	r1, [r3, #0]
1000104a:	3102      	adds	r1, #2
1000104c:	8619      	strh	r1, [r3, #48]	@ 0x30
1000104e:	3147      	adds	r1, #71	@ 0x47
10001050:	831d      	strh	r5, [r3, #24]
10001052:	5258      	strh	r0, [r3, r1]
10001054:	3118      	adds	r1, #24
10001056:	525a      	strh	r2, [r3, r1]
10001058:	3275      	adds	r2, #117	@ 0x75
1000105a:	395c      	subs	r1, #92	@ 0x5c
1000105c:	5299      	strh	r1, [r3, r2]
1000105e:	3218      	adds	r2, #24
10001060:	3101      	adds	r1, #1
10001062:	5299      	strh	r1, [r3, r2]
10001064:	3218      	adds	r2, #24
10001066:	3101      	adds	r1, #1
10001068:	5299      	strh	r1, [r3, r2]
1000106a:	3218      	adds	r2, #24
1000106c:	3101      	adds	r1, #1
1000106e:	5299      	strh	r1, [r3, r2]
10001070:	3508      	adds	r5, #8
10001072:	3218      	adds	r2, #24
10001074:	529d      	strh	r5, [r3, r2]
10001076:	3102      	adds	r1, #2
10001078:	3218      	adds	r2, #24
1000107a:	5299      	strh	r1, [r3, r2]
1000107c:	3218      	adds	r2, #24
1000107e:	3101      	adds	r1, #1
10001080:	5299      	strh	r1, [r3, r2]
10001082:	3218      	adds	r2, #24
10001084:	3101      	adds	r1, #1
10001086:	5299      	strh	r1, [r3, r2]
10001088:	3218      	adds	r2, #24
1000108a:	3101      	adds	r1, #1
1000108c:	5299      	strh	r1, [r3, r2]
1000108e:	3218      	adds	r2, #24
10001090:	3101      	adds	r1, #1
10001092:	5299      	strh	r1, [r3, r2]
10001094:	3218      	adds	r2, #24
10001096:	3101      	adds	r1, #1
10001098:	5299      	strh	r1, [r3, r2]
1000109a:	4b0c      	ldr	r3, [pc, #48]	@ (100010cc <runtime_init_default_alarm_pool+0xd0>)
1000109c:	490c      	ldr	r1, [pc, #48]	@ (100010d0 <runtime_init_default_alarm_pool+0xd4>)
1000109e:	60dc      	str	r4, [r3, #12]
100010a0:	3001      	adds	r0, #1
100010a2:	6235      	str	r5, [r6, #32]
100010a4:	f7ff fb60 	bl	10000768 <irq_set_exclusive_handler>
100010a8:	2101      	movs	r1, #1
100010aa:	2003      	movs	r0, #3
100010ac:	f7ff fb4a 	bl	10000744 <irq_set_enabled>
100010b0:	4b08      	ldr	r3, [pc, #32]	@ (100010d4 <runtime_init_default_alarm_pool+0xd8>)
100010b2:	601d      	str	r5, [r3, #0]
100010b4:	e7a7      	b.n	10001006 <runtime_init_default_alarm_pool+0xa>
100010b6:	46c0      	nop			@ (mov r8, r8)
100010b8:	20000fac 	.word	0x20000fac
100010bc:	20001de0 	.word	0x20001de0
100010c0:	40054000 	.word	0x40054000
100010c4:	34000040 	.word	0x34000040
100010c8:	0010ffff 	.word	0x0010ffff
100010cc:	20001dc4 	.word	0x20001dc4
100010d0:	10000d01 	.word	0x10000d01
100010d4:	40056038 	.word	0x40056038

100010d8 <alarm_pool_add_alarm_at_force_in_context>:
100010d8:	b570      	push	{r4, r5, r6, lr}
100010da:	0001      	movs	r1, r0
100010dc:	6904      	ldr	r4, [r0, #16]
100010de:	f3ef 8c10 	mrs	ip, PRIMASK
100010e2:	b672      	cpsid	i
100010e4:	6820      	ldr	r0, [r4, #0]
100010e6:	2800      	cmp	r0, #0
100010e8:	d0fc      	beq.n	100010e4 <alarm_pool_add_alarm_at_force_in_context+0xc>
100010ea:	f3bf 8f5f 	dmb	sy
100010ee:	2002      	movs	r0, #2
100010f0:	5e0d      	ldrsh	r5, [r1, r0]
100010f2:	694c      	ldr	r4, [r1, #20]
100010f4:	0068      	lsls	r0, r5, #1
100010f6:	1940      	adds	r0, r0, r5
100010f8:	00c0      	lsls	r0, r0, #3
100010fa:	1824      	adds	r4, r4, r0
100010fc:	2d00      	cmp	r5, #0
100010fe:	db37      	blt.n	10001170 <alarm_pool_add_alarm_at_force_in_context+0x98>
10001100:	8820      	ldrh	r0, [r4, #0]
10001102:	8048      	strh	r0, [r1, #2]
10001104:	6908      	ldr	r0, [r1, #16]
10001106:	f3bf 8f5f 	dmb	sy
1000110a:	2600      	movs	r6, #0
1000110c:	6006      	str	r6, [r0, #0]
1000110e:	f38c 8810 	msr	PRIMASK, ip
10001112:	60e3      	str	r3, [r4, #12]
10001114:	8863      	ldrh	r3, [r4, #2]
10001116:	9804      	ldr	r0, [sp, #16]
10001118:	3301      	adds	r3, #1
1000111a:	6120      	str	r0, [r4, #16]
1000111c:	045b      	lsls	r3, r3, #17
1000111e:	9805      	ldr	r0, [sp, #20]
10001120:	0c5b      	lsrs	r3, r3, #17
10001122:	60a2      	str	r2, [r4, #8]
10001124:	6160      	str	r0, [r4, #20]
10001126:	1c1a      	adds	r2, r3, #0
10001128:	2b00      	cmp	r3, #0
1000112a:	d01f      	beq.n	1000116c <alarm_pool_add_alarm_at_force_in_context+0x94>
1000112c:	b293      	uxth	r3, r2
1000112e:	0428      	lsls	r0, r5, #16
10001130:	8062      	strh	r2, [r4, #2]
10001132:	4318      	orrs	r0, r3
10001134:	690a      	ldr	r2, [r1, #16]
10001136:	f3ef 8c10 	mrs	ip, PRIMASK
1000113a:	b672      	cpsid	i
1000113c:	6813      	ldr	r3, [r2, #0]
1000113e:	2b00      	cmp	r3, #0
10001140:	d0fc      	beq.n	1000113c <alarm_pool_add_alarm_at_force_in_context+0x64>
10001142:	f3bf 8f5f 	dmb	sy
10001146:	888b      	ldrh	r3, [r1, #4]
10001148:	8023      	strh	r3, [r4, #0]
1000114a:	808d      	strh	r5, [r1, #4]
1000114c:	690b      	ldr	r3, [r1, #16]
1000114e:	f3bf 8f5f 	dmb	sy
10001152:	2200      	movs	r2, #0
10001154:	601a      	str	r2, [r3, #0]
10001156:	f38c 8810 	msr	PRIMASK, ip
1000115a:	780b      	ldrb	r3, [r1, #0]
1000115c:	3201      	adds	r2, #1
1000115e:	409a      	lsls	r2, r3
10001160:	68cb      	ldr	r3, [r1, #12]
10001162:	4908      	ldr	r1, [pc, #32]	@ (10001184 <alarm_pool_add_alarm_at_force_in_context+0xac>)
10001164:	468c      	mov	ip, r1
10001166:	4463      	add	r3, ip
10001168:	601a      	str	r2, [r3, #0]
1000116a:	bd70      	pop	{r4, r5, r6, pc}
1000116c:	2201      	movs	r2, #1
1000116e:	e7dd      	b.n	1000112c <alarm_pool_add_alarm_at_force_in_context+0x54>
10001170:	690b      	ldr	r3, [r1, #16]
10001172:	f3bf 8f5f 	dmb	sy
10001176:	2200      	movs	r2, #0
10001178:	601a      	str	r2, [r3, #0]
1000117a:	f38c 8810 	msr	PRIMASK, ip
1000117e:	2001      	movs	r0, #1
10001180:	4240      	negs	r0, r0
10001182:	e7f2      	b.n	1000116a <alarm_pool_add_alarm_at_force_in_context+0x92>
10001184:	0000203c 	.word	0x0000203c

10001188 <alarm_pool_cancel_alarm>:
10001188:	b510      	push	{r4, lr}
1000118a:	8943      	ldrh	r3, [r0, #10]
1000118c:	140a      	asrs	r2, r1, #16
1000118e:	4293      	cmp	r3, r2
10001190:	dd1a      	ble.n	100011c8 <alarm_pool_cancel_alarm+0x40>
10001192:	0053      	lsls	r3, r2, #1
10001194:	189b      	adds	r3, r3, r2
10001196:	6942      	ldr	r2, [r0, #20]
10001198:	00db      	lsls	r3, r3, #3
1000119a:	18d3      	adds	r3, r2, r3
1000119c:	6904      	ldr	r4, [r0, #16]
1000119e:	f3ef 8c10 	mrs	ip, PRIMASK
100011a2:	b672      	cpsid	i
100011a4:	6822      	ldr	r2, [r4, #0]
100011a6:	2a00      	cmp	r2, #0
100011a8:	d0fc      	beq.n	100011a4 <alarm_pool_cancel_alarm+0x1c>
100011aa:	f3bf 8f5f 	dmb	sy
100011ae:	885a      	ldrh	r2, [r3, #2]
100011b0:	0409      	lsls	r1, r1, #16
100011b2:	b294      	uxth	r4, r2
100011b4:	0c09      	lsrs	r1, r1, #16
100011b6:	428a      	cmp	r2, r1
100011b8:	d008      	beq.n	100011cc <alarm_pool_cancel_alarm+0x44>
100011ba:	6903      	ldr	r3, [r0, #16]
100011bc:	f3bf 8f5f 	dmb	sy
100011c0:	2200      	movs	r2, #0
100011c2:	601a      	str	r2, [r3, #0]
100011c4:	f38c 8810 	msr	PRIMASK, ip
100011c8:	2000      	movs	r0, #0
100011ca:	bd10      	pop	{r4, pc}
100011cc:	2280      	movs	r2, #128	@ 0x80
100011ce:	0212      	lsls	r2, r2, #8
100011d0:	4314      	orrs	r4, r2
100011d2:	805c      	strh	r4, [r3, #2]
100011d4:	2301      	movs	r3, #1
100011d6:	6902      	ldr	r2, [r0, #16]
100011d8:	7183      	strb	r3, [r0, #6]
100011da:	f3bf 8f5f 	dmb	sy
100011de:	2100      	movs	r1, #0
100011e0:	6011      	str	r1, [r2, #0]
100011e2:	f38c 8810 	msr	PRIMASK, ip
100011e6:	4904      	ldr	r1, [pc, #16]	@ (100011f8 <alarm_pool_cancel_alarm+0x70>)
100011e8:	7802      	ldrb	r2, [r0, #0]
100011ea:	468c      	mov	ip, r1
100011ec:	4093      	lsls	r3, r2
100011ee:	68c2      	ldr	r2, [r0, #12]
100011f0:	2001      	movs	r0, #1
100011f2:	4462      	add	r2, ip
100011f4:	6013      	str	r3, [r2, #0]
100011f6:	e7e8      	b.n	100011ca <alarm_pool_cancel_alarm+0x42>
100011f8:	0000203c 	.word	0x0000203c

100011fc <best_effort_wfe_or_timeout>:
100011fc:	b5f0      	push	{r4, r5, r6, r7, lr}
100011fe:	46d6      	mov	lr, sl
10001200:	464f      	mov	r7, r9
10001202:	4646      	mov	r6, r8
10001204:	b5c0      	push	{r6, r7, lr}
10001206:	0004      	movs	r4, r0
10001208:	000d      	movs	r5, r1
1000120a:	b082      	sub	sp, #8
1000120c:	f3ef 8705 	mrs	r7, IPSR
10001210:	4689      	mov	r9, r1
10001212:	2f00      	cmp	r7, #0
10001214:	d00e      	beq.n	10001234 <best_effort_wfe_or_timeout+0x38>
10001216:	4934      	ldr	r1, [pc, #208]	@ (100012e8 <best_effort_wfe_or_timeout+0xec>)
10001218:	2000      	movs	r0, #0
1000121a:	6a4b      	ldr	r3, [r1, #36]	@ 0x24
1000121c:	42ab      	cmp	r3, r5
1000121e:	d303      	bcc.n	10001228 <best_effort_wfe_or_timeout+0x2c>
10001220:	6a8a      	ldr	r2, [r1, #40]	@ 0x28
10001222:	3001      	adds	r0, #1
10001224:	42a2      	cmp	r2, r4
10001226:	d326      	bcc.n	10001276 <best_effort_wfe_or_timeout+0x7a>
10001228:	b002      	add	sp, #8
1000122a:	bce0      	pop	{r5, r6, r7}
1000122c:	46ba      	mov	sl, r7
1000122e:	46b1      	mov	r9, r6
10001230:	46a8      	mov	r8, r5
10001232:	bdf0      	pop	{r4, r5, r6, r7, pc}
10001234:	4b2d      	ldr	r3, [pc, #180]	@ (100012ec <best_effort_wfe_or_timeout+0xf0>)
10001236:	4698      	mov	r8, r3
10001238:	68db      	ldr	r3, [r3, #12]
1000123a:	469a      	mov	sl, r3
1000123c:	4643      	mov	r3, r8
1000123e:	4650      	mov	r0, sl
10001240:	781e      	ldrb	r6, [r3, #0]
10001242:	f000 f861 	bl	10001308 <timer_time_us_64>
10001246:	000b      	movs	r3, r1
10001248:	4651      	mov	r1, sl
1000124a:	0002      	movs	r2, r0
1000124c:	3604      	adds	r6, #4
1000124e:	00b6      	lsls	r6, r6, #2
10001250:	5871      	ldr	r1, [r6, r1]
10001252:	0020      	movs	r0, r4
10001254:	1a8e      	subs	r6, r1, r2
10001256:	0029      	movs	r1, r5
10001258:	1a80      	subs	r0, r0, r2
1000125a:	4199      	sbcs	r1, r3
1000125c:	428f      	cmp	r7, r1
1000125e:	dc11      	bgt.n	10001284 <best_effort_wfe_or_timeout+0x88>
10001260:	d00e      	beq.n	10001280 <best_effort_wfe_or_timeout+0x84>
10001262:	bf20      	wfe
10001264:	4a20      	ldr	r2, [pc, #128]	@ (100012e8 <best_effort_wfe_or_timeout+0xec>)
10001266:	2000      	movs	r0, #0
10001268:	6a53      	ldr	r3, [r2, #36]	@ 0x24
1000126a:	454b      	cmp	r3, r9
1000126c:	d3dc      	bcc.n	10001228 <best_effort_wfe_or_timeout+0x2c>
1000126e:	6a92      	ldr	r2, [r2, #40]	@ 0x28
10001270:	3001      	adds	r0, #1
10001272:	42a2      	cmp	r2, r4
10001274:	d2d8      	bcs.n	10001228 <best_effort_wfe_or_timeout+0x2c>
10001276:	1b5b      	subs	r3, r3, r5
10001278:	1e5a      	subs	r2, r3, #1
1000127a:	4193      	sbcs	r3, r2
1000127c:	b2d8      	uxtb	r0, r3
1000127e:	e7d3      	b.n	10001228 <best_effort_wfe_or_timeout+0x2c>
10001280:	4286      	cmp	r6, r0
10001282:	d9ee      	bls.n	10001262 <best_effort_wfe_or_timeout+0x66>
10001284:	f000 f848 	bl	10001318 <time_us_64>
10001288:	0022      	movs	r2, r4
1000128a:	002b      	movs	r3, r5
1000128c:	1a12      	subs	r2, r2, r0
1000128e:	418b      	sbcs	r3, r1
10001290:	2b00      	cmp	r3, #0
10001292:	db1a      	blt.n	100012ca <best_effort_wfe_or_timeout+0xce>
10001294:	2300      	movs	r3, #0
10001296:	9301      	str	r3, [sp, #4]
10001298:	4b15      	ldr	r3, [pc, #84]	@ (100012f0 <best_effort_wfe_or_timeout+0xf4>)
1000129a:	0022      	movs	r2, r4
1000129c:	9300      	str	r3, [sp, #0]
1000129e:	4640      	mov	r0, r8
100012a0:	002b      	movs	r3, r5
100012a2:	f7ff ff19 	bl	100010d8 <alarm_pool_add_alarm_at_force_in_context>
100012a6:	1e01      	subs	r1, r0, #0
100012a8:	dd0f      	ble.n	100012ca <best_effort_wfe_or_timeout+0xce>
100012aa:	4b0f      	ldr	r3, [pc, #60]	@ (100012e8 <best_effort_wfe_or_timeout+0xec>)
100012ac:	6a5a      	ldr	r2, [r3, #36]	@ 0x24
100012ae:	454a      	cmp	r2, r9
100012b0:	d317      	bcc.n	100012e2 <best_effort_wfe_or_timeout+0xe6>
100012b2:	6a9b      	ldr	r3, [r3, #40]	@ 0x28
100012b4:	42a3      	cmp	r3, r4
100012b6:	d312      	bcc.n	100012de <best_effort_wfe_or_timeout+0xe2>
100012b8:	4640      	mov	r0, r8
100012ba:	f7ff ff65 	bl	10001188 <alarm_pool_cancel_alarm>
100012be:	4a0a      	ldr	r2, [pc, #40]	@ (100012e8 <best_effort_wfe_or_timeout+0xec>)
100012c0:	2000      	movs	r0, #0
100012c2:	6a53      	ldr	r3, [r2, #36]	@ 0x24
100012c4:	454b      	cmp	r3, r9
100012c6:	d3af      	bcc.n	10001228 <best_effort_wfe_or_timeout+0x2c>
100012c8:	e7d1      	b.n	1000126e <best_effort_wfe_or_timeout+0x72>
100012ca:	4a07      	ldr	r2, [pc, #28]	@ (100012e8 <best_effort_wfe_or_timeout+0xec>)
100012cc:	2000      	movs	r0, #0
100012ce:	6a53      	ldr	r3, [r2, #36]	@ 0x24
100012d0:	454b      	cmp	r3, r9
100012d2:	d3a9      	bcc.n	10001228 <best_effort_wfe_or_timeout+0x2c>
100012d4:	6a92      	ldr	r2, [r2, #40]	@ 0x28
100012d6:	2001      	movs	r0, #1
100012d8:	42a2      	cmp	r2, r4
100012da:	d2a5      	bcs.n	10001228 <best_effort_wfe_or_timeout+0x2c>
100012dc:	e7cb      	b.n	10001276 <best_effort_wfe_or_timeout+0x7a>
100012de:	454a      	cmp	r2, r9
100012e0:	d1ea      	bne.n	100012b8 <best_effort_wfe_or_timeout+0xbc>
100012e2:	bf20      	wfe
100012e4:	e7e8      	b.n	100012b8 <best_effort_wfe_or_timeout+0xbc>
100012e6:	46c0      	nop			@ (mov r8, r8)
100012e8:	40054000 	.word	0x40054000
100012ec:	20000fac 	.word	0x20000fac
100012f0:	10000cd1 	.word	0x10000cd1

100012f4 <timer_hardware_alarm_claim>:
100012f4:	b510      	push	{r4, lr}
100012f6:	4a02      	ldr	r2, [pc, #8]	@ (10001300 <timer_hardware_alarm_claim+0xc>)
100012f8:	4802      	ldr	r0, [pc, #8]	@ (10001304 <timer_hardware_alarm_claim+0x10>)
100012fa:	f7ff f975 	bl	100005e8 <hw_claim_or_assert>
100012fe:	bd10      	pop	{r4, pc}
10001300:	10004058 	.word	0x10004058
10001304:	20001984 	.word	0x20001984

10001308 <timer_time_us_64>:
10001308:	0003      	movs	r3, r0
1000130a:	6a41      	ldr	r1, [r0, #36]	@ 0x24
1000130c:	000a      	movs	r2, r1
1000130e:	6a98      	ldr	r0, [r3, #40]	@ 0x28
10001310:	6a59      	ldr	r1, [r3, #36]	@ 0x24
10001312:	428a      	cmp	r2, r1
10001314:	d1fa      	bne.n	1000130c <timer_time_us_64+0x4>
10001316:	4770      	bx	lr

10001318 <time_us_64>:
10001318:	4b03      	ldr	r3, [pc, #12]	@ (10001328 <time_us_64+0x10>)
1000131a:	6a59      	ldr	r1, [r3, #36]	@ 0x24
1000131c:	000a      	movs	r2, r1
1000131e:	6a98      	ldr	r0, [r3, #40]	@ 0x28
10001320:	6a59      	ldr	r1, [r3, #36]	@ 0x24
10001322:	4291      	cmp	r1, r2
10001324:	d1fa      	bne.n	1000131c <time_us_64+0x4>
10001326:	4770      	bx	lr
10001328:	40054000 	.word	0x40054000

1000132c <busy_wait_us>:
1000132c:	b570      	push	{r4, r5, r6, lr}
1000132e:	0004      	movs	r4, r0
10001330:	000d      	movs	r5, r1
10001332:	4a17      	ldr	r2, [pc, #92]	@ (10001390 <busy_wait_us+0x64>)
10001334:	6a53      	ldr	r3, [r2, #36]	@ 0x24
10001336:	0019      	movs	r1, r3
10001338:	6a96      	ldr	r6, [r2, #40]	@ 0x28
1000133a:	6a53      	ldr	r3, [r2, #36]	@ 0x24
1000133c:	428b      	cmp	r3, r1
1000133e:	d1fa      	bne.n	10001336 <busy_wait_us+0xa>
10001340:	0030      	movs	r0, r6
10001342:	0019      	movs	r1, r3
10001344:	1824      	adds	r4, r4, r0
10001346:	414d      	adcs	r5, r1
10001348:	42ab      	cmp	r3, r5
1000134a:	d816      	bhi.n	1000137a <busy_wait_us+0x4e>
1000134c:	d013      	beq.n	10001376 <busy_wait_us+0x4a>
1000134e:	4a10      	ldr	r2, [pc, #64]	@ (10001390 <busy_wait_us+0x64>)
10001350:	002b      	movs	r3, r5
10001352:	6a52      	ldr	r2, [r2, #36]	@ 0x24
10001354:	4295      	cmp	r5, r2
10001356:	d903      	bls.n	10001360 <busy_wait_us+0x34>
10001358:	490d      	ldr	r1, [pc, #52]	@ (10001390 <busy_wait_us+0x64>)
1000135a:	6a4a      	ldr	r2, [r1, #36]	@ 0x24
1000135c:	429a      	cmp	r2, r3
1000135e:	d3fc      	bcc.n	1000135a <busy_wait_us+0x2e>
10001360:	429a      	cmp	r2, r3
10001362:	d107      	bne.n	10001374 <busy_wait_us+0x48>
10001364:	4a0a      	ldr	r2, [pc, #40]	@ (10001390 <busy_wait_us+0x64>)
10001366:	e002      	b.n	1000136e <busy_wait_us+0x42>
10001368:	6a51      	ldr	r1, [r2, #36]	@ 0x24
1000136a:	4299      	cmp	r1, r3
1000136c:	d102      	bne.n	10001374 <busy_wait_us+0x48>
1000136e:	6a91      	ldr	r1, [r2, #40]	@ 0x28
10001370:	42a1      	cmp	r1, r4
10001372:	d3f9      	bcc.n	10001368 <busy_wait_us+0x3c>
10001374:	bd70      	pop	{r4, r5, r6, pc}
10001376:	42a6      	cmp	r6, r4
10001378:	d9e9      	bls.n	1000134e <busy_wait_us+0x22>
1000137a:	4b05      	ldr	r3, [pc, #20]	@ (10001390 <busy_wait_us+0x64>)
1000137c:	6a5b      	ldr	r3, [r3, #36]	@ 0x24
1000137e:	001c      	movs	r4, r3
10001380:	1c5a      	adds	r2, r3, #1
10001382:	d0ef      	beq.n	10001364 <busy_wait_us+0x38>
10001384:	2301      	movs	r3, #1
10001386:	2401      	movs	r4, #1
10001388:	4264      	negs	r4, r4
1000138a:	17e5      	asrs	r5, r4, #31
1000138c:	425b      	negs	r3, r3
1000138e:	e7e3      	b.n	10001358 <busy_wait_us+0x2c>
10001390:	40054000 	.word	0x40054000

10001394 <uart_init>:
10001394:	b5f8      	push	{r3, r4, r5, r6, r7, lr}
10001396:	0004      	movs	r4, r0
10001398:	2006      	movs	r0, #6
1000139a:	000d      	movs	r5, r1
1000139c:	f000 f978 	bl	10001690 <clock_get_hz>
100013a0:	2800      	cmp	r0, #0
100013a2:	d044      	beq.n	1000142e <uart_init+0x9a>
100013a4:	4b37      	ldr	r3, [pc, #220]	@ (10001484 <uart_init+0xf0>)
100013a6:	4938      	ldr	r1, [pc, #224]	@ (10001488 <uart_init+0xf4>)
100013a8:	18e3      	adds	r3, r4, r3
100013aa:	1e5a      	subs	r2, r3, #1
100013ac:	4193      	sbcs	r3, r2
100013ae:	2280      	movs	r2, #128	@ 0x80
100013b0:	0412      	lsls	r2, r2, #16
100013b2:	4694      	mov	ip, r2
100013b4:	425b      	negs	r3, r3
100013b6:	0d9b      	lsrs	r3, r3, #22
100013b8:	4a34      	ldr	r2, [pc, #208]	@ (1000148c <uart_init+0xf8>)
100013ba:	059b      	lsls	r3, r3, #22
100013bc:	4463      	add	r3, ip
100013be:	6013      	str	r3, [r2, #0]
100013c0:	4a33      	ldr	r2, [pc, #204]	@ (10001490 <uart_init+0xfc>)
100013c2:	6013      	str	r3, [r2, #0]
100013c4:	0018      	movs	r0, r3
100013c6:	680a      	ldr	r2, [r1, #0]
100013c8:	4390      	bics	r0, r2
100013ca:	d1fb      	bne.n	100013c4 <uart_init+0x30>
100013cc:	4b2d      	ldr	r3, [pc, #180]	@ (10001484 <uart_init+0xf0>)
100013ce:	4a31      	ldr	r2, [pc, #196]	@ (10001494 <uart_init+0x100>)
100013d0:	18e3      	adds	r3, r4, r3
100013d2:	4259      	negs	r1, r3
100013d4:	414b      	adcs	r3, r1
100013d6:	2180      	movs	r1, #128	@ 0x80
100013d8:	005b      	lsls	r3, r3, #1
100013da:	0049      	lsls	r1, r1, #1
100013dc:	2006      	movs	r0, #6
100013de:	5299      	strh	r1, [r3, r2]
100013e0:	f000 f956 	bl	10001690 <clock_get_hz>
100013e4:	0029      	movs	r1, r5
100013e6:	00c0      	lsls	r0, r0, #3
100013e8:	f000 fb24 	bl	10001a34 <__wrap___aeabi_uidiv>
100013ec:	3001      	adds	r0, #1
100013ee:	09c3      	lsrs	r3, r0, #7
100013f0:	d11e      	bne.n	10001430 <uart_init+0x9c>
100013f2:	2740      	movs	r7, #64	@ 0x40
100013f4:	2201      	movs	r2, #1
100013f6:	6262      	str	r2, [r4, #36]	@ 0x24
100013f8:	62a3      	str	r3, [r4, #40]	@ 0x28
100013fa:	6b26      	ldr	r6, [r4, #48]	@ 0x30
100013fc:	07f3      	lsls	r3, r6, #31
100013fe:	d422      	bmi.n	10001446 <uart_init+0xb2>
10001400:	6ae3      	ldr	r3, [r4, #44]	@ 0x2c
10001402:	4b25      	ldr	r3, [pc, #148]	@ (10001498 <uart_init+0x104>)
10001404:	2006      	movs	r0, #6
10001406:	18e5      	adds	r5, r4, r3
10001408:	2300      	movs	r3, #0
1000140a:	602b      	str	r3, [r5, #0]
1000140c:	6326      	str	r6, [r4, #48]	@ 0x30
1000140e:	f000 f93f 	bl	10001690 <clock_get_hz>
10001412:	0039      	movs	r1, r7
10001414:	0080      	lsls	r0, r0, #2
10001416:	f000 fb0d 	bl	10001a34 <__wrap___aeabi_uidiv>
1000141a:	2370      	movs	r3, #112	@ 0x70
1000141c:	6ae2      	ldr	r2, [r4, #44]	@ 0x2c
1000141e:	405a      	eors	r2, r3
10001420:	330e      	adds	r3, #14
10001422:	4013      	ands	r3, r2
10001424:	602b      	str	r3, [r5, #0]
10001426:	4b1d      	ldr	r3, [pc, #116]	@ (1000149c <uart_init+0x108>)
10001428:	6323      	str	r3, [r4, #48]	@ 0x30
1000142a:	2303      	movs	r3, #3
1000142c:	64a3      	str	r3, [r4, #72]	@ 0x48
1000142e:	bdf8      	pop	{r3, r4, r5, r6, r7, pc}
10001430:	4a1b      	ldr	r2, [pc, #108]	@ (100014a0 <uart_init+0x10c>)
10001432:	4293      	cmp	r3, r2
10001434:	d91e      	bls.n	10001474 <uart_init+0xe0>
10001436:	2300      	movs	r3, #0
10001438:	4a1a      	ldr	r2, [pc, #104]	@ (100014a4 <uart_init+0x110>)
1000143a:	4f1b      	ldr	r7, [pc, #108]	@ (100014a8 <uart_init+0x114>)
1000143c:	6262      	str	r2, [r4, #36]	@ 0x24
1000143e:	62a3      	str	r3, [r4, #40]	@ 0x28
10001440:	6b26      	ldr	r6, [r4, #48]	@ 0x30
10001442:	07f3      	lsls	r3, r6, #31
10001444:	d5dc      	bpl.n	10001400 <uart_init+0x6c>
10001446:	4b19      	ldr	r3, [pc, #100]	@ (100014ac <uart_init+0x118>)
10001448:	4a14      	ldr	r2, [pc, #80]	@ (1000149c <uart_init+0x108>)
1000144a:	18e3      	adds	r3, r4, r3
1000144c:	601a      	str	r2, [r3, #0]
1000144e:	6a65      	ldr	r5, [r4, #36]	@ 0x24
10001450:	6aa3      	ldr	r3, [r4, #40]	@ 0x28
10001452:	2006      	movs	r0, #6
10001454:	01ad      	lsls	r5, r5, #6
10001456:	18ed      	adds	r5, r5, r3
10001458:	f000 f91a 	bl	10001690 <clock_get_hz>
1000145c:	4914      	ldr	r1, [pc, #80]	@ (100014b0 <uart_init+0x11c>)
1000145e:	f000 fae9 	bl	10001a34 <__wrap___aeabi_uidiv>
10001462:	02ad      	lsls	r5, r5, #10
10001464:	0001      	movs	r1, r0
10001466:	0028      	movs	r0, r5
10001468:	f000 fae4 	bl	10001a34 <__wrap___aeabi_uidiv>
1000146c:	2100      	movs	r1, #0
1000146e:	f7ff ff5d 	bl	1000132c <busy_wait_us>
10001472:	e7c5      	b.n	10001400 <uart_init+0x6c>
10001474:	0640      	lsls	r0, r0, #25
10001476:	0e80      	lsrs	r0, r0, #26
10001478:	019f      	lsls	r7, r3, #6
1000147a:	001a      	movs	r2, r3
1000147c:	183f      	adds	r7, r7, r0
1000147e:	0003      	movs	r3, r0
10001480:	e7b9      	b.n	100013f6 <uart_init+0x62>
10001482:	46c0      	nop			@ (mov r8, r8)
10001484:	bffc8000 	.word	0xbffc8000
10001488:	4000c008 	.word	0x4000c008
1000148c:	4000e000 	.word	0x4000e000
10001490:	4000f000 	.word	0x4000f000
10001494:	20001de4 	.word	0x20001de4
10001498:	0000102c 	.word	0x0000102c
1000149c:	00000301 	.word	0x00000301
100014a0:	0000fffe 	.word	0x0000fffe
100014a4:	0000ffff 	.word	0x0000ffff
100014a8:	003fffc0 	.word	0x003fffc0
100014ac:	00003030 	.word	0x00003030
100014b0:	00000e4e 	.word	0x00000e4e

100014b4 <clock_configure_int_divider>:
100014b4:	b5f8      	push	{r3, r4, r5, r6, r7, lr}
100014b6:	46de      	mov	lr, fp
100014b8:	464e      	mov	r6, r9
100014ba:	4657      	mov	r7, sl
100014bc:	4645      	mov	r5, r8
100014be:	b5e0      	push	{r5, r6, r7, lr}
100014c0:	468b      	mov	fp, r1
100014c2:	0005      	movs	r5, r0
100014c4:	990a      	ldr	r1, [sp, #40]	@ 0x28
100014c6:	0018      	movs	r0, r3
100014c8:	0016      	movs	r6, r2
100014ca:	f000 fab3 	bl	10001a34 <__wrap___aeabi_uidiv>
100014ce:	9b0a      	ldr	r3, [sp, #40]	@ 0x28
100014d0:	006c      	lsls	r4, r5, #1
100014d2:	021f      	lsls	r7, r3, #8
100014d4:	4b32      	ldr	r3, [pc, #200]	@ (100015a0 <clock_configure_int_divider+0xec>)
100014d6:	1964      	adds	r4, r4, r5
100014d8:	469c      	mov	ip, r3
100014da:	00a4      	lsls	r4, r4, #2
100014dc:	4464      	add	r4, ip
100014de:	6863      	ldr	r3, [r4, #4]
100014e0:	4681      	mov	r9, r0
100014e2:	429f      	cmp	r7, r3
100014e4:	d900      	bls.n	100014e8 <clock_configure_int_divider+0x34>
100014e6:	6067      	str	r7, [r4, #4]
100014e8:	1f2b      	subs	r3, r5, #4
100014ea:	b2db      	uxtb	r3, r3
100014ec:	4698      	mov	r8, r3
100014ee:	2b01      	cmp	r3, #1
100014f0:	d930      	bls.n	10001554 <clock_configure_int_divider+0xa0>
100014f2:	23c0      	movs	r3, #192	@ 0xc0
100014f4:	2280      	movs	r2, #128	@ 0x80
100014f6:	019b      	lsls	r3, r3, #6
100014f8:	18e3      	adds	r3, r4, r3
100014fa:	0112      	lsls	r2, r2, #4
100014fc:	601a      	str	r2, [r3, #0]
100014fe:	4b29      	ldr	r3, [pc, #164]	@ (100015a4 <clock_configure_int_divider+0xf0>)
10001500:	00ad      	lsls	r5, r5, #2
10001502:	5959      	ldr	r1, [r3, r5]
10001504:	469a      	mov	sl, r3
10001506:	2900      	cmp	r1, #0
10001508:	d11b      	bne.n	10001542 <clock_configure_int_divider+0x8e>
1000150a:	0173      	lsls	r3, r6, #5
1000150c:	26e0      	movs	r6, #224	@ 0xe0
1000150e:	6822      	ldr	r2, [r4, #0]
10001510:	4053      	eors	r3, r2
10001512:	401e      	ands	r6, r3
10001514:	2380      	movs	r3, #128	@ 0x80
10001516:	4642      	mov	r2, r8
10001518:	015b      	lsls	r3, r3, #5
1000151a:	18e3      	adds	r3, r4, r3
1000151c:	601e      	str	r6, [r3, #0]
1000151e:	2a01      	cmp	r2, #1
10001520:	d930      	bls.n	10001584 <clock_configure_int_divider+0xd0>
10001522:	2380      	movs	r3, #128	@ 0x80
10001524:	2280      	movs	r2, #128	@ 0x80
10001526:	019b      	lsls	r3, r3, #6
10001528:	18e3      	adds	r3, r4, r3
1000152a:	0112      	lsls	r2, r2, #4
1000152c:	601a      	str	r2, [r3, #0]
1000152e:	4653      	mov	r3, sl
10001530:	464a      	mov	r2, r9
10001532:	6067      	str	r7, [r4, #4]
10001534:	515a      	str	r2, [r3, r5]
10001536:	bcf0      	pop	{r4, r5, r6, r7}
10001538:	46bb      	mov	fp, r7
1000153a:	46b2      	mov	sl, r6
1000153c:	46a9      	mov	r9, r5
1000153e:	46a0      	mov	r8, r4
10001540:	bdf8      	pop	{r3, r4, r5, r6, r7, pc}
10001542:	6958      	ldr	r0, [r3, #20]
10001544:	f000 fa76 	bl	10001a34 <__wrap___aeabi_uidiv>
10001548:	3001      	adds	r0, #1
1000154a:	0043      	lsls	r3, r0, #1
1000154c:	181b      	adds	r3, r3, r0
1000154e:	3b03      	subs	r3, #3
10001550:	d2fd      	bcs.n	1000154e <clock_configure_int_divider+0x9a>
10001552:	e7da      	b.n	1000150a <clock_configure_int_divider+0x56>
10001554:	465b      	mov	r3, fp
10001556:	2b01      	cmp	r3, #1
10001558:	d1cb      	bne.n	100014f2 <clock_configure_int_divider+0x3e>
1000155a:	23c0      	movs	r3, #192	@ 0xc0
1000155c:	2203      	movs	r2, #3
1000155e:	019b      	lsls	r3, r3, #6
10001560:	18e3      	adds	r3, r4, r3
10001562:	601a      	str	r2, [r3, #0]
10001564:	3a02      	subs	r2, #2
10001566:	68a3      	ldr	r3, [r4, #8]
10001568:	421a      	tst	r2, r3
1000156a:	d0fc      	beq.n	10001566 <clock_configure_int_divider+0xb2>
1000156c:	0173      	lsls	r3, r6, #5
1000156e:	26e0      	movs	r6, #224	@ 0xe0
10001570:	6822      	ldr	r2, [r4, #0]
10001572:	00ad      	lsls	r5, r5, #2
10001574:	4053      	eors	r3, r2
10001576:	401e      	ands	r6, r3
10001578:	2380      	movs	r3, #128	@ 0x80
1000157a:	4a0a      	ldr	r2, [pc, #40]	@ (100015a4 <clock_configure_int_divider+0xf0>)
1000157c:	015b      	lsls	r3, r3, #5
1000157e:	4692      	mov	sl, r2
10001580:	18e3      	adds	r3, r4, r3
10001582:	601e      	str	r6, [r3, #0]
10001584:	465a      	mov	r2, fp
10001586:	6821      	ldr	r1, [r4, #0]
10001588:	4051      	eors	r1, r2
1000158a:	2203      	movs	r2, #3
1000158c:	400a      	ands	r2, r1
1000158e:	601a      	str	r2, [r3, #0]
10001590:	2201      	movs	r2, #1
10001592:	465b      	mov	r3, fp
10001594:	409a      	lsls	r2, r3
10001596:	68a3      	ldr	r3, [r4, #8]
10001598:	421a      	tst	r2, r3
1000159a:	d0fc      	beq.n	10001596 <clock_configure_int_divider+0xe2>
1000159c:	e7c1      	b.n	10001522 <clock_configure_int_divider+0x6e>
1000159e:	46c0      	nop			@ (mov r8, r8)
100015a0:	40008000 	.word	0x40008000
100015a4:	20001988 	.word	0x20001988

100015a8 <clock_configure_undivided>:
100015a8:	b5f0      	push	{r4, r5, r6, r7, lr}
100015aa:	4646      	mov	r6, r8
100015ac:	464f      	mov	r7, r9
100015ae:	46d6      	mov	lr, sl
100015b0:	b5c0      	push	{r6, r7, lr}
100015b2:	001f      	movs	r7, r3
100015b4:	4b34      	ldr	r3, [pc, #208]	@ (10001688 <clock_configure_undivided+0xe0>)
100015b6:	0044      	lsls	r4, r0, #1
100015b8:	469c      	mov	ip, r3
100015ba:	1824      	adds	r4, r4, r0
100015bc:	00a4      	lsls	r4, r4, #2
100015be:	4464      	add	r4, ip
100015c0:	6863      	ldr	r3, [r4, #4]
100015c2:	4688      	mov	r8, r1
100015c4:	0016      	movs	r6, r2
100015c6:	2bff      	cmp	r3, #255	@ 0xff
100015c8:	d802      	bhi.n	100015d0 <clock_configure_undivided+0x28>
100015ca:	2380      	movs	r3, #128	@ 0x80
100015cc:	005b      	lsls	r3, r3, #1
100015ce:	6063      	str	r3, [r4, #4]
100015d0:	1f03      	subs	r3, r0, #4
100015d2:	b2db      	uxtb	r3, r3
100015d4:	469a      	mov	sl, r3
100015d6:	2b01      	cmp	r3, #1
100015d8:	d930      	bls.n	1000163c <clock_configure_undivided+0x94>
100015da:	23c0      	movs	r3, #192	@ 0xc0
100015dc:	2280      	movs	r2, #128	@ 0x80
100015de:	019b      	lsls	r3, r3, #6
100015e0:	18e3      	adds	r3, r4, r3
100015e2:	0112      	lsls	r2, r2, #4
100015e4:	601a      	str	r2, [r3, #0]
100015e6:	4b29      	ldr	r3, [pc, #164]	@ (1000168c <clock_configure_undivided+0xe4>)
100015e8:	0085      	lsls	r5, r0, #2
100015ea:	5959      	ldr	r1, [r3, r5]
100015ec:	4699      	mov	r9, r3
100015ee:	2900      	cmp	r1, #0
100015f0:	d11b      	bne.n	1000162a <clock_configure_undivided+0x82>
100015f2:	0173      	lsls	r3, r6, #5
100015f4:	26e0      	movs	r6, #224	@ 0xe0
100015f6:	6822      	ldr	r2, [r4, #0]
100015f8:	4053      	eors	r3, r2
100015fa:	401e      	ands	r6, r3
100015fc:	2380      	movs	r3, #128	@ 0x80
100015fe:	4652      	mov	r2, sl
10001600:	015b      	lsls	r3, r3, #5
10001602:	18e3      	adds	r3, r4, r3
10001604:	601e      	str	r6, [r3, #0]
10001606:	2a01      	cmp	r2, #1
10001608:	d930      	bls.n	1000166c <clock_configure_undivided+0xc4>
1000160a:	2380      	movs	r3, #128	@ 0x80
1000160c:	2280      	movs	r2, #128	@ 0x80
1000160e:	019b      	lsls	r3, r3, #6
10001610:	18e3      	adds	r3, r4, r3
10001612:	0112      	lsls	r2, r2, #4
10001614:	601a      	str	r2, [r3, #0]
10001616:	2380      	movs	r3, #128	@ 0x80
10001618:	005b      	lsls	r3, r3, #1
1000161a:	6063      	str	r3, [r4, #4]
1000161c:	464b      	mov	r3, r9
1000161e:	515f      	str	r7, [r3, r5]
10001620:	bce0      	pop	{r5, r6, r7}
10001622:	46ba      	mov	sl, r7
10001624:	46b1      	mov	r9, r6
10001626:	46a8      	mov	r8, r5
10001628:	bdf0      	pop	{r4, r5, r6, r7, pc}
1000162a:	6958      	ldr	r0, [r3, #20]
1000162c:	f000 fa02 	bl	10001a34 <__wrap___aeabi_uidiv>
10001630:	3001      	adds	r0, #1
10001632:	0043      	lsls	r3, r0, #1
10001634:	181b      	adds	r3, r3, r0
10001636:	3b03      	subs	r3, #3
10001638:	d2fd      	bcs.n	10001636 <clock_configure_undivided+0x8e>
1000163a:	e7da      	b.n	100015f2 <clock_configure_undivided+0x4a>
1000163c:	4643      	mov	r3, r8
1000163e:	2b01      	cmp	r3, #1
10001640:	d1cb      	bne.n	100015da <clock_configure_undivided+0x32>
10001642:	23c0      	movs	r3, #192	@ 0xc0
10001644:	2203      	movs	r2, #3
10001646:	019b      	lsls	r3, r3, #6
10001648:	18e3      	adds	r3, r4, r3
1000164a:	601a      	str	r2, [r3, #0]
1000164c:	3a02      	subs	r2, #2
1000164e:	68a3      	ldr	r3, [r4, #8]
10001650:	421a      	tst	r2, r3
10001652:	d0fc      	beq.n	1000164e <clock_configure_undivided+0xa6>
10001654:	0173      	lsls	r3, r6, #5
10001656:	26e0      	movs	r6, #224	@ 0xe0
10001658:	6822      	ldr	r2, [r4, #0]
1000165a:	0085      	lsls	r5, r0, #2
1000165c:	4053      	eors	r3, r2
1000165e:	401e      	ands	r6, r3
10001660:	2380      	movs	r3, #128	@ 0x80
10001662:	4a0a      	ldr	r2, [pc, #40]	@ (1000168c <clock_configure_undivided+0xe4>)
10001664:	015b      	lsls	r3, r3, #5
10001666:	4691      	mov	r9, r2
10001668:	18e3      	adds	r3, r4, r3
1000166a:	601e      	str	r6, [r3, #0]
1000166c:	4642      	mov	r2, r8
1000166e:	6821      	ldr	r1, [r4, #0]
10001670:	4051      	eors	r1, r2
10001672:	2203      	movs	r2, #3
10001674:	400a      	ands	r2, r1
10001676:	601a      	str	r2, [r3, #0]
10001678:	2301      	movs	r3, #1
1000167a:	4642      	mov	r2, r8
1000167c:	4093      	lsls	r3, r2
1000167e:	68a2      	ldr	r2, [r4, #8]
10001680:	4213      	tst	r3, r2
10001682:	d0fc      	beq.n	1000167e <clock_configure_undivided+0xd6>
10001684:	e7c1      	b.n	1000160a <clock_configure_undivided+0x62>
10001686:	46c0      	nop			@ (mov r8, r8)
10001688:	40008000 	.word	0x40008000
1000168c:	20001988 	.word	0x20001988

10001690 <clock_get_hz>:
10001690:	4b01      	ldr	r3, [pc, #4]	@ (10001698 <clock_get_hz+0x8>)
10001692:	0080      	lsls	r0, r0, #2
10001694:	58c0      	ldr	r0, [r0, r3]
10001696:	4770      	bx	lr
10001698:	20001988 	.word	0x20001988

1000169c <pll_init>:
1000169c:	b5f8      	push	{r3, r4, r5, r6, r7, lr}
1000169e:	0004      	movs	r4, r0
100016a0:	4821      	ldr	r0, [pc, #132]	@ (10001728 <pll_init+0x8c>)
100016a2:	001e      	movs	r6, r3
100016a4:	0017      	movs	r7, r2
100016a6:	000d      	movs	r5, r1
100016a8:	f000 f9c4 	bl	10001a34 <__wrap___aeabi_uidiv>
100016ac:	0001      	movs	r1, r0
100016ae:	0038      	movs	r0, r7
100016b0:	f000 f9c0 	bl	10001a34 <__wrap___aeabi_uidiv>
100016b4:	9b06      	ldr	r3, [sp, #24]
100016b6:	0436      	lsls	r6, r6, #16
100016b8:	031b      	lsls	r3, r3, #12
100016ba:	431e      	orrs	r6, r3
100016bc:	6823      	ldr	r3, [r4, #0]
100016be:	2b00      	cmp	r3, #0
100016c0:	db20      	blt.n	10001704 <pll_init+0x68>
100016c2:	4b1a      	ldr	r3, [pc, #104]	@ (1000172c <pll_init+0x90>)
100016c4:	491a      	ldr	r1, [pc, #104]	@ (10001730 <pll_init+0x94>)
100016c6:	18e3      	adds	r3, r4, r3
100016c8:	1e5a      	subs	r2, r3, #1
100016ca:	4193      	sbcs	r3, r2
100016cc:	2280      	movs	r2, #128	@ 0x80
100016ce:	0192      	lsls	r2, r2, #6
100016d0:	4694      	mov	ip, r2
100016d2:	425b      	negs	r3, r3
100016d4:	0b1b      	lsrs	r3, r3, #12
100016d6:	4a17      	ldr	r2, [pc, #92]	@ (10001734 <pll_init+0x98>)
100016d8:	031b      	lsls	r3, r3, #12
100016da:	4463      	add	r3, ip
100016dc:	6013      	str	r3, [r2, #0]
100016de:	4a16      	ldr	r2, [pc, #88]	@ (10001738 <pll_init+0x9c>)
100016e0:	6013      	str	r3, [r2, #0]
100016e2:	001f      	movs	r7, r3
100016e4:	680a      	ldr	r2, [r1, #0]
100016e6:	4397      	bics	r7, r2
100016e8:	d1fb      	bne.n	100016e2 <pll_init+0x46>
100016ea:	4b14      	ldr	r3, [pc, #80]	@ (1000173c <pll_init+0xa0>)
100016ec:	6025      	str	r5, [r4, #0]
100016ee:	18e2      	adds	r2, r4, r3
100016f0:	2321      	movs	r3, #33	@ 0x21
100016f2:	60a0      	str	r0, [r4, #8]
100016f4:	6013      	str	r3, [r2, #0]
100016f6:	6823      	ldr	r3, [r4, #0]
100016f8:	2b00      	cmp	r3, #0
100016fa:	dafc      	bge.n	100016f6 <pll_init+0x5a>
100016fc:	2308      	movs	r3, #8
100016fe:	60e6      	str	r6, [r4, #12]
10001700:	6013      	str	r3, [r2, #0]
10001702:	bdf8      	pop	{r3, r4, r5, r6, r7, pc}
10001704:	233f      	movs	r3, #63	@ 0x3f
10001706:	6822      	ldr	r2, [r4, #0]
10001708:	4013      	ands	r3, r2
1000170a:	42ab      	cmp	r3, r5
1000170c:	d1d9      	bne.n	100016c2 <pll_init+0x26>
1000170e:	68a3      	ldr	r3, [r4, #8]
10001710:	051b      	lsls	r3, r3, #20
10001712:	0d1b      	lsrs	r3, r3, #20
10001714:	4283      	cmp	r3, r0
10001716:	d1d4      	bne.n	100016c2 <pll_init+0x26>
10001718:	22ee      	movs	r2, #238	@ 0xee
1000171a:	68e3      	ldr	r3, [r4, #12]
1000171c:	02d2      	lsls	r2, r2, #11
1000171e:	4013      	ands	r3, r2
10001720:	42b3      	cmp	r3, r6
10001722:	d1ce      	bne.n	100016c2 <pll_init+0x26>
10001724:	e7ed      	b.n	10001702 <pll_init+0x66>
10001726:	46c0      	nop			@ (mov r8, r8)
10001728:	00b71b00 	.word	0x00b71b00
1000172c:	bffd4000 	.word	0xbffd4000
10001730:	4000c008 	.word	0x4000c008
10001734:	4000e000 	.word	0x4000e000
10001738:	4000f000 	.word	0x4000f000
1000173c:	00003004 	.word	0x00003004

10001740 <tick_start>:
10001740:	2380      	movs	r3, #128	@ 0x80
10001742:	4a02      	ldr	r2, [pc, #8]	@ (1000174c <tick_start+0xc>)
10001744:	009b      	lsls	r3, r3, #2
10001746:	430b      	orrs	r3, r1
10001748:	62d3      	str	r3, [r2, #44]	@ 0x2c
1000174a:	4770      	bx	lr
1000174c:	40058000 	.word	0x40058000

10001750 <rom_func_lookup>:
10001750:	2314      	movs	r3, #20
10001752:	b510      	push	{r4, lr}
10001754:	0001      	movs	r1, r0
10001756:	8818      	ldrh	r0, [r3, #0]
10001758:	3304      	adds	r3, #4
1000175a:	881b      	ldrh	r3, [r3, #0]
1000175c:	4798      	blx	r3
1000175e:	bd10      	pop	{r4, pc}

10001760 <rom_data_lookup>:
10001760:	2316      	movs	r3, #22
10001762:	b510      	push	{r4, lr}
10001764:	0001      	movs	r1, r0
10001766:	8818      	ldrh	r0, [r3, #0]
10001768:	3302      	adds	r3, #2
1000176a:	881b      	ldrh	r3, [r3, #0]
1000176c:	4798      	blx	r3
1000176e:	bd10      	pop	{r4, pc}

10001770 <rom_funcs_lookup>:
10001770:	b5f8      	push	{r3, r4, r5, r6, r7, lr}
10001772:	4647      	mov	r7, r8
10001774:	46ce      	mov	lr, r9
10001776:	b580      	push	{r7, lr}
10001778:	1e0f      	subs	r7, r1, #0
1000177a:	d019      	beq.n	100017b0 <rom_funcs_lookup+0x40>
1000177c:	2314      	movs	r3, #20
1000177e:	4699      	mov	r9, r3
10001780:	3304      	adds	r3, #4
10001782:	0004      	movs	r4, r0
10001784:	2500      	movs	r5, #0
10001786:	2601      	movs	r6, #1
10001788:	4698      	mov	r8, r3
1000178a:	464b      	mov	r3, r9
1000178c:	8818      	ldrh	r0, [r3, #0]
1000178e:	4643      	mov	r3, r8
10001790:	6821      	ldr	r1, [r4, #0]
10001792:	881b      	ldrh	r3, [r3, #0]
10001794:	4798      	blx	r3
10001796:	c401      	stmia	r4!, {r0}
10001798:	1e43      	subs	r3, r0, #1
1000179a:	4198      	sbcs	r0, r3
1000179c:	3501      	adds	r5, #1
1000179e:	4240      	negs	r0, r0
100017a0:	4006      	ands	r6, r0
100017a2:	42af      	cmp	r7, r5
100017a4:	d1f1      	bne.n	1000178a <rom_funcs_lookup+0x1a>
100017a6:	0030      	movs	r0, r6
100017a8:	bcc0      	pop	{r6, r7}
100017aa:	46b9      	mov	r9, r7
100017ac:	46b0      	mov	r8, r6
100017ae:	bdf8      	pop	{r3, r4, r5, r6, r7, pc}
100017b0:	2601      	movs	r6, #1
100017b2:	e7f8      	b.n	100017a6 <rom_funcs_lookup+0x36>

100017b4 <xosc_init>:
100017b4:	23aa      	movs	r3, #170	@ 0xaa
100017b6:	4a06      	ldr	r2, [pc, #24]	@ (100017d0 <xosc_init+0x1c>)
100017b8:	011b      	lsls	r3, r3, #4
100017ba:	6013      	str	r3, [r2, #0]
100017bc:	238d      	movs	r3, #141	@ 0x8d
100017be:	005b      	lsls	r3, r3, #1
100017c0:	60d3      	str	r3, [r2, #12]
100017c2:	4904      	ldr	r1, [pc, #16]	@ (100017d4 <xosc_init+0x20>)
100017c4:	4b04      	ldr	r3, [pc, #16]	@ (100017d8 <xosc_init+0x24>)
100017c6:	6019      	str	r1, [r3, #0]
100017c8:	6853      	ldr	r3, [r2, #4]
100017ca:	2b00      	cmp	r3, #0
100017cc:	dafc      	bge.n	100017c8 <xosc_init+0x14>
100017ce:	4770      	bx	lr
100017d0:	40024000 	.word	0x40024000
100017d4:	00fab000 	.word	0x00fab000
100017d8:	40026000 	.word	0x40026000

100017dc <first_per_core_initializer>:
100017dc:	4770      	bx	lr
100017de:	46c0      	nop			@ (mov r8, r8)

100017e0 <hard_assertion_failure>:
100017e0:	b510      	push	{r4, lr}
100017e2:	4801      	ldr	r0, [pc, #4]	@ (100017e8 <hard_assertion_failure+0x8>)
100017e4:	f7fe fee8 	bl	100005b8 <panic>
100017e8:	1000407c 	.word	0x1000407c

100017ec <runtime_run_initializers>:
100017ec:	b570      	push	{r4, r5, r6, lr}
100017ee:	4d07      	ldr	r5, [pc, #28]	@ (1000180c <runtime_run_initializers+0x20>)
100017f0:	4e07      	ldr	r6, [pc, #28]	@ (10001810 <runtime_run_initializers+0x24>)
100017f2:	42b5      	cmp	r5, r6
100017f4:	d209      	bcs.n	1000180a <runtime_run_initializers+0x1e>
100017f6:	2400      	movs	r4, #0
100017f8:	3e01      	subs	r6, #1
100017fa:	1b76      	subs	r6, r6, r5
100017fc:	08b6      	lsrs	r6, r6, #2
100017fe:	cd08      	ldmia	r5!, {r3}
10001800:	4798      	blx	r3
10001802:	0023      	movs	r3, r4
10001804:	3401      	adds	r4, #1
10001806:	42b3      	cmp	r3, r6
10001808:	d1f9      	bne.n	100017fe <runtime_run_initializers+0x12>
1000180a:	bd70      	pop	{r4, r5, r6, pc}
1000180c:	10003f78 	.word	0x10003f78
10001810:	10003fb4 	.word	0x10003fb4

10001814 <runtime_init_early_resets>:
10001814:	4b05      	ldr	r3, [pc, #20]	@ (1000182c <runtime_init_early_resets+0x18>)
10001816:	4a06      	ldr	r2, [pc, #24]	@ (10001830 <runtime_init_early_resets+0x1c>)
10001818:	4906      	ldr	r1, [pc, #24]	@ (10001834 <runtime_init_early_resets+0x20>)
1000181a:	601a      	str	r2, [r3, #0]
1000181c:	4a06      	ldr	r2, [pc, #24]	@ (10001838 <runtime_init_early_resets+0x24>)
1000181e:	4b07      	ldr	r3, [pc, #28]	@ (1000183c <runtime_init_early_resets+0x28>)
10001820:	601a      	str	r2, [r3, #0]
10001822:	0010      	movs	r0, r2
10001824:	680b      	ldr	r3, [r1, #0]
10001826:	4398      	bics	r0, r3
10001828:	d1fb      	bne.n	10001822 <runtime_init_early_resets+0xe>
1000182a:	4770      	bx	lr
1000182c:	4000e000 	.word	0x4000e000
10001830:	fefbcdbf 	.word	0xfefbcdbf
10001834:	4000c008 	.word	0x4000c008
10001838:	003c7ffe 	.word	0x003c7ffe
1000183c:	4000f000 	.word	0x4000f000

10001840 <runtime_init_usb_power_down>:
10001840:	4b04      	ldr	r3, [pc, #16]	@ (10001854 <runtime_init_usb_power_down+0x14>)
10001842:	6cdb      	ldr	r3, [r3, #76]	@ 0x4c
10001844:	2b00      	cmp	r3, #0
10001846:	d103      	bne.n	10001850 <runtime_init_usb_power_down+0x10>
10001848:	2280      	movs	r2, #128	@ 0x80
1000184a:	4b03      	ldr	r3, [pc, #12]	@ (10001858 <runtime_init_usb_power_down+0x18>)
1000184c:	02d2      	lsls	r2, r2, #11
1000184e:	601a      	str	r2, [r3, #0]
10001850:	4770      	bx	lr
10001852:	46c0      	nop			@ (mov r8, r8)
10001854:	50110000 	.word	0x50110000
10001858:	5011204c 	.word	0x5011204c

1000185c <runtime_init_post_clock_resets>:
1000185c:	4a04      	ldr	r2, [pc, #16]	@ (10001870 <runtime_init_post_clock_resets+0x14>)
1000185e:	4b05      	ldr	r3, [pc, #20]	@ (10001874 <runtime_init_post_clock_resets+0x18>)
10001860:	601a      	str	r2, [r3, #0]
10001862:	4a05      	ldr	r2, [pc, #20]	@ (10001878 <runtime_init_post_clock_resets+0x1c>)
10001864:	6813      	ldr	r3, [r2, #0]
10001866:	01db      	lsls	r3, r3, #7
10001868:	3380      	adds	r3, #128	@ 0x80
1000186a:	d1fb      	bne.n	10001864 <runtime_init_post_clock_resets+0x8>
1000186c:	4770      	bx	lr
1000186e:	46c0      	nop			@ (mov r8, r8)
10001870:	01ffffff 	.word	0x01ffffff
10001874:	4000f000 	.word	0x4000f000
10001878:	4000c008 	.word	0x4000c008

1000187c <runtime_init_rp2040_gpio_ie_disable>:
1000187c:	2240      	movs	r2, #64	@ 0x40
1000187e:	4b03      	ldr	r3, [pc, #12]	@ (1000188c <runtime_init_rp2040_gpio_ie_disable+0x10>)
10001880:	679a      	str	r2, [r3, #120]	@ 0x78
10001882:	675a      	str	r2, [r3, #116]	@ 0x74
10001884:	671a      	str	r2, [r3, #112]	@ 0x70
10001886:	66da      	str	r2, [r3, #108]	@ 0x6c
10001888:	4770      	bx	lr
1000188a:	46c0      	nop			@ (mov r8, r8)
1000188c:	4001f000 	.word	0x4001f000

10001890 <runtime_init_spin_locks_reset>:
10001890:	b510      	push	{r4, lr}
10001892:	f7fe ff37 	bl	10000704 <spin_locks_reset>
10001896:	bd10      	pop	{r4, pc}

10001898 <runtime_init_install_ram_vector_table>:
10001898:	b5f8      	push	{r3, r4, r5, r6, r7, lr}
1000189a:	4927      	ldr	r1, [pc, #156]	@ (10001938 <runtime_init_install_ram_vector_table+0xa0>)
1000189c:	4c27      	ldr	r4, [pc, #156]	@ (1000193c <runtime_init_install_ram_vector_table+0xa4>)
1000189e:	4d28      	ldr	r5, [pc, #160]	@ (10001940 <runtime_init_install_ram_vector_table+0xa8>)
100018a0:	1a64      	subs	r4, r4, r1
100018a2:	10a6      	asrs	r6, r4, #2
100018a4:	0032      	movs	r2, r6
100018a6:	2e30      	cmp	r6, #48	@ 0x30
100018a8:	d900      	bls.n	100018ac <runtime_init_install_ram_vector_table+0x14>
100018aa:	2230      	movs	r2, #48	@ 0x30
100018ac:	0028      	movs	r0, r5
100018ae:	0092      	lsls	r2, r2, #2
100018b0:	f000 f9be 	bl	10001c30 <__wrap___aeabi_memcpy>
100018b4:	2cbc      	cmp	r4, #188	@ 0xbc
100018b6:	d83b      	bhi.n	10001930 <runtime_init_install_ram_vector_table+0x98>
100018b8:	2030      	movs	r0, #48	@ 0x30
100018ba:	232f      	movs	r3, #47	@ 0x2f
100018bc:	192c      	adds	r4, r5, r4
100018be:	0764      	lsls	r4, r4, #29
100018c0:	4a20      	ldr	r2, [pc, #128]	@ (10001944 <runtime_init_install_ram_vector_table+0xac>)
100018c2:	1b80      	subs	r0, r0, r6
100018c4:	0fe4      	lsrs	r4, r4, #31
100018c6:	1b9b      	subs	r3, r3, r6
100018c8:	2b05      	cmp	r3, #5
100018ca:	d916      	bls.n	100018fa <runtime_init_install_ram_vector_table+0x62>
100018cc:	0037      	movs	r7, r6
100018ce:	2c00      	cmp	r4, #0
100018d0:	d002      	beq.n	100018d8 <runtime_init_install_ram_vector_table+0x40>
100018d2:	00b3      	lsls	r3, r6, #2
100018d4:	1c77      	adds	r7, r6, #1
100018d6:	50ea      	str	r2, [r5, r3]
100018d8:	1b00      	subs	r0, r0, r4
100018da:	1933      	adds	r3, r6, r4
100018dc:	009b      	lsls	r3, r3, #2
100018de:	0841      	lsrs	r1, r0, #1
100018e0:	18eb      	adds	r3, r5, r3
100018e2:	00c9      	lsls	r1, r1, #3
100018e4:	18c9      	adds	r1, r1, r3
100018e6:	601a      	str	r2, [r3, #0]
100018e8:	605a      	str	r2, [r3, #4]
100018ea:	3308      	adds	r3, #8
100018ec:	4299      	cmp	r1, r3
100018ee:	d1fa      	bne.n	100018e6 <runtime_init_install_ram_vector_table+0x4e>
100018f0:	2301      	movs	r3, #1
100018f2:	4203      	tst	r3, r0
100018f4:	d01c      	beq.n	10001930 <runtime_init_install_ram_vector_table+0x98>
100018f6:	4398      	bics	r0, r3
100018f8:	19c6      	adds	r6, r0, r7
100018fa:	00b3      	lsls	r3, r6, #2
100018fc:	50ea      	str	r2, [r5, r3]
100018fe:	1c73      	adds	r3, r6, #1
10001900:	2e2f      	cmp	r6, #47	@ 0x2f
10001902:	d015      	beq.n	10001930 <runtime_init_install_ram_vector_table+0x98>
10001904:	009b      	lsls	r3, r3, #2
10001906:	50ea      	str	r2, [r5, r3]
10001908:	1cb3      	adds	r3, r6, #2
1000190a:	2e2e      	cmp	r6, #46	@ 0x2e
1000190c:	d010      	beq.n	10001930 <runtime_init_install_ram_vector_table+0x98>
1000190e:	009b      	lsls	r3, r3, #2
10001910:	50ea      	str	r2, [r5, r3]
10001912:	1cf3      	adds	r3, r6, #3
10001914:	2e2d      	cmp	r6, #45	@ 0x2d
10001916:	d00b      	beq.n	10001930 <runtime_init_install_ram_vector_table+0x98>
10001918:	009b      	lsls	r3, r3, #2
1000191a:	50ea      	str	r2, [r5, r3]
1000191c:	1d33      	adds	r3, r6, #4
1000191e:	2e2c      	cmp	r6, #44	@ 0x2c
10001920:	d006      	beq.n	10001930 <runtime_init_install_ram_vector_table+0x98>
10001922:	009b      	lsls	r3, r3, #2
10001924:	50ea      	str	r2, [r5, r3]
10001926:	1d73      	adds	r3, r6, #5
10001928:	2e2b      	cmp	r6, #43	@ 0x2b
1000192a:	d001      	beq.n	10001930 <runtime_init_install_ram_vector_table+0x98>
1000192c:	009b      	lsls	r3, r3, #2
1000192e:	50ea      	str	r2, [r5, r3]
10001930:	4b05      	ldr	r3, [pc, #20]	@ (10001948 <runtime_init_install_ram_vector_table+0xb0>)
10001932:	609d      	str	r5, [r3, #8]
10001934:	bdf8      	pop	{r3, r4, r5, r6, r7, pc}
10001936:	46c0      	nop			@ (mov r8, r8)
10001938:	10000100 	.word	0x10000100
1000193c:	100001c0 	.word	0x100001c0
10001940:	20000000 	.word	0x20000000
10001944:	100001c1 	.word	0x100001c1
10001948:	e000ed00 	.word	0xe000ed00

1000194c <runtime_init_clocks>:
1000194c:	2300      	movs	r3, #0
1000194e:	b510      	push	{r4, lr}
10001950:	4c29      	ldr	r4, [pc, #164]	@ (100019f8 <runtime_init_clocks+0xac>)
10001952:	b082      	sub	sp, #8
10001954:	67a3      	str	r3, [r4, #120]	@ 0x78
10001956:	f7ff ff2d 	bl	100017b4 <xosc_init>
1000195a:	2201      	movs	r2, #1
1000195c:	4b27      	ldr	r3, [pc, #156]	@ (100019fc <runtime_init_clocks+0xb0>)
1000195e:	601a      	str	r2, [r3, #0]
10001960:	6c63      	ldr	r3, [r4, #68]	@ 0x44
10001962:	2b01      	cmp	r3, #1
10001964:	d1fc      	bne.n	10001960 <runtime_init_clocks+0x14>
10001966:	2203      	movs	r2, #3
10001968:	4b25      	ldr	r3, [pc, #148]	@ (10001a00 <runtime_init_clocks+0xb4>)
1000196a:	601a      	str	r2, [r3, #0]
1000196c:	4a22      	ldr	r2, [pc, #136]	@ (100019f8 <runtime_init_clocks+0xac>)
1000196e:	6b93      	ldr	r3, [r2, #56]	@ 0x38
10001970:	2b01      	cmp	r3, #1
10001972:	d1fc      	bne.n	1000196e <runtime_init_clocks+0x22>
10001974:	3301      	adds	r3, #1
10001976:	9300      	str	r3, [sp, #0]
10001978:	2101      	movs	r1, #1
1000197a:	4a22      	ldr	r2, [pc, #136]	@ (10001a04 <runtime_init_clocks+0xb8>)
1000197c:	4822      	ldr	r0, [pc, #136]	@ (10001a08 <runtime_init_clocks+0xbc>)
1000197e:	3304      	adds	r3, #4
10001980:	f7ff fe8c 	bl	1000169c <pll_init>
10001984:	2305      	movs	r3, #5
10001986:	2101      	movs	r1, #1
10001988:	9300      	str	r3, [sp, #0]
1000198a:	4a20      	ldr	r2, [pc, #128]	@ (10001a0c <runtime_init_clocks+0xc0>)
1000198c:	4820      	ldr	r0, [pc, #128]	@ (10001a10 <runtime_init_clocks+0xc4>)
1000198e:	f7ff fe85 	bl	1000169c <pll_init>
10001992:	2200      	movs	r2, #0
10001994:	2102      	movs	r1, #2
10001996:	2004      	movs	r0, #4
10001998:	4b1e      	ldr	r3, [pc, #120]	@ (10001a14 <runtime_init_clocks+0xc8>)
1000199a:	f7ff fe05 	bl	100015a8 <clock_configure_undivided>
1000199e:	2200      	movs	r2, #0
100019a0:	2101      	movs	r1, #1
100019a2:	2005      	movs	r0, #5
100019a4:	4b1c      	ldr	r3, [pc, #112]	@ (10001a18 <runtime_init_clocks+0xcc>)
100019a6:	f7ff fdff 	bl	100015a8 <clock_configure_undivided>
100019aa:	2200      	movs	r2, #0
100019ac:	2100      	movs	r1, #0
100019ae:	2007      	movs	r0, #7
100019b0:	4b1a      	ldr	r3, [pc, #104]	@ (10001a1c <runtime_init_clocks+0xd0>)
100019b2:	f7ff fdf9 	bl	100015a8 <clock_configure_undivided>
100019b6:	2200      	movs	r2, #0
100019b8:	2100      	movs	r1, #0
100019ba:	2008      	movs	r0, #8
100019bc:	4b17      	ldr	r3, [pc, #92]	@ (10001a1c <runtime_init_clocks+0xd0>)
100019be:	f7ff fdf3 	bl	100015a8 <clock_configure_undivided>
100019c2:	2380      	movs	r3, #128	@ 0x80
100019c4:	00db      	lsls	r3, r3, #3
100019c6:	9300      	str	r3, [sp, #0]
100019c8:	2200      	movs	r2, #0
100019ca:	2100      	movs	r1, #0
100019cc:	2009      	movs	r0, #9
100019ce:	4b13      	ldr	r3, [pc, #76]	@ (10001a1c <runtime_init_clocks+0xd0>)
100019d0:	f7ff fd70 	bl	100014b4 <clock_configure_int_divider>
100019d4:	2200      	movs	r2, #0
100019d6:	4b10      	ldr	r3, [pc, #64]	@ (10001a18 <runtime_init_clocks+0xcc>)
100019d8:	2100      	movs	r1, #0
100019da:	2006      	movs	r0, #6
100019dc:	f7ff fde4 	bl	100015a8 <clock_configure_undivided>
100019e0:	2004      	movs	r0, #4
100019e2:	f7ff fe55 	bl	10001690 <clock_get_hz>
100019e6:	490e      	ldr	r1, [pc, #56]	@ (10001a20 <runtime_init_clocks+0xd4>)
100019e8:	f000 f824 	bl	10001a34 <__wrap___aeabi_uidiv>
100019ec:	0001      	movs	r1, r0
100019ee:	2000      	movs	r0, #0
100019f0:	f7ff fea6 	bl	10001740 <tick_start>
100019f4:	b002      	add	sp, #8
100019f6:	bd10      	pop	{r4, pc}
100019f8:	40008000 	.word	0x40008000
100019fc:	4000b03c 	.word	0x4000b03c
10001a00:	4000b030 	.word	0x4000b030
10001a04:	59682f00 	.word	0x59682f00
10001a08:	40028000 	.word	0x40028000
10001a0c:	47868c00 	.word	0x47868c00
10001a10:	4002c000 	.word	0x4002c000
10001a14:	00b71b00 	.word	0x00b71b00
10001a18:	07735940 	.word	0x07735940
10001a1c:	02dc6c00 	.word	0x02dc6c00
10001a20:	000f4240 	.word	0x000f4240

10001a24 <__aeabi_bits_init>:
10001a24:	4801      	ldr	r0, [pc, #4]	@ (10001a2c <__aeabi_bits_init+0x8>)
10001a26:	2104      	movs	r1, #4
10001a28:	4b01      	ldr	r3, [pc, #4]	@ (10001a30 <__aeabi_bits_init+0xc>)
10001a2a:	4718      	bx	r3
10001a2c:	20000fd0 	.word	0x20000fd0
10001a30:	10001771 	.word	0x10001771

10001a34 <__wrap___aeabi_uidiv>:
10001a34:	4a11      	ldr	r2, [pc, #68]	@ (10001a7c <divmod_u32u32_savestate+0x18>)
10001a36:	6f93      	ldr	r3, [r2, #120]	@ 0x78
10001a38:	089b      	lsrs	r3, r3, #2
10001a3a:	d213      	bcs.n	10001a64 <divmod_u32u32_savestate>

10001a3c <divmod_u32u32_unsafe>:
10001a3c:	6610      	str	r0, [r2, #96]	@ 0x60
10001a3e:	6651      	str	r1, [r2, #100]	@ 0x64
10001a40:	2900      	cmp	r1, #0
10001a42:	d005      	beq.n	10001a50 <divmod_u32u32_unsafe+0x14>
10001a44:	e7ff      	b.n	10001a46 <divmod_u32u32_unsafe+0xa>
10001a46:	e7ff      	b.n	10001a48 <divmod_u32u32_unsafe+0xc>
10001a48:	e7ff      	b.n	10001a4a <divmod_u32u32_unsafe+0xe>
10001a4a:	6f51      	ldr	r1, [r2, #116]	@ 0x74
10001a4c:	6f10      	ldr	r0, [r2, #112]	@ 0x70
10001a4e:	4770      	bx	lr
10001a50:	b504      	push	{r2, lr}
10001a52:	2800      	cmp	r0, #0
10001a54:	d001      	beq.n	10001a5a <divmod_u32u32_unsafe+0x1e>
10001a56:	2000      	movs	r0, #0
10001a58:	43c0      	mvns	r0, r0
10001a5a:	f002 fa55 	bl	10003f08 <____aeabi_idiv0_veneer>
10001a5e:	2100      	movs	r1, #0
10001a60:	bd04      	pop	{r2, pc}
10001a62:	46c0      	nop			@ (mov r8, r8)

10001a64 <divmod_u32u32_savestate>:
10001a64:	b5f0      	push	{r4, r5, r6, r7, lr}
10001a66:	6e14      	ldr	r4, [r2, #96]	@ 0x60
10001a68:	6e55      	ldr	r5, [r2, #100]	@ 0x64
10001a6a:	6f57      	ldr	r7, [r2, #116]	@ 0x74
10001a6c:	6f16      	ldr	r6, [r2, #112]	@ 0x70
10001a6e:	f7ff ffe5 	bl	10001a3c <divmod_u32u32_unsafe>
10001a72:	6614      	str	r4, [r2, #96]	@ 0x60
10001a74:	6655      	str	r5, [r2, #100]	@ 0x64
10001a76:	6757      	str	r7, [r2, #116]	@ 0x74
10001a78:	6716      	str	r6, [r2, #112]	@ 0x70
10001a7a:	bdf0      	pop	{r4, r5, r6, r7, pc}
10001a7c:	d0000000 	.word	0xd0000000

10001a80 <__aeabi_double_init>:
10001a80:	2313      	movs	r3, #19
10001a82:	b570      	push	{r4, r5, r6, lr}
10001a84:	781d      	ldrb	r5, [r3, #0]
10001a86:	2d01      	cmp	r5, #1
10001a88:	d019      	beq.n	10001abe <__aeabi_double_init+0x3e>
10001a8a:	dd14      	ble.n	10001ab6 <__aeabi_double_init+0x36>
10001a8c:	481f      	ldr	r0, [pc, #124]	@ (10001b0c <__aeabi_double_init+0x8c>)
10001a8e:	f7ff fe67 	bl	10001760 <rom_data_lookup>
10001a92:	0006      	movs	r6, r0
10001a94:	481e      	ldr	r0, [pc, #120]	@ (10001b10 <__aeabi_double_init+0x90>)
10001a96:	f7ff fe63 	bl	10001760 <rom_data_lookup>
10001a9a:	4c1e      	ldr	r4, [pc, #120]	@ (10001b14 <__aeabi_double_init+0x94>)
10001a9c:	2280      	movs	r2, #128	@ 0x80
10001a9e:	0031      	movs	r1, r6
10001aa0:	0020      	movs	r0, r4
10001aa2:	f000 f8c5 	bl	10001c30 <__wrap___aeabi_memcpy>
10001aa6:	2d02      	cmp	r5, #2
10001aa8:	d02d      	beq.n	10001b06 <__aeabi_double_init+0x86>
10001aaa:	481b      	ldr	r0, [pc, #108]	@ (10001b18 <__aeabi_double_init+0x98>)
10001aac:	f7ff fe50 	bl	10001750 <rom_func_lookup>
10001ab0:	4b1a      	ldr	r3, [pc, #104]	@ (10001b1c <__aeabi_double_init+0x9c>)
10001ab2:	6018      	str	r0, [r3, #0]
10001ab4:	bd70      	pop	{r4, r5, r6, pc}
10001ab6:	4b1a      	ldr	r3, [pc, #104]	@ (10001b20 <__aeabi_double_init+0xa0>)
10001ab8:	4c16      	ldr	r4, [pc, #88]	@ (10001b14 <__aeabi_double_init+0x94>)
10001aba:	64a3      	str	r3, [r4, #72]	@ 0x48
10001abc:	e7f5      	b.n	10001aaa <__aeabi_double_init+0x2a>
10001abe:	4b18      	ldr	r3, [pc, #96]	@ (10001b20 <__aeabi_double_init+0xa0>)
10001ac0:	4c14      	ldr	r4, [pc, #80]	@ (10001b14 <__aeabi_double_init+0x94>)
10001ac2:	6023      	str	r3, [r4, #0]
10001ac4:	6063      	str	r3, [r4, #4]
10001ac6:	60a3      	str	r3, [r4, #8]
10001ac8:	60e3      	str	r3, [r4, #12]
10001aca:	6123      	str	r3, [r4, #16]
10001acc:	6163      	str	r3, [r4, #20]
10001ace:	61a3      	str	r3, [r4, #24]
10001ad0:	61e3      	str	r3, [r4, #28]
10001ad2:	6223      	str	r3, [r4, #32]
10001ad4:	6263      	str	r3, [r4, #36]	@ 0x24
10001ad6:	62a3      	str	r3, [r4, #40]	@ 0x28
10001ad8:	62e3      	str	r3, [r4, #44]	@ 0x2c
10001ada:	6323      	str	r3, [r4, #48]	@ 0x30
10001adc:	6363      	str	r3, [r4, #52]	@ 0x34
10001ade:	63a3      	str	r3, [r4, #56]	@ 0x38
10001ae0:	63e3      	str	r3, [r4, #60]	@ 0x3c
10001ae2:	6423      	str	r3, [r4, #64]	@ 0x40
10001ae4:	6463      	str	r3, [r4, #68]	@ 0x44
10001ae6:	64a3      	str	r3, [r4, #72]	@ 0x48
10001ae8:	64e3      	str	r3, [r4, #76]	@ 0x4c
10001aea:	6523      	str	r3, [r4, #80]	@ 0x50
10001aec:	6563      	str	r3, [r4, #84]	@ 0x54
10001aee:	65a3      	str	r3, [r4, #88]	@ 0x58
10001af0:	65e3      	str	r3, [r4, #92]	@ 0x5c
10001af2:	6623      	str	r3, [r4, #96]	@ 0x60
10001af4:	6663      	str	r3, [r4, #100]	@ 0x64
10001af6:	66a3      	str	r3, [r4, #104]	@ 0x68
10001af8:	66e3      	str	r3, [r4, #108]	@ 0x6c
10001afa:	6723      	str	r3, [r4, #112]	@ 0x70
10001afc:	6763      	str	r3, [r4, #116]	@ 0x74
10001afe:	67a3      	str	r3, [r4, #120]	@ 0x78
10001b00:	67e3      	str	r3, [r4, #124]	@ 0x7c
10001b02:	64a3      	str	r3, [r4, #72]	@ 0x48
10001b04:	e7d1      	b.n	10001aaa <__aeabi_double_init+0x2a>
10001b06:	4b06      	ldr	r3, [pc, #24]	@ (10001b20 <__aeabi_double_init+0xa0>)
10001b08:	64a3      	str	r3, [r4, #72]	@ 0x48
10001b0a:	e7ce      	b.n	10001aaa <__aeabi_double_init+0x2a>
10001b0c:	00004453 	.word	0x00004453
10001b10:	00004653 	.word	0x00004653
10001b14:	200011b8 	.word	0x200011b8
10001b18:	0000334c 	.word	0x0000334c
10001b1c:	20001ddc 	.word	0x20001ddc
10001b20:	10001b25 	.word	0x10001b25

10001b24 <double_table_shim_on_use_helper>:
10001b24:	b507      	push	{r0, r1, r2, lr}
10001b26:	4660      	mov	r0, ip
10001b28:	8801      	ldrh	r1, [r0, #0]
10001b2a:	0a0a      	lsrs	r2, r1, #8
10001b2c:	3002      	adds	r0, #2
10001b2e:	2adf      	cmp	r2, #223	@ 0xdf
10001b30:	d1fa      	bne.n	10001b28 <double_table_shim_on_use_helper+0x4>
10001b32:	b2c9      	uxtb	r1, r1
10001b34:	0882      	lsrs	r2, r0, #2
10001b36:	d304      	bcc.n	10001b42 <double_table_shim_on_use_helper+0x1e>
10001b38:	8802      	ldrh	r2, [r0, #0]
10001b3a:	8840      	ldrh	r0, [r0, #2]
10001b3c:	0400      	lsls	r0, r0, #16
10001b3e:	4310      	orrs	r0, r2
10001b40:	e000      	b.n	10001b44 <double_table_shim_on_use_helper+0x20>
10001b42:	6800      	ldr	r0, [r0, #0]
10001b44:	4a01      	ldr	r2, [pc, #4]	@ (10001b4c <double_table_shim_on_use_helper+0x28>)
10001b46:	5050      	str	r0, [r2, r1]
10001b48:	9003      	str	r0, [sp, #12]
10001b4a:	bd07      	pop	{r0, r1, r2, pc}
10001b4c:	200011b8 	.word	0x200011b8

10001b50 <__wrap___aeabi_lmul>:
10001b50:	4351      	muls	r1, r2
10001b52:	4343      	muls	r3, r0
10001b54:	18c9      	adds	r1, r1, r3
10001b56:	468c      	mov	ip, r1
10001b58:	0c11      	lsrs	r1, r2, #16
10001b5a:	b283      	uxth	r3, r0
10001b5c:	434b      	muls	r3, r1
10001b5e:	b410      	push	{r4}
10001b60:	0c04      	lsrs	r4, r0, #16
10001b62:	4361      	muls	r1, r4
10001b64:	b292      	uxth	r2, r2
10001b66:	b280      	uxth	r0, r0
10001b68:	4350      	muls	r0, r2
10001b6a:	4362      	muls	r2, r4
10001b6c:	041c      	lsls	r4, r3, #16
10001b6e:	0c1b      	lsrs	r3, r3, #16
10001b70:	1900      	adds	r0, r0, r4
10001b72:	bc10      	pop	{r4}
10001b74:	4159      	adcs	r1, r3
10001b76:	0413      	lsls	r3, r2, #16
10001b78:	0c12      	lsrs	r2, r2, #16
10001b7a:	18c0      	adds	r0, r0, r3
10001b7c:	4151      	adcs	r1, r2
10001b7e:	4461      	add	r1, ip
10001b80:	4770      	bx	lr
	...

10001b84 <__aeabi_float_init>:
10001b84:	2313      	movs	r3, #19
10001b86:	b510      	push	{r4, lr}
10001b88:	4812      	ldr	r0, [pc, #72]	@ (10001bd4 <__aeabi_float_init+0x50>)
10001b8a:	781c      	ldrb	r4, [r3, #0]
10001b8c:	f7ff fde8 	bl	10001760 <rom_data_lookup>
10001b90:	0001      	movs	r1, r0
10001b92:	2c01      	cmp	r4, #1
10001b94:	d00a      	beq.n	10001bac <__aeabi_float_init+0x28>
10001b96:	dd03      	ble.n	10001ba0 <__aeabi_float_init+0x1c>
10001b98:	2280      	movs	r2, #128	@ 0x80
10001b9a:	480f      	ldr	r0, [pc, #60]	@ (10001bd8 <__aeabi_float_init+0x54>)
10001b9c:	f000 f848 	bl	10001c30 <__wrap___aeabi_memcpy>
10001ba0:	480e      	ldr	r0, [pc, #56]	@ (10001bdc <__aeabi_float_init+0x58>)
10001ba2:	f7ff fdd5 	bl	10001750 <rom_func_lookup>
10001ba6:	4b0e      	ldr	r3, [pc, #56]	@ (10001be0 <__aeabi_float_init+0x5c>)
10001ba8:	6018      	str	r0, [r3, #0]
10001baa:	bd10      	pop	{r4, pc}
10001bac:	4c0a      	ldr	r4, [pc, #40]	@ (10001bd8 <__aeabi_float_init+0x54>)
10001bae:	2254      	movs	r2, #84	@ 0x54
10001bb0:	0020      	movs	r0, r4
10001bb2:	f000 f83d 	bl	10001c30 <__wrap___aeabi_memcpy>
10001bb6:	4b0b      	ldr	r3, [pc, #44]	@ (10001be4 <__aeabi_float_init+0x60>)
10001bb8:	6563      	str	r3, [r4, #84]	@ 0x54
10001bba:	65a3      	str	r3, [r4, #88]	@ 0x58
10001bbc:	65e3      	str	r3, [r4, #92]	@ 0x5c
10001bbe:	6623      	str	r3, [r4, #96]	@ 0x60
10001bc0:	6663      	str	r3, [r4, #100]	@ 0x64
10001bc2:	66a3      	str	r3, [r4, #104]	@ 0x68
10001bc4:	66e3      	str	r3, [r4, #108]	@ 0x6c
10001bc6:	6723      	str	r3, [r4, #112]	@ 0x70
10001bc8:	6763      	str	r3, [r4, #116]	@ 0x74
10001bca:	67a3      	str	r3, [r4, #120]	@ 0x78
10001bcc:	67e3      	str	r3, [r4, #124]	@ 0x7c
10001bce:	6223      	str	r3, [r4, #32]
10001bd0:	61e3      	str	r3, [r4, #28]
10001bd2:	e7e5      	b.n	10001ba0 <__aeabi_float_init+0x1c>
10001bd4:	00004653 	.word	0x00004653
10001bd8:	200012b8 	.word	0x200012b8
10001bdc:	0000334c 	.word	0x0000334c
10001be0:	20001ddc 	.word	0x20001ddc
10001be4:	10001be9 	.word	0x10001be9

10001be8 <float_table_shim_on_use_helper>:
10001be8:	b507      	push	{r0, r1, r2, lr}
10001bea:	4660      	mov	r0, ip
10001bec:	8801      	ldrh	r1, [r0, #0]
10001bee:	0a0a      	lsrs	r2, r1, #8
10001bf0:	3002      	adds	r0, #2
10001bf2:	2adf      	cmp	r2, #223	@ 0xdf
10001bf4:	d1fa      	bne.n	10001bec <float_table_shim_on_use_helper+0x4>
10001bf6:	b2c9      	uxtb	r1, r1
10001bf8:	0882      	lsrs	r2, r0, #2
10001bfa:	d304      	bcc.n	10001c06 <float_table_shim_on_use_helper+0x1e>
10001bfc:	8802      	ldrh	r2, [r0, #0]
10001bfe:	8840      	ldrh	r0, [r0, #2]
10001c00:	0400      	lsls	r0, r0, #16
10001c02:	4310      	orrs	r0, r2
10001c04:	e000      	b.n	10001c08 <float_table_shim_on_use_helper+0x20>
10001c06:	6800      	ldr	r0, [r0, #0]
10001c08:	4a01      	ldr	r2, [pc, #4]	@ (10001c10 <float_table_shim_on_use_helper+0x28>)
10001c0a:	5050      	str	r0, [r2, r1]
10001c0c:	9003      	str	r0, [sp, #12]
10001c0e:	bd07      	pop	{r0, r1, r2, pc}
10001c10:	200012b8 	.word	0x200012b8

10001c14 <__aeabi_mem_init>:
10001c14:	4801      	ldr	r0, [pc, #4]	@ (10001c1c <__aeabi_mem_init+0x8>)
10001c16:	2104      	movs	r1, #4
10001c18:	4b01      	ldr	r3, [pc, #4]	@ (10001c20 <__aeabi_mem_init+0xc>)
10001c1a:	4718      	bx	r3
10001c1c:	20000fe0 	.word	0x20000fe0
10001c20:	10001771 	.word	0x10001771

10001c24 <__wrap_memset>:
10001c24:	4b01      	ldr	r3, [pc, #4]	@ (10001c2c <__wrap_memset+0x8>)
10001c26:	681b      	ldr	r3, [r3, #0]
10001c28:	4718      	bx	r3
10001c2a:	0000      	.short	0x0000
10001c2c:	20000fe0 	.word	0x20000fe0

10001c30 <__wrap___aeabi_memcpy>:
10001c30:	4b01      	ldr	r3, [pc, #4]	@ (10001c38 <__wrap___aeabi_memcpy+0x8>)
10001c32:	685b      	ldr	r3, [r3, #4]
10001c34:	4718      	bx	r3
10001c36:	0000      	.short	0x0000
10001c38:	20000fe0 	.word	0x20000fe0

10001c3c <_out_char>:
10001c3c:	b510      	push	{r4, lr}
10001c3e:	2800      	cmp	r0, #0
10001c40:	d100      	bne.n	10001c44 <_out_char+0x8>
10001c42:	bd10      	pop	{r4, pc}
10001c44:	f000 f920 	bl	10001e88 <__wrap_putchar>
10001c48:	e7fb      	b.n	10001c42 <_out_char+0x6>
10001c4a:	46c0      	nop			@ (mov r8, r8)

10001c4c <weak_raw_vprintf>:
10001c4c:	b510      	push	{r4, lr}
10001c4e:	4a09      	ldr	r2, [pc, #36]	@ (10001c74 <weak_raw_vprintf+0x28>)
10001c50:	0003      	movs	r3, r0
10001c52:	6814      	ldr	r4, [r2, #0]
10001c54:	b084      	sub	sp, #16
10001c56:	2c00      	cmp	r4, #0
10001c58:	d008      	beq.n	10001c6c <weak_raw_vprintf+0x20>
10001c5a:	2201      	movs	r2, #1
10001c5c:	9100      	str	r1, [sp, #0]
10001c5e:	4806      	ldr	r0, [pc, #24]	@ (10001c78 <weak_raw_vprintf+0x2c>)
10001c60:	4252      	negs	r2, r2
10001c62:	a903      	add	r1, sp, #12
10001c64:	47a0      	blx	r4
10001c66:	2001      	movs	r0, #1
10001c68:	b004      	add	sp, #16
10001c6a:	bd10      	pop	{r4, pc}
10001c6c:	f000 f958 	bl	10001f20 <__wrap_puts>
10001c70:	2000      	movs	r0, #0
10001c72:	e7f9      	b.n	10001c68 <weak_raw_vprintf+0x1c>
10001c74:	20001dbc 	.word	0x20001dbc
10001c78:	10001c3d 	.word	0x10001c3d

10001c7c <_exit>:
10001c7c:	be00      	bkpt	0x0000
10001c7e:	e7fd      	b.n	10001c7c <_exit>

10001c80 <exit>:
10001c80:	b510      	push	{r4, lr}
10001c82:	f7ff fffb 	bl	10001c7c <_exit>
10001c86:	46c0      	nop			@ (mov r8, r8)

10001c88 <runtime_init>:
10001c88:	b570      	push	{r4, r5, r6, lr}
10001c8a:	f7ff fdaf 	bl	100017ec <runtime_run_initializers>
10001c8e:	4d07      	ldr	r5, [pc, #28]	@ (10001cac <runtime_init+0x24>)
10001c90:	4e07      	ldr	r6, [pc, #28]	@ (10001cb0 <runtime_init+0x28>)
10001c92:	42b5      	cmp	r5, r6
10001c94:	d209      	bcs.n	10001caa <runtime_init+0x22>
10001c96:	2400      	movs	r4, #0
10001c98:	3e01      	subs	r6, #1
10001c9a:	1b76      	subs	r6, r6, r5
10001c9c:	08b6      	lsrs	r6, r6, #2
10001c9e:	cd08      	ldmia	r5!, {r3}
10001ca0:	4798      	blx	r3
10001ca2:	0023      	movs	r3, r4
10001ca4:	3401      	adds	r4, #1
10001ca6:	42b3      	cmp	r3, r6
10001ca8:	d1f9      	bne.n	10001c9e <runtime_init+0x16>
10001caa:	bd70      	pop	{r4, r5, r6, pc}
10001cac:	10003fb4 	.word	0x10003fb4
10001cb0:	10003fc0 	.word	0x10003fc0

10001cb4 <stdio_out_chars_no_crlf>:
10001cb4:	0003      	movs	r3, r0
10001cb6:	b510      	push	{r4, lr}
10001cb8:	0008      	movs	r0, r1
10001cba:	0011      	movs	r1, r2
10001cbc:	681b      	ldr	r3, [r3, #0]
10001cbe:	4798      	blx	r3
10001cc0:	bd10      	pop	{r4, pc}
10001cc2:	46c0      	nop			@ (mov r8, r8)

10001cc4 <stdio_out_chars_crlf>:
10001cc4:	b5f0      	push	{r4, r5, r6, r7, lr}
10001cc6:	46c6      	mov	lr, r8
10001cc8:	b500      	push	{lr}
10001cca:	7d43      	ldrb	r3, [r0, #21]
10001ccc:	0007      	movs	r7, r0
10001cce:	000d      	movs	r5, r1
10001cd0:	0016      	movs	r6, r2
10001cd2:	2b00      	cmp	r3, #0
10001cd4:	d038      	beq.n	10001d48 <stdio_out_chars_crlf+0x84>
10001cd6:	2a00      	cmp	r2, #0
10001cd8:	dd2e      	ble.n	10001d38 <stdio_out_chars_crlf+0x74>
10001cda:	2100      	movs	r1, #0
10001cdc:	1e6a      	subs	r2, r5, #1
10001cde:	4690      	mov	r8, r2
10001ce0:	5c6a      	ldrb	r2, [r5, r1]
10001ce2:	7d03      	ldrb	r3, [r0, #20]
10001ce4:	1c4c      	adds	r4, r1, #1
10001ce6:	2000      	movs	r0, #0
10001ce8:	2a0a      	cmp	r2, #10
10001cea:	d00c      	beq.n	10001d06 <stdio_out_chars_crlf+0x42>
10001cec:	42a6      	cmp	r6, r4
10001cee:	d016      	beq.n	10001d1e <stdio_out_chars_crlf+0x5a>
10001cf0:	4643      	mov	r3, r8
10001cf2:	5d1b      	ldrb	r3, [r3, r4]
10001cf4:	0021      	movs	r1, r4
10001cf6:	3b0d      	subs	r3, #13
10001cf8:	425a      	negs	r2, r3
10001cfa:	4153      	adcs	r3, r2
10001cfc:	5c6a      	ldrb	r2, [r5, r1]
10001cfe:	b2db      	uxtb	r3, r3
10001d00:	1c4c      	adds	r4, r1, #1
10001d02:	2a0a      	cmp	r2, #10
10001d04:	d1f2      	bne.n	10001cec <stdio_out_chars_crlf+0x28>
10001d06:	2b00      	cmp	r3, #0
10001d08:	d1f0      	bne.n	10001cec <stdio_out_chars_crlf+0x28>
10001d0a:	4288      	cmp	r0, r1
10001d0c:	db17      	blt.n	10001d3e <stdio_out_chars_crlf+0x7a>
10001d0e:	2102      	movs	r1, #2
10001d10:	4810      	ldr	r0, [pc, #64]	@ (10001d54 <stdio_out_chars_crlf+0x90>)
10001d12:	683b      	ldr	r3, [r7, #0]
10001d14:	4798      	blx	r3
10001d16:	42a6      	cmp	r6, r4
10001d18:	d007      	beq.n	10001d2a <stdio_out_chars_crlf+0x66>
10001d1a:	0020      	movs	r0, r4
10001d1c:	e7e8      	b.n	10001cf0 <stdio_out_chars_crlf+0x2c>
10001d1e:	4286      	cmp	r6, r0
10001d20:	dd03      	ble.n	10001d2a <stdio_out_chars_crlf+0x66>
10001d22:	1a31      	subs	r1, r6, r0
10001d24:	683b      	ldr	r3, [r7, #0]
10001d26:	1828      	adds	r0, r5, r0
10001d28:	4798      	blx	r3
10001d2a:	19ad      	adds	r5, r5, r6
10001d2c:	3d01      	subs	r5, #1
10001d2e:	782b      	ldrb	r3, [r5, #0]
10001d30:	3b0d      	subs	r3, #13
10001d32:	425a      	negs	r2, r3
10001d34:	4153      	adcs	r3, r2
10001d36:	753b      	strb	r3, [r7, #20]
10001d38:	bc80      	pop	{r7}
10001d3a:	46b8      	mov	r8, r7
10001d3c:	bdf0      	pop	{r4, r5, r6, r7, pc}
10001d3e:	1a09      	subs	r1, r1, r0
10001d40:	683b      	ldr	r3, [r7, #0]
10001d42:	1828      	adds	r0, r5, r0
10001d44:	4798      	blx	r3
10001d46:	e7e2      	b.n	10001d0e <stdio_out_chars_crlf+0x4a>
10001d48:	6803      	ldr	r3, [r0, #0]
10001d4a:	0011      	movs	r1, r2
10001d4c:	0028      	movs	r0, r5
10001d4e:	4798      	blx	r3
10001d50:	e7f2      	b.n	10001d38 <stdio_out_chars_crlf+0x74>
10001d52:	46c0      	nop			@ (mov r8, r8)
10001d54:	100041f0 	.word	0x100041f0

10001d58 <stdio_put_string>:
10001d58:	b5f0      	push	{r4, r5, r6, r7, lr}
10001d5a:	46de      	mov	lr, fp
10001d5c:	4657      	mov	r7, sl
10001d5e:	464e      	mov	r6, r9
10001d60:	4645      	mov	r5, r8
10001d62:	b5e0      	push	{r5, r6, r7, lr}
10001d64:	b085      	sub	sp, #20
10001d66:	0017      	movs	r7, r2
10001d68:	001c      	movs	r4, r3
10001d6a:	0006      	movs	r6, r0
10001d6c:	000d      	movs	r5, r1
10001d6e:	f7ff fad3 	bl	10001318 <time_us_64>
10001d72:	2300      	movs	r3, #0
10001d74:	4a31      	ldr	r2, [pc, #196]	@ (10001e3c <stdio_put_string+0xe4>)
10001d76:	1812      	adds	r2, r2, r0
10001d78:	414b      	adcs	r3, r1
10001d7a:	2180      	movs	r1, #128	@ 0x80
10001d7c:	0609      	lsls	r1, r1, #24
10001d7e:	428b      	cmp	r3, r1
10001d80:	d302      	bcc.n	10001d88 <stdio_put_string+0x30>
10001d82:	2201      	movs	r2, #1
10001d84:	4b2e      	ldr	r3, [pc, #184]	@ (10001e40 <stdio_put_string+0xe8>)
10001d86:	4252      	negs	r2, r2
10001d88:	492e      	ldr	r1, [pc, #184]	@ (10001e44 <stdio_put_string+0xec>)
10001d8a:	0008      	movs	r0, r1
10001d8c:	468a      	mov	sl, r1
10001d8e:	f002 f8db 	bl	10003f48 <__mutex_try_enter_block_until_veneer>
10001d92:	9001      	str	r0, [sp, #4]
10001d94:	1c6b      	adds	r3, r5, #1
10001d96:	d103      	bne.n	10001da0 <stdio_put_string+0x48>
10001d98:	0030      	movs	r0, r6
10001d9a:	f002 f80f 	bl	10003dbc <strlen>
10001d9e:	0005      	movs	r5, r0
10001da0:	2c00      	cmp	r4, #0
10001da2:	d026      	beq.n	10001df2 <stdio_put_string+0x9a>
10001da4:	4b28      	ldr	r3, [pc, #160]	@ (10001e48 <stdio_put_string+0xf0>)
10001da6:	4698      	mov	r8, r3
10001da8:	4b28      	ldr	r3, [pc, #160]	@ (10001e4c <stdio_put_string+0xf4>)
10001daa:	681c      	ldr	r4, [r3, #0]
10001dac:	2c00      	cmp	r4, #0
10001dae:	d015      	beq.n	10001ddc <stdio_put_string+0x84>
10001db0:	2f00      	cmp	r7, #0
10001db2:	d121      	bne.n	10001df8 <stdio_put_string+0xa0>
10001db4:	4f26      	ldr	r7, [pc, #152]	@ (10001e50 <stdio_put_string+0xf8>)
10001db6:	e002      	b.n	10001dbe <stdio_put_string+0x66>
10001db8:	6924      	ldr	r4, [r4, #16]
10001dba:	2c00      	cmp	r4, #0
10001dbc:	d00e      	beq.n	10001ddc <stdio_put_string+0x84>
10001dbe:	6823      	ldr	r3, [r4, #0]
10001dc0:	2b00      	cmp	r3, #0
10001dc2:	d0f9      	beq.n	10001db8 <stdio_put_string+0x60>
10001dc4:	683b      	ldr	r3, [r7, #0]
10001dc6:	2b00      	cmp	r3, #0
10001dc8:	d001      	beq.n	10001dce <stdio_put_string+0x76>
10001dca:	429c      	cmp	r4, r3
10001dcc:	d1f4      	bne.n	10001db8 <stdio_put_string+0x60>
10001dce:	0020      	movs	r0, r4
10001dd0:	002a      	movs	r2, r5
10001dd2:	0031      	movs	r1, r6
10001dd4:	47c0      	blx	r8
10001dd6:	6924      	ldr	r4, [r4, #16]
10001dd8:	2c00      	cmp	r4, #0
10001dda:	d1f0      	bne.n	10001dbe <stdio_put_string+0x66>
10001ddc:	9b01      	ldr	r3, [sp, #4]
10001dde:	2b00      	cmp	r3, #0
10001de0:	d128      	bne.n	10001e34 <stdio_put_string+0xdc>
10001de2:	0028      	movs	r0, r5
10001de4:	b005      	add	sp, #20
10001de6:	bcf0      	pop	{r4, r5, r6, r7}
10001de8:	46bb      	mov	fp, r7
10001dea:	46b2      	mov	sl, r6
10001dec:	46a9      	mov	r9, r5
10001dee:	46a0      	mov	r8, r4
10001df0:	bdf0      	pop	{r4, r5, r6, r7, pc}
10001df2:	4b18      	ldr	r3, [pc, #96]	@ (10001e54 <stdio_put_string+0xfc>)
10001df4:	4698      	mov	r8, r3
10001df6:	e7d7      	b.n	10001da8 <stdio_put_string+0x50>
10001df8:	4b15      	ldr	r3, [pc, #84]	@ (10001e50 <stdio_put_string+0xf8>)
10001dfa:	4699      	mov	r9, r3
10001dfc:	ab02      	add	r3, sp, #8
10001dfe:	1ddf      	adds	r7, r3, #7
10001e00:	230a      	movs	r3, #10
10001e02:	469b      	mov	fp, r3
10001e04:	e002      	b.n	10001e0c <stdio_put_string+0xb4>
10001e06:	6924      	ldr	r4, [r4, #16]
10001e08:	2c00      	cmp	r4, #0
10001e0a:	d0e7      	beq.n	10001ddc <stdio_put_string+0x84>
10001e0c:	6823      	ldr	r3, [r4, #0]
10001e0e:	2b00      	cmp	r3, #0
10001e10:	d0f9      	beq.n	10001e06 <stdio_put_string+0xae>
10001e12:	464b      	mov	r3, r9
10001e14:	681b      	ldr	r3, [r3, #0]
10001e16:	2b00      	cmp	r3, #0
10001e18:	d001      	beq.n	10001e1e <stdio_put_string+0xc6>
10001e1a:	42a3      	cmp	r3, r4
10001e1c:	d1f3      	bne.n	10001e06 <stdio_put_string+0xae>
10001e1e:	002a      	movs	r2, r5
10001e20:	0031      	movs	r1, r6
10001e22:	0020      	movs	r0, r4
10001e24:	47c0      	blx	r8
10001e26:	465b      	mov	r3, fp
10001e28:	2201      	movs	r2, #1
10001e2a:	0039      	movs	r1, r7
10001e2c:	0020      	movs	r0, r4
10001e2e:	703b      	strb	r3, [r7, #0]
10001e30:	47c0      	blx	r8
10001e32:	e7e8      	b.n	10001e06 <stdio_put_string+0xae>
10001e34:	4650      	mov	r0, sl
10001e36:	f002 f857 	bl	10003ee8 <__mutex_exit_veneer>
10001e3a:	e7d2      	b.n	10001de2 <stdio_put_string+0x8a>
10001e3c:	000f4240 	.word	0x000f4240
10001e40:	7fffffff 	.word	0x7fffffff
10001e44:	20001030 	.word	0x20001030
10001e48:	10001cc5 	.word	0x10001cc5
10001e4c:	200019b0 	.word	0x200019b0
10001e50:	200019b8 	.word	0x200019b8
10001e54:	10001cb5 	.word	0x10001cb5

10001e58 <stdio_set_driver_enabled>:
10001e58:	4a0a      	ldr	r2, [pc, #40]	@ (10001e84 <stdio_set_driver_enabled+0x2c>)
10001e5a:	6813      	ldr	r3, [r2, #0]
10001e5c:	2b00      	cmp	r3, #0
10001e5e:	d105      	bne.n	10001e6c <stdio_set_driver_enabled+0x14>
10001e60:	e00c      	b.n	10001e7c <stdio_set_driver_enabled+0x24>
10001e62:	001a      	movs	r2, r3
10001e64:	691b      	ldr	r3, [r3, #16]
10001e66:	3210      	adds	r2, #16
10001e68:	2b00      	cmp	r3, #0
10001e6a:	d007      	beq.n	10001e7c <stdio_set_driver_enabled+0x24>
10001e6c:	4298      	cmp	r0, r3
10001e6e:	d1f8      	bne.n	10001e62 <stdio_set_driver_enabled+0xa>
10001e70:	2900      	cmp	r1, #0
10001e72:	d102      	bne.n	10001e7a <stdio_set_driver_enabled+0x22>
10001e74:	6903      	ldr	r3, [r0, #16]
10001e76:	6013      	str	r3, [r2, #0]
10001e78:	6101      	str	r1, [r0, #16]
10001e7a:	4770      	bx	lr
10001e7c:	2900      	cmp	r1, #0
10001e7e:	d0fc      	beq.n	10001e7a <stdio_set_driver_enabled+0x22>
10001e80:	6010      	str	r0, [r2, #0]
10001e82:	e7fa      	b.n	10001e7a <stdio_set_driver_enabled+0x22>
10001e84:	200019b0 	.word	0x200019b0

10001e88 <__wrap_putchar>:
10001e88:	b5f0      	push	{r4, r5, r6, r7, lr}
10001e8a:	46ce      	mov	lr, r9
10001e8c:	4647      	mov	r7, r8
10001e8e:	b580      	push	{r7, lr}
10001e90:	b083      	sub	sp, #12
10001e92:	466b      	mov	r3, sp
10001e94:	0006      	movs	r6, r0
10001e96:	1ddd      	adds	r5, r3, #7
10001e98:	7028      	strb	r0, [r5, #0]
10001e9a:	f7ff fa3d 	bl	10001318 <time_us_64>
10001e9e:	2300      	movs	r3, #0
10001ea0:	4a1a      	ldr	r2, [pc, #104]	@ (10001f0c <__wrap_putchar+0x84>)
10001ea2:	1812      	adds	r2, r2, r0
10001ea4:	414b      	adcs	r3, r1
10001ea6:	2180      	movs	r1, #128	@ 0x80
10001ea8:	0609      	lsls	r1, r1, #24
10001eaa:	428b      	cmp	r3, r1
10001eac:	d302      	bcc.n	10001eb4 <__wrap_putchar+0x2c>
10001eae:	2201      	movs	r2, #1
10001eb0:	4b17      	ldr	r3, [pc, #92]	@ (10001f10 <__wrap_putchar+0x88>)
10001eb2:	4252      	negs	r2, r2
10001eb4:	4917      	ldr	r1, [pc, #92]	@ (10001f14 <__wrap_putchar+0x8c>)
10001eb6:	0008      	movs	r0, r1
10001eb8:	4688      	mov	r8, r1
10001eba:	f002 f845 	bl	10003f48 <__mutex_try_enter_block_until_veneer>
10001ebe:	4b16      	ldr	r3, [pc, #88]	@ (10001f18 <__wrap_putchar+0x90>)
10001ec0:	4681      	mov	r9, r0
10001ec2:	681c      	ldr	r4, [r3, #0]
10001ec4:	2c00      	cmp	r4, #0
10001ec6:	d014      	beq.n	10001ef2 <__wrap_putchar+0x6a>
10001ec8:	4f14      	ldr	r7, [pc, #80]	@ (10001f1c <__wrap_putchar+0x94>)
10001eca:	e002      	b.n	10001ed2 <__wrap_putchar+0x4a>
10001ecc:	6924      	ldr	r4, [r4, #16]
10001ece:	2c00      	cmp	r4, #0
10001ed0:	d00f      	beq.n	10001ef2 <__wrap_putchar+0x6a>
10001ed2:	6823      	ldr	r3, [r4, #0]
10001ed4:	2b00      	cmp	r3, #0
10001ed6:	d0f9      	beq.n	10001ecc <__wrap_putchar+0x44>
10001ed8:	683b      	ldr	r3, [r7, #0]
10001eda:	2b00      	cmp	r3, #0
10001edc:	d001      	beq.n	10001ee2 <__wrap_putchar+0x5a>
10001ede:	429c      	cmp	r4, r3
10001ee0:	d1f4      	bne.n	10001ecc <__wrap_putchar+0x44>
10001ee2:	0020      	movs	r0, r4
10001ee4:	2201      	movs	r2, #1
10001ee6:	0029      	movs	r1, r5
10001ee8:	f7ff feec 	bl	10001cc4 <stdio_out_chars_crlf>
10001eec:	6924      	ldr	r4, [r4, #16]
10001eee:	2c00      	cmp	r4, #0
10001ef0:	d1ef      	bne.n	10001ed2 <__wrap_putchar+0x4a>
10001ef2:	464b      	mov	r3, r9
10001ef4:	2b00      	cmp	r3, #0
10001ef6:	d105      	bne.n	10001f04 <__wrap_putchar+0x7c>
10001ef8:	0030      	movs	r0, r6
10001efa:	b003      	add	sp, #12
10001efc:	bcc0      	pop	{r6, r7}
10001efe:	46b9      	mov	r9, r7
10001f00:	46b0      	mov	r8, r6
10001f02:	bdf0      	pop	{r4, r5, r6, r7, pc}
10001f04:	4640      	mov	r0, r8
10001f06:	f001 ffef 	bl	10003ee8 <__mutex_exit_veneer>
10001f0a:	e7f5      	b.n	10001ef8 <__wrap_putchar+0x70>
10001f0c:	000f4240 	.word	0x000f4240
10001f10:	7fffffff 	.word	0x7fffffff
10001f14:	20001030 	.word	0x20001030
10001f18:	200019b0 	.word	0x200019b0
10001f1c:	200019b8 	.word	0x200019b8

10001f20 <__wrap_puts>:
10001f20:	b570      	push	{r4, r5, r6, lr}
10001f22:	0004      	movs	r4, r0
10001f24:	f001 ff4a 	bl	10003dbc <strlen>
10001f28:	2301      	movs	r3, #1
10001f2a:	0001      	movs	r1, r0
10001f2c:	0005      	movs	r5, r0
10001f2e:	2201      	movs	r2, #1
10001f30:	0020      	movs	r0, r4
10001f32:	f7ff ff11 	bl	10001d58 <stdio_put_string>
10001f36:	4b08      	ldr	r3, [pc, #32]	@ (10001f58 <__wrap_puts+0x38>)
10001f38:	681c      	ldr	r4, [r3, #0]
10001f3a:	2c00      	cmp	r4, #0
10001f3c:	d006      	beq.n	10001f4c <__wrap_puts+0x2c>
10001f3e:	6863      	ldr	r3, [r4, #4]
10001f40:	2b00      	cmp	r3, #0
10001f42:	d005      	beq.n	10001f50 <__wrap_puts+0x30>
10001f44:	4798      	blx	r3
10001f46:	6924      	ldr	r4, [r4, #16]
10001f48:	2c00      	cmp	r4, #0
10001f4a:	d1f8      	bne.n	10001f3e <__wrap_puts+0x1e>
10001f4c:	0028      	movs	r0, r5
10001f4e:	bd70      	pop	{r4, r5, r6, pc}
10001f50:	6924      	ldr	r4, [r4, #16]
10001f52:	2c00      	cmp	r4, #0
10001f54:	d1f3      	bne.n	10001f3e <__wrap_puts+0x1e>
10001f56:	e7f9      	b.n	10001f4c <__wrap_puts+0x2c>
10001f58:	200019b0 	.word	0x200019b0

10001f5c <stdio_uart_out_chars>:
10001f5c:	b5f0      	push	{r4, r5, r6, r7, lr}
10001f5e:	2900      	cmp	r1, #0
10001f60:	dd15      	ble.n	10001f8e <stdio_uart_out_chars+0x32>
10001f62:	4b0e      	ldr	r3, [pc, #56]	@ (10001f9c <stdio_uart_out_chars+0x40>)
10001f64:	270d      	movs	r7, #13
10001f66:	681a      	ldr	r2, [r3, #0]
10001f68:	4b0d      	ldr	r3, [pc, #52]	@ (10001fa0 <stdio_uart_out_chars+0x44>)
10001f6a:	4c0e      	ldr	r4, [pc, #56]	@ (10001fa4 <stdio_uart_out_chars+0x48>)
10001f6c:	18d3      	adds	r3, r2, r3
10001f6e:	425d      	negs	r5, r3
10001f70:	416b      	adcs	r3, r5
10001f72:	1845      	adds	r5, r0, r1
10001f74:	2120      	movs	r1, #32
10001f76:	005b      	lsls	r3, r3, #1
10001f78:	5f1e      	ldrsh	r6, [r3, r4]
10001f7a:	7804      	ldrb	r4, [r0, #0]
10001f7c:	42a6      	cmp	r6, r4
10001f7e:	d007      	beq.n	10001f90 <stdio_uart_out_chars+0x34>
10001f80:	6993      	ldr	r3, [r2, #24]
10001f82:	4219      	tst	r1, r3
10001f84:	d1fc      	bne.n	10001f80 <stdio_uart_out_chars+0x24>
10001f86:	3001      	adds	r0, #1
10001f88:	6014      	str	r4, [r2, #0]
10001f8a:	42a8      	cmp	r0, r5
10001f8c:	d1f5      	bne.n	10001f7a <stdio_uart_out_chars+0x1e>
10001f8e:	bdf0      	pop	{r4, r5, r6, r7, pc}
10001f90:	6993      	ldr	r3, [r2, #24]
10001f92:	4219      	tst	r1, r3
10001f94:	d1fc      	bne.n	10001f90 <stdio_uart_out_chars+0x34>
10001f96:	6017      	str	r7, [r2, #0]
10001f98:	e7f2      	b.n	10001f80 <stdio_uart_out_chars+0x24>
10001f9a:	46c0      	nop			@ (mov r8, r8)
10001f9c:	20001dec 	.word	0x20001dec
10001fa0:	bffc8000 	.word	0xbffc8000
10001fa4:	20001de4 	.word	0x20001de4

10001fa8 <stdio_uart_in_chars>:
10001fa8:	4b20      	ldr	r3, [pc, #128]	@ (1000202c <stdio_uart_in_chars+0x84>)
10001faa:	b570      	push	{r4, r5, r6, lr}
10001fac:	0004      	movs	r4, r0
10001fae:	1e0d      	subs	r5, r1, #0
10001fb0:	681e      	ldr	r6, [r3, #0]
10001fb2:	dd2a      	ble.n	1000200a <stdio_uart_in_chars+0x62>
10001fb4:	2000      	movs	r0, #0
10001fb6:	2110      	movs	r1, #16
10001fb8:	4b1d      	ldr	r3, [pc, #116]	@ (10002030 <stdio_uart_in_chars+0x88>)
10001fba:	3c01      	subs	r4, #1
10001fbc:	681a      	ldr	r2, [r3, #0]
10001fbe:	6993      	ldr	r3, [r2, #24]
10001fc0:	4219      	tst	r1, r3
10001fc2:	d114      	bne.n	10001fee <stdio_uart_in_chars+0x46>
10001fc4:	3001      	adds	r0, #1
10001fc6:	6993      	ldr	r3, [r2, #24]
10001fc8:	4219      	tst	r1, r3
10001fca:	d1fc      	bne.n	10001fc6 <stdio_uart_in_chars+0x1e>
10001fcc:	6813      	ldr	r3, [r2, #0]
10001fce:	5423      	strb	r3, [r4, r0]
10001fd0:	4285      	cmp	r5, r0
10001fd2:	d1f4      	bne.n	10001fbe <stdio_uart_in_chars+0x16>
10001fd4:	2e00      	cmp	r6, #0
10001fd6:	d008      	beq.n	10001fea <stdio_uart_in_chars+0x42>
10001fd8:	2350      	movs	r3, #80	@ 0x50
10001fda:	6393      	str	r3, [r2, #56]	@ 0x38
10001fdc:	6b51      	ldr	r1, [r2, #52]	@ 0x34
10001fde:	3b18      	subs	r3, #24
10001fe0:	400b      	ands	r3, r1
10001fe2:	4914      	ldr	r1, [pc, #80]	@ (10002034 <stdio_uart_in_chars+0x8c>)
10001fe4:	468c      	mov	ip, r1
10001fe6:	4462      	add	r2, ip
10001fe8:	6013      	str	r3, [r2, #0]
10001fea:	0028      	movs	r0, r5
10001fec:	e00c      	b.n	10002008 <stdio_uart_in_chars+0x60>
10001fee:	2e00      	cmp	r6, #0
10001ff0:	d008      	beq.n	10002004 <stdio_uart_in_chars+0x5c>
10001ff2:	2350      	movs	r3, #80	@ 0x50
10001ff4:	6393      	str	r3, [r2, #56]	@ 0x38
10001ff6:	6b51      	ldr	r1, [r2, #52]	@ 0x34
10001ff8:	3b18      	subs	r3, #24
10001ffa:	400b      	ands	r3, r1
10001ffc:	490d      	ldr	r1, [pc, #52]	@ (10002034 <stdio_uart_in_chars+0x8c>)
10001ffe:	468c      	mov	ip, r1
10002000:	4462      	add	r2, ip
10002002:	6013      	str	r3, [r2, #0]
10002004:	2800      	cmp	r0, #0
10002006:	d00d      	beq.n	10002024 <stdio_uart_in_chars+0x7c>
10002008:	bd70      	pop	{r4, r5, r6, pc}
1000200a:	2e00      	cmp	r6, #0
1000200c:	d00a      	beq.n	10002024 <stdio_uart_in_chars+0x7c>
1000200e:	2250      	movs	r2, #80	@ 0x50
10002010:	4b07      	ldr	r3, [pc, #28]	@ (10002030 <stdio_uart_in_chars+0x88>)
10002012:	681b      	ldr	r3, [r3, #0]
10002014:	639a      	str	r2, [r3, #56]	@ 0x38
10002016:	6b59      	ldr	r1, [r3, #52]	@ 0x34
10002018:	3a18      	subs	r2, #24
1000201a:	400a      	ands	r2, r1
1000201c:	4905      	ldr	r1, [pc, #20]	@ (10002034 <stdio_uart_in_chars+0x8c>)
1000201e:	468c      	mov	ip, r1
10002020:	4463      	add	r3, ip
10002022:	601a      	str	r2, [r3, #0]
10002024:	2003      	movs	r0, #3
10002026:	4240      	negs	r0, r0
10002028:	e7ee      	b.n	10002008 <stdio_uart_in_chars+0x60>
1000202a:	46c0      	nop			@ (mov r8, r8)
1000202c:	20001978 	.word	0x20001978
10002030:	20001dec 	.word	0x20001dec
10002034:	00001034 	.word	0x00001034

10002038 <on_uart_rx>:
10002038:	4b06      	ldr	r3, [pc, #24]	@ (10002054 <on_uart_rx+0x1c>)
1000203a:	b510      	push	{r4, lr}
1000203c:	681b      	ldr	r3, [r3, #0]
1000203e:	2b00      	cmp	r3, #0
10002040:	d006      	beq.n	10002050 <on_uart_rx+0x18>
10002042:	2100      	movs	r1, #0
10002044:	4a04      	ldr	r2, [pc, #16]	@ (10002058 <on_uart_rx+0x20>)
10002046:	6812      	ldr	r2, [r2, #0]
10002048:	6391      	str	r1, [r2, #56]	@ 0x38
1000204a:	4a04      	ldr	r2, [pc, #16]	@ (1000205c <on_uart_rx+0x24>)
1000204c:	6810      	ldr	r0, [r2, #0]
1000204e:	4798      	blx	r3
10002050:	bd10      	pop	{r4, pc}
10002052:	46c0      	nop			@ (mov r8, r8)
10002054:	20001978 	.word	0x20001978
10002058:	20001dec 	.word	0x20001dec
1000205c:	2000197c 	.word	0x2000197c

10002060 <stdio_uart_out_flush>:
10002060:	2208      	movs	r2, #8
10002062:	4b03      	ldr	r3, [pc, #12]	@ (10002070 <stdio_uart_out_flush+0x10>)
10002064:	6819      	ldr	r1, [r3, #0]
10002066:	698b      	ldr	r3, [r1, #24]
10002068:	421a      	tst	r2, r3
1000206a:	d1fc      	bne.n	10002066 <stdio_uart_out_flush+0x6>
1000206c:	4770      	bx	lr
1000206e:	46c0      	nop			@ (mov r8, r8)
10002070:	20001dec 	.word	0x20001dec

10002074 <stdio_uart_set_chars_available_callback>:
10002074:	b5f8      	push	{r3, r4, r5, r6, r7, lr}
10002076:	4f1a      	ldr	r7, [pc, #104]	@ (100020e0 <stdio_uart_set_chars_available_callback+0x6c>)
10002078:	4b1a      	ldr	r3, [pc, #104]	@ (100020e4 <stdio_uart_set_chars_available_callback+0x70>)
1000207a:	683a      	ldr	r2, [r7, #0]
1000207c:	0005      	movs	r5, r0
1000207e:	18d3      	adds	r3, r2, r3
10002080:	4258      	negs	r0, r3
10002082:	4143      	adcs	r3, r0
10002084:	4e18      	ldr	r6, [pc, #96]	@ (100020e8 <stdio_uart_set_chars_available_callback+0x74>)
10002086:	3314      	adds	r3, #20
10002088:	001c      	movs	r4, r3
1000208a:	6833      	ldr	r3, [r6, #0]
1000208c:	2d00      	cmp	r5, #0
1000208e:	d002      	beq.n	10002096 <stdio_uart_set_chars_available_callback+0x22>
10002090:	2b00      	cmp	r3, #0
10002092:	d00f      	beq.n	100020b4 <stdio_uart_set_chars_available_callback+0x40>
10002094:	bdf8      	pop	{r3, r4, r5, r6, r7, pc}
10002096:	2b00      	cmp	r3, #0
10002098:	d0fc      	beq.n	10002094 <stdio_uart_set_chars_available_callback+0x20>
1000209a:	2100      	movs	r1, #0
1000209c:	0020      	movs	r0, r4
1000209e:	6395      	str	r5, [r2, #56]	@ 0x38
100020a0:	f7fe fb50 	bl	10000744 <irq_set_enabled>
100020a4:	0020      	movs	r0, r4
100020a6:	4911      	ldr	r1, [pc, #68]	@ (100020ec <stdio_uart_set_chars_available_callback+0x78>)
100020a8:	f7fe fc82 	bl	100009b0 <irq_remove_handler>
100020ac:	4b10      	ldr	r3, [pc, #64]	@ (100020f0 <stdio_uart_set_chars_available_callback+0x7c>)
100020ae:	6035      	str	r5, [r6, #0]
100020b0:	601d      	str	r5, [r3, #0]
100020b2:	e7ef      	b.n	10002094 <stdio_uart_set_chars_available_callback+0x20>
100020b4:	4b0e      	ldr	r3, [pc, #56]	@ (100020f0 <stdio_uart_set_chars_available_callback+0x7c>)
100020b6:	0020      	movs	r0, r4
100020b8:	6019      	str	r1, [r3, #0]
100020ba:	490c      	ldr	r1, [pc, #48]	@ (100020ec <stdio_uart_set_chars_available_callback+0x78>)
100020bc:	6035      	str	r5, [r6, #0]
100020be:	f7fe fb53 	bl	10000768 <irq_set_exclusive_handler>
100020c2:	2101      	movs	r1, #1
100020c4:	0020      	movs	r0, r4
100020c6:	f7fe fb3d 	bl	10000744 <irq_set_enabled>
100020ca:	2250      	movs	r2, #80	@ 0x50
100020cc:	683b      	ldr	r3, [r7, #0]
100020ce:	639a      	str	r2, [r3, #56]	@ 0x38
100020d0:	6b59      	ldr	r1, [r3, #52]	@ 0x34
100020d2:	3a18      	subs	r2, #24
100020d4:	400a      	ands	r2, r1
100020d6:	4907      	ldr	r1, [pc, #28]	@ (100020f4 <stdio_uart_set_chars_available_callback+0x80>)
100020d8:	468c      	mov	ip, r1
100020da:	4463      	add	r3, ip
100020dc:	601a      	str	r2, [r3, #0]
100020de:	e7d9      	b.n	10002094 <stdio_uart_set_chars_available_callback+0x20>
100020e0:	20001dec 	.word	0x20001dec
100020e4:	bffc8000 	.word	0xbffc8000
100020e8:	20001978 	.word	0x20001978
100020ec:	10002039 	.word	0x10002039
100020f0:	2000197c 	.word	0x2000197c
100020f4:	00001034 	.word	0x00001034

100020f8 <stdio_uart_init_full>:
100020f8:	b570      	push	{r4, r5, r6, lr}
100020fa:	4e0c      	ldr	r6, [pc, #48]	@ (1000212c <stdio_uart_init_full+0x34>)
100020fc:	000d      	movs	r5, r1
100020fe:	001c      	movs	r4, r3
10002100:	6030      	str	r0, [r6, #0]
10002102:	2a00      	cmp	r2, #0
10002104:	db03      	blt.n	1000210e <stdio_uart_init_full+0x16>
10002106:	2102      	movs	r1, #2
10002108:	0010      	movs	r0, r2
1000210a:	f7fe fa15 	bl	10000538 <gpio_set_function>
1000210e:	2c00      	cmp	r4, #0
10002110:	db03      	blt.n	1000211a <stdio_uart_init_full+0x22>
10002112:	2102      	movs	r1, #2
10002114:	0020      	movs	r0, r4
10002116:	f7fe fa0f 	bl	10000538 <gpio_set_function>
1000211a:	0029      	movs	r1, r5
1000211c:	6830      	ldr	r0, [r6, #0]
1000211e:	f7ff f939 	bl	10001394 <uart_init>
10002122:	2101      	movs	r1, #1
10002124:	4802      	ldr	r0, [pc, #8]	@ (10002130 <stdio_uart_init_full+0x38>)
10002126:	f7ff fe97 	bl	10001e58 <stdio_set_driver_enabled>
1000212a:	bd70      	pop	{r4, r5, r6, pc}
1000212c:	20001dec 	.word	0x20001dec
10002130:	20000ff0 	.word	0x20000ff0

10002134 <dcd_init>:
10002134:	b5f8      	push	{r3, r4, r5, r6, r7, lr}
10002136:	f000 f943 	bl	100023c0 <rp2040_usb_init>
1000213a:	230c      	movs	r3, #12
1000213c:	4d19      	ldr	r5, [pc, #100]	@ (100021a4 <dcd_init+0x70>)
1000213e:	22ff      	movs	r2, #255	@ 0xff
10002140:	67ab      	str	r3, [r5, #120]	@ 0x78
10002142:	2005      	movs	r0, #5
10002144:	4918      	ldr	r1, [pc, #96]	@ (100021a8 <dcd_init+0x74>)
10002146:	f7fe fb39 	bl	100007bc <irq_add_shared_handler>
1000214a:	4c18      	ldr	r4, [pc, #96]	@ (100021ac <dcd_init+0x78>)
1000214c:	2240      	movs	r2, #64	@ 0x40
1000214e:	2100      	movs	r1, #0
10002150:	0020      	movs	r0, r4
10002152:	f7ff fd67 	bl	10001c24 <__wrap_memset>
10002156:	2740      	movs	r7, #64	@ 0x40
10002158:	2300      	movs	r3, #0
1000215a:	2601      	movs	r6, #1
1000215c:	2121      	movs	r1, #33	@ 0x21
1000215e:	4a14      	ldr	r2, [pc, #80]	@ (100021b0 <dcd_init+0x7c>)
10002160:	7066      	strb	r6, [r4, #1]
10002162:	8327      	strh	r7, [r4, #24]
10002164:	60a2      	str	r2, [r4, #8]
10002166:	6013      	str	r3, [r2, #0]
10002168:	5463      	strb	r3, [r4, r1]
1000216a:	315f      	adds	r1, #95	@ 0x5f
1000216c:	8461      	strh	r1, [r4, #34]	@ 0x22
1000216e:	3945      	subs	r1, #69	@ 0x45
10002170:	5463      	strb	r3, [r4, r1]
10002172:	4a10      	ldr	r2, [pc, #64]	@ (100021b4 <dcd_init+0x80>)
10002174:	4910      	ldr	r1, [pc, #64]	@ (100021b8 <dcd_init+0x84>)
10002176:	6063      	str	r3, [r4, #4]
10002178:	60e2      	str	r2, [r4, #12]
1000217a:	8727      	strh	r7, [r4, #56]	@ 0x38
1000217c:	62a1      	str	r1, [r4, #40]	@ 0x28
1000217e:	600b      	str	r3, [r1, #0]
10002180:	6263      	str	r3, [r4, #36]	@ 0x24
10002182:	62e2      	str	r2, [r4, #44]	@ 0x2c
10002184:	f001 feb8 	bl	10003ef8 <__reset_non_control_endpoints_veneer>
10002188:	2380      	movs	r3, #128	@ 0x80
1000218a:	059b      	lsls	r3, r3, #22
1000218c:	642e      	str	r6, [r5, #64]	@ 0x40
1000218e:	64eb      	str	r3, [r5, #76]	@ 0x4c
10002190:	2390      	movs	r3, #144	@ 0x90
10002192:	4a0a      	ldr	r2, [pc, #40]	@ (100021bc <dcd_init+0x88>)
10002194:	2001      	movs	r0, #1
10002196:	50ea      	str	r2, [r5, r3]
10002198:	2280      	movs	r2, #128	@ 0x80
1000219a:	4b09      	ldr	r3, [pc, #36]	@ (100021c0 <dcd_init+0x8c>)
1000219c:	0252      	lsls	r2, r2, #9
1000219e:	64da      	str	r2, [r3, #76]	@ 0x4c
100021a0:	bdf8      	pop	{r3, r4, r5, r6, r7, pc}
100021a2:	46c0      	nop			@ (mov r8, r8)
100021a4:	50110000 	.word	0x50110000
100021a8:	2000031d 	.word	0x2000031d
100021ac:	200019bc 	.word	0x200019bc
100021b0:	50100084 	.word	0x50100084
100021b4:	50100100 	.word	0x50100100
100021b8:	50100080 	.word	0x50100080
100021bc:	0001d010 	.word	0x0001d010
100021c0:	50112000 	.word	0x50112000

100021c4 <dcd_int_enable>:
100021c4:	b510      	push	{r4, lr}
100021c6:	2101      	movs	r1, #1
100021c8:	2005      	movs	r0, #5
100021ca:	f7fe fabb 	bl	10000744 <irq_set_enabled>
100021ce:	bd10      	pop	{r4, pc}

100021d0 <dcd_set_address>:
100021d0:	b510      	push	{r4, lr}
100021d2:	2200      	movs	r2, #0
100021d4:	2100      	movs	r1, #0
100021d6:	4802      	ldr	r0, [pc, #8]	@ (100021e0 <dcd_set_address+0x10>)
100021d8:	f000 f912 	bl	10002400 <hw_endpoint_xfer_start>
100021dc:	bd10      	pop	{r4, pc}
100021de:	46c0      	nop			@ (mov r8, r8)
100021e0:	200019dc 	.word	0x200019dc

100021e4 <dcd_sof_enable>:
100021e4:	4b04      	ldr	r3, [pc, #16]	@ (100021f8 <dcd_sof_enable+0x14>)
100021e6:	7019      	strb	r1, [r3, #0]
100021e8:	2900      	cmp	r1, #0
100021ea:	d004      	beq.n	100021f6 <dcd_sof_enable+0x12>
100021ec:	2180      	movs	r1, #128	@ 0x80
100021ee:	2390      	movs	r3, #144	@ 0x90
100021f0:	4a02      	ldr	r2, [pc, #8]	@ (100021fc <dcd_sof_enable+0x18>)
100021f2:	0289      	lsls	r1, r1, #10
100021f4:	50d1      	str	r1, [r2, r3]
100021f6:	4770      	bx	lr
100021f8:	20001df1 	.word	0x20001df1
100021fc:	50112000 	.word	0x50112000

10002200 <dcd_edpt0_status_complete>:
10002200:	780b      	ldrb	r3, [r1, #0]
10002202:	065b      	lsls	r3, r3, #25
10002204:	d102      	bne.n	1000220c <dcd_edpt0_status_complete+0xc>
10002206:	784b      	ldrb	r3, [r1, #1]
10002208:	2b05      	cmp	r3, #5
1000220a:	d000      	beq.n	1000220e <dcd_edpt0_status_complete+0xe>
1000220c:	4770      	bx	lr
1000220e:	788a      	ldrb	r2, [r1, #2]
10002210:	4b01      	ldr	r3, [pc, #4]	@ (10002218 <dcd_edpt0_status_complete+0x18>)
10002212:	601a      	str	r2, [r3, #0]
10002214:	e7fa      	b.n	1000220c <dcd_edpt0_status_complete+0xc>
10002216:	46c0      	nop			@ (mov r8, r8)
10002218:	50110000 	.word	0x50110000

1000221c <dcd_edpt_open>:
1000221c:	b5f0      	push	{r4, r5, r6, r7, lr}
1000221e:	46c6      	mov	lr, r8
10002220:	78c8      	ldrb	r0, [r1, #3]
10002222:	b500      	push	{lr}
10002224:	0780      	lsls	r0, r0, #30
10002226:	0f83      	lsrs	r3, r0, #30
10002228:	0018      	movs	r0, r3
1000222a:	2b01      	cmp	r3, #1
1000222c:	d060      	beq.n	100022f0 <dcd_edpt_open+0xd4>
1000222e:	788f      	ldrb	r7, [r1, #2]
10002230:	790a      	ldrb	r2, [r1, #4]
10002232:	794b      	ldrb	r3, [r1, #5]
10002234:	217f      	movs	r1, #127	@ 0x7f
10002236:	4039      	ands	r1, r7
10002238:	09fc      	lsrs	r4, r7, #7
1000223a:	021b      	lsls	r3, r3, #8
1000223c:	004e      	lsls	r6, r1, #1
1000223e:	4313      	orrs	r3, r2
10002240:	4d33      	ldr	r5, [pc, #204]	@ (10002310 <dcd_edpt_open+0xf4>)
10002242:	1932      	adds	r2, r6, r4
10002244:	0152      	lsls	r2, r2, #5
10002246:	18aa      	adds	r2, r5, r2
10002248:	7097      	strb	r7, [r2, #2]
1000224a:	2701      	movs	r7, #1
1000224c:	4067      	eors	r7, r4
1000224e:	7057      	strb	r7, [r2, #1]
10002250:	2700      	movs	r7, #0
10002252:	055b      	lsls	r3, r3, #21
10002254:	0d5b      	lsrs	r3, r3, #21
10002256:	70d7      	strb	r7, [r2, #3]
10002258:	8313      	strh	r3, [r2, #24]
1000225a:	76d0      	strb	r0, [r2, #27]
1000225c:	46b8      	mov	r8, r7
1000225e:	00ca      	lsls	r2, r1, #3
10002260:	2c01      	cmp	r4, #1
10002262:	d032      	beq.n	100022ca <dcd_edpt_open+0xae>
10002264:	4f2b      	ldr	r7, [pc, #172]	@ (10002314 <dcd_edpt_open+0xf8>)
10002266:	46bc      	mov	ip, r7
10002268:	018f      	lsls	r7, r1, #6
1000226a:	4462      	add	r2, ip
1000226c:	46bc      	mov	ip, r7
1000226e:	44ac      	add	ip, r5
10002270:	4667      	mov	r7, ip
10002272:	60ba      	str	r2, [r7, #8]
10002274:	4647      	mov	r7, r8
10002276:	6017      	str	r7, [r2, #0]
10002278:	2900      	cmp	r1, #0
1000227a:	d032      	beq.n	100022e2 <dcd_edpt_open+0xc6>
1000227c:	4a26      	ldr	r2, [pc, #152]	@ (10002318 <dcd_edpt_open+0xfc>)
1000227e:	00c9      	lsls	r1, r1, #3
10002280:	4690      	mov	r8, r2
10002282:	4662      	mov	r2, ip
10002284:	4441      	add	r1, r8
10002286:	6051      	str	r1, [r2, #4]
10002288:	223f      	movs	r2, #63	@ 0x3f
1000228a:	333f      	adds	r3, #63	@ 0x3f
1000228c:	4393      	bics	r3, r2
1000228e:	2802      	cmp	r0, #2
10002290:	d037      	beq.n	10002302 <dcd_edpt_open+0xe6>
10002292:	4922      	ldr	r1, [pc, #136]	@ (1000231c <dcd_edpt_open+0x100>)
10002294:	1937      	adds	r7, r6, r4
10002296:	680a      	ldr	r2, [r1, #0]
10002298:	017f      	lsls	r7, r7, #5
1000229a:	18d3      	adds	r3, r2, r3
1000229c:	600b      	str	r3, [r1, #0]
1000229e:	4920      	ldr	r1, [pc, #128]	@ (10002320 <dcd_edpt_open+0x104>)
100022a0:	19ef      	adds	r7, r5, r7
100022a2:	60fa      	str	r2, [r7, #12]
100022a4:	428b      	cmp	r3, r1
100022a6:	d82e      	bhi.n	10002306 <dcd_edpt_open+0xea>
100022a8:	1936      	adds	r6, r6, r4
100022aa:	0176      	lsls	r6, r6, #5
100022ac:	19ad      	adds	r5, r5, r6
100022ae:	7eeb      	ldrb	r3, [r5, #27]
100022b0:	491c      	ldr	r1, [pc, #112]	@ (10002324 <dcd_edpt_open+0x108>)
100022b2:	069b      	lsls	r3, r3, #26
100022b4:	404a      	eors	r2, r1
100022b6:	4313      	orrs	r3, r2
100022b8:	2280      	movs	r2, #128	@ 0x80
100022ba:	0612      	lsls	r2, r2, #24
100022bc:	4313      	orrs	r3, r2
100022be:	686a      	ldr	r2, [r5, #4]
100022c0:	6013      	str	r3, [r2, #0]
100022c2:	2001      	movs	r0, #1
100022c4:	bc80      	pop	{r7}
100022c6:	46b8      	mov	r8, r7
100022c8:	bdf0      	pop	{r4, r5, r6, r7, pc}
100022ca:	4f17      	ldr	r7, [pc, #92]	@ (10002328 <dcd_edpt_open+0x10c>)
100022cc:	46bc      	mov	ip, r7
100022ce:	018f      	lsls	r7, r1, #6
100022d0:	4462      	add	r2, ip
100022d2:	46bc      	mov	ip, r7
100022d4:	44ac      	add	ip, r5
100022d6:	4667      	mov	r7, ip
100022d8:	62ba      	str	r2, [r7, #40]	@ 0x28
100022da:	4647      	mov	r7, r8
100022dc:	6017      	str	r7, [r2, #0]
100022de:	2900      	cmp	r1, #0
100022e0:	d108      	bne.n	100022f4 <dcd_edpt_open+0xd8>
100022e2:	2300      	movs	r3, #0
100022e4:	0164      	lsls	r4, r4, #5
100022e6:	192c      	adds	r4, r5, r4
100022e8:	6063      	str	r3, [r4, #4]
100022ea:	4b10      	ldr	r3, [pc, #64]	@ (1000232c <dcd_edpt_open+0x110>)
100022ec:	60e3      	str	r3, [r4, #12]
100022ee:	e7e8      	b.n	100022c2 <dcd_edpt_open+0xa6>
100022f0:	2000      	movs	r0, #0
100022f2:	e7e7      	b.n	100022c4 <dcd_edpt_open+0xa8>
100022f4:	4a0b      	ldr	r2, [pc, #44]	@ (10002324 <dcd_edpt_open+0x108>)
100022f6:	00c9      	lsls	r1, r1, #3
100022f8:	4690      	mov	r8, r2
100022fa:	4662      	mov	r2, ip
100022fc:	4441      	add	r1, r8
100022fe:	6251      	str	r1, [r2, #36]	@ 0x24
10002300:	e7c2      	b.n	10002288 <dcd_edpt_open+0x6c>
10002302:	005b      	lsls	r3, r3, #1
10002304:	e7c5      	b.n	10002292 <dcd_edpt_open+0x76>
10002306:	f7ff fa6b 	bl	100017e0 <hard_assertion_failure>
1000230a:	68fa      	ldr	r2, [r7, #12]
1000230c:	e7cc      	b.n	100022a8 <dcd_edpt_open+0x8c>
1000230e:	46c0      	nop			@ (mov r8, r8)
10002310:	200019bc 	.word	0x200019bc
10002314:	50100084 	.word	0x50100084
10002318:	50100004 	.word	0x50100004
1000231c:	20001dc0 	.word	0x20001dc0
10002320:	50100fff 	.word	0x50100fff
10002324:	50100000 	.word	0x50100000
10002328:	50100080 	.word	0x50100080
1000232c:	50100100 	.word	0x50100100

10002330 <dcd_edpt_close_all>:
10002330:	b510      	push	{r4, lr}
10002332:	f001 fde1 	bl	10003ef8 <__reset_non_control_endpoints_veneer>
10002336:	bd10      	pop	{r4, pc}

10002338 <dcd_edpt_xfer>:
10002338:	b510      	push	{r4, lr}
1000233a:	207f      	movs	r0, #127	@ 0x7f
1000233c:	000c      	movs	r4, r1
1000233e:	4020      	ands	r0, r4
10002340:	0040      	lsls	r0, r0, #1
10002342:	09e4      	lsrs	r4, r4, #7
10002344:	0011      	movs	r1, r2
10002346:	1900      	adds	r0, r0, r4
10002348:	001a      	movs	r2, r3
1000234a:	4b03      	ldr	r3, [pc, #12]	@ (10002358 <dcd_edpt_xfer+0x20>)
1000234c:	0140      	lsls	r0, r0, #5
1000234e:	18c0      	adds	r0, r0, r3
10002350:	f000 f856 	bl	10002400 <hw_endpoint_xfer_start>
10002354:	2001      	movs	r0, #1
10002356:	bd10      	pop	{r4, pc}
10002358:	200019bc 	.word	0x200019bc

1000235c <dcd_edpt_stall>:
1000235c:	237f      	movs	r3, #127	@ 0x7f
1000235e:	0018      	movs	r0, r3
10002360:	b510      	push	{r4, lr}
10002362:	4008      	ands	r0, r1
10002364:	09ca      	lsrs	r2, r1, #7
10002366:	420b      	tst	r3, r1
10002368:	d103      	bne.n	10002372 <dcd_edpt_stall+0x16>
1000236a:	4907      	ldr	r1, [pc, #28]	@ (10002388 <dcd_edpt_stall+0x2c>)
1000236c:	3b7d      	subs	r3, #125	@ 0x7d
1000236e:	1a9b      	subs	r3, r3, r2
10002370:	668b      	str	r3, [r1, #104]	@ 0x68
10002372:	0040      	lsls	r0, r0, #1
10002374:	1880      	adds	r0, r0, r2
10002376:	2280      	movs	r2, #128	@ 0x80
10002378:	4b04      	ldr	r3, [pc, #16]	@ (1000238c <dcd_edpt_stall+0x30>)
1000237a:	0140      	lsls	r0, r0, #5
1000237c:	2100      	movs	r1, #0
1000237e:	18c0      	adds	r0, r0, r3
10002380:	0112      	lsls	r2, r2, #4
10002382:	f001 fdf1 	bl	10003f68 <___hw_endpoint_buffer_control_update32_veneer>
10002386:	bd10      	pop	{r4, pc}
10002388:	50112000 	.word	0x50112000
1000238c:	200019bc 	.word	0x200019bc

10002390 <dcd_edpt_clear_stall>:
10002390:	227f      	movs	r2, #127	@ 0x7f
10002392:	0013      	movs	r3, r2
10002394:	b510      	push	{r4, lr}
10002396:	400b      	ands	r3, r1
10002398:	420a      	tst	r2, r1
1000239a:	d100      	bne.n	1000239e <dcd_edpt_clear_stall+0xe>
1000239c:	bd10      	pop	{r4, pc}
1000239e:	09c9      	lsrs	r1, r1, #7
100023a0:	005b      	lsls	r3, r3, #1
100023a2:	185b      	adds	r3, r3, r1
100023a4:	4804      	ldr	r0, [pc, #16]	@ (100023b8 <dcd_edpt_clear_stall+0x28>)
100023a6:	015b      	lsls	r3, r3, #5
100023a8:	18c0      	adds	r0, r0, r3
100023aa:	2300      	movs	r3, #0
100023ac:	2200      	movs	r2, #0
100023ae:	4903      	ldr	r1, [pc, #12]	@ (100023bc <dcd_edpt_clear_stall+0x2c>)
100023b0:	70c3      	strb	r3, [r0, #3]
100023b2:	f001 fdd9 	bl	10003f68 <___hw_endpoint_buffer_control_update32_veneer>
100023b6:	e7f1      	b.n	1000239c <dcd_edpt_clear_stall+0xc>
100023b8:	200019bc 	.word	0x200019bc
100023bc:	fffff7ff 	.word	0xfffff7ff

100023c0 <rp2040_usb_init>:
100023c0:	2280      	movs	r2, #128	@ 0x80
100023c2:	4b0a      	ldr	r3, [pc, #40]	@ (100023ec <rp2040_usb_init+0x2c>)
100023c4:	0452      	lsls	r2, r2, #17
100023c6:	b510      	push	{r4, lr}
100023c8:	601a      	str	r2, [r3, #0]
100023ca:	4b09      	ldr	r3, [pc, #36]	@ (100023f0 <rp2040_usb_init+0x30>)
100023cc:	4909      	ldr	r1, [pc, #36]	@ (100023f4 <rp2040_usb_init+0x34>)
100023ce:	601a      	str	r2, [r3, #0]
100023d0:	0010      	movs	r0, r2
100023d2:	680b      	ldr	r3, [r1, #0]
100023d4:	4398      	bics	r0, r3
100023d6:	d1fb      	bne.n	100023d0 <rp2040_usb_init+0x10>
100023d8:	2280      	movs	r2, #128	@ 0x80
100023da:	2100      	movs	r1, #0
100023dc:	0152      	lsls	r2, r2, #5
100023de:	4806      	ldr	r0, [pc, #24]	@ (100023f8 <rp2040_usb_init+0x38>)
100023e0:	f7ff fc20 	bl	10001c24 <__wrap_memset>
100023e4:	2209      	movs	r2, #9
100023e6:	4b05      	ldr	r3, [pc, #20]	@ (100023fc <rp2040_usb_init+0x3c>)
100023e8:	675a      	str	r2, [r3, #116]	@ 0x74
100023ea:	bd10      	pop	{r4, pc}
100023ec:	4000e000 	.word	0x4000e000
100023f0:	4000f000 	.word	0x4000f000
100023f4:	4000c008 	.word	0x4000c008
100023f8:	50100000 	.word	0x50100000
100023fc:	50110000 	.word	0x50110000

10002400 <hw_endpoint_xfer_start>:
10002400:	2300      	movs	r3, #0
10002402:	b510      	push	{r4, lr}
10002404:	82c3      	strh	r3, [r0, #22]
10002406:	3301      	adds	r3, #1
10002408:	8282      	strh	r2, [r0, #20]
1000240a:	7683      	strb	r3, [r0, #26]
1000240c:	6101      	str	r1, [r0, #16]
1000240e:	0004      	movs	r4, r0
10002410:	f001 fd92 	bl	10003f38 <__e15_is_bulkin_ep_veneer>
10002414:	2800      	cmp	r0, #0
10002416:	d004      	beq.n	10002422 <hw_endpoint_xfer_start+0x22>
10002418:	2180      	movs	r1, #128	@ 0x80
1000241a:	2390      	movs	r3, #144	@ 0x90
1000241c:	4a07      	ldr	r2, [pc, #28]	@ (1000243c <hw_endpoint_xfer_start+0x3c>)
1000241e:	0289      	lsls	r1, r1, #10
10002420:	50d1      	str	r1, [r2, r3]
10002422:	0020      	movs	r0, r4
10002424:	f001 fd80 	bl	10003f28 <__e15_is_critical_frame_period_veneer>
10002428:	2800      	cmp	r0, #0
1000242a:	d002      	beq.n	10002432 <hw_endpoint_xfer_start+0x32>
1000242c:	2301      	movs	r3, #1
1000242e:	7723      	strb	r3, [r4, #28]
10002430:	bd10      	pop	{r4, pc}
10002432:	0020      	movs	r0, r4
10002434:	f001 fd90 	bl	10003f58 <__hw_endpoint_start_next_buffer_veneer>
10002438:	e7fa      	b.n	10002430 <hw_endpoint_xfer_start+0x30>
1000243a:	46c0      	nop			@ (mov r8, r8)
1000243c:	50112000 	.word	0x50112000

10002440 <tud_vendor_control_xfer_cb>:
10002440:	2000      	movs	r0, #0
10002442:	4770      	bx	lr

10002444 <tud_event_hook_cb>:
10002444:	4770      	bx	lr
10002446:	46c0      	nop			@ (mov r8, r8)

10002448 <tud_sof_cb>:
10002448:	4770      	bx	lr
1000244a:	46c0      	nop			@ (mov r8, r8)

1000244c <tud_descriptor_bos_cb>:
1000244c:	2000      	movs	r0, #0
1000244e:	4770      	bx	lr

10002450 <tud_descriptor_device_qualifier_cb>:
10002450:	2000      	movs	r0, #0
10002452:	4770      	bx	lr

10002454 <tud_descriptor_other_speed_configuration_cb>:
10002454:	2000      	movs	r0, #0
10002456:	4770      	bx	lr

10002458 <tud_mount_cb>:
10002458:	4770      	bx	lr
1000245a:	46c0      	nop			@ (mov r8, r8)

1000245c <tud_umount_cb>:
1000245c:	4770      	bx	lr
1000245e:	46c0      	nop			@ (mov r8, r8)

10002460 <tud_suspend_cb>:
10002460:	4770      	bx	lr
10002462:	46c0      	nop			@ (mov r8, r8)

10002464 <tud_resume_cb>:
10002464:	4770      	bx	lr
10002466:	46c0      	nop			@ (mov r8, r8)

10002468 <tud_mounted>:
10002468:	4b02      	ldr	r3, [pc, #8]	@ (10002474 <tud_mounted+0xc>)
1000246a:	7858      	ldrb	r0, [r3, #1]
1000246c:	1e43      	subs	r3, r0, #1
1000246e:	4198      	sbcs	r0, r3
10002470:	b2c0      	uxtb	r0, r0
10002472:	4770      	bx	lr
10002474:	2000175c 	.word	0x2000175c

10002478 <tud_suspended>:
10002478:	4b02      	ldr	r3, [pc, #8]	@ (10002484 <tud_suspended+0xc>)
1000247a:	7818      	ldrb	r0, [r3, #0]
1000247c:	0740      	lsls	r0, r0, #29
1000247e:	0fc0      	lsrs	r0, r0, #31
10002480:	4770      	bx	lr
10002482:	46c0      	nop			@ (mov r8, r8)
10002484:	2000175c 	.word	0x2000175c

10002488 <tud_rhport_init>:
10002488:	b5f0      	push	{r4, r5, r6, r7, lr}
1000248a:	46d6      	mov	lr, sl
1000248c:	464f      	mov	r7, r9
1000248e:	4646      	mov	r6, r8
10002490:	b5c0      	push	{r6, r7, lr}
10002492:	4b2f      	ldr	r3, [pc, #188]	@ (10002550 <tud_rhport_init+0xc8>)
10002494:	0007      	movs	r7, r0
10002496:	469a      	mov	sl, r3
10002498:	781b      	ldrb	r3, [r3, #0]
1000249a:	000e      	movs	r6, r1
1000249c:	2bff      	cmp	r3, #255	@ 0xff
1000249e:	d001      	beq.n	100024a4 <tud_rhport_init+0x1c>
100024a0:	2001      	movs	r0, #1
100024a2:	e041      	b.n	10002528 <tud_rhport_init+0xa0>
100024a4:	2900      	cmp	r1, #0
100024a6:	d03e      	beq.n	10002526 <tud_rhport_init+0x9e>
100024a8:	2100      	movs	r1, #0
100024aa:	2254      	movs	r2, #84	@ 0x54
100024ac:	4829      	ldr	r0, [pc, #164]	@ (10002554 <tud_rhport_init+0xcc>)
100024ae:	f7ff fbb9 	bl	10001c24 <__wrap_memset>
100024b2:	2200      	movs	r2, #0
100024b4:	4c28      	ldr	r4, [pc, #160]	@ (10002558 <tud_rhport_init+0xd0>)
100024b6:	4b29      	ldr	r3, [pc, #164]	@ (1000255c <tud_rhport_init+0xd4>)
100024b8:	0020      	movs	r0, r4
100024ba:	701a      	strb	r2, [r3, #0]
100024bc:	f7fe fbec 	bl	10000c98 <mutex_init>
100024c0:	4b27      	ldr	r3, [pc, #156]	@ (10002560 <tud_rhport_init+0xd8>)
100024c2:	601c      	str	r4, [r3, #0]
100024c4:	4c27      	ldr	r4, [pc, #156]	@ (10002564 <tud_rhport_init+0xdc>)
100024c6:	0020      	movs	r0, r4
100024c8:	3c14      	subs	r4, #20
100024ca:	f7fe fbf3 	bl	10000cb4 <critical_section_init>
100024ce:	0020      	movs	r0, r4
100024d0:	f001 fbd0 	bl	10003c74 <tu_fifo_clear>
100024d4:	4b24      	ldr	r3, [pc, #144]	@ (10002568 <tud_rhport_init+0xe0>)
100024d6:	4d25      	ldr	r5, [pc, #148]	@ (1000256c <tud_rhport_init+0xe4>)
100024d8:	601c      	str	r4, [r3, #0]
100024da:	4b25      	ldr	r3, [pc, #148]	@ (10002570 <tud_rhport_init+0xe8>)
100024dc:	2b00      	cmp	r3, #0
100024de:	d028      	beq.n	10002532 <tud_rhport_init+0xaa>
100024e0:	0028      	movs	r0, r5
100024e2:	e000      	b.n	100024e6 <tud_rhport_init+0x5e>
100024e4:	bf00      	nop
100024e6:	4b23      	ldr	r3, [pc, #140]	@ (10002574 <tud_rhport_init+0xec>)
100024e8:	6018      	str	r0, [r3, #0]
100024ea:	782b      	ldrb	r3, [r5, #0]
100024ec:	4a22      	ldr	r2, [pc, #136]	@ (10002578 <tud_rhport_init+0xf0>)
100024ee:	2400      	movs	r4, #0
100024f0:	4691      	mov	r9, r2
100024f2:	4a20      	ldr	r2, [pc, #128]	@ (10002574 <tud_rhport_init+0xec>)
100024f4:	4690      	mov	r8, r2
100024f6:	e00e      	b.n	10002516 <tud_rhport_init+0x8e>
100024f8:	4643      	mov	r3, r8
100024fa:	681b      	ldr	r3, [r3, #0]
100024fc:	0162      	lsls	r2, r4, #5
100024fe:	189b      	adds	r3, r3, r2
10002500:	2b00      	cmp	r3, #0
10002502:	d010      	beq.n	10002526 <tud_rhport_init+0x9e>
10002504:	685b      	ldr	r3, [r3, #4]
10002506:	2b00      	cmp	r3, #0
10002508:	d00d      	beq.n	10002526 <tud_rhport_init+0x9e>
1000250a:	4798      	blx	r3
1000250c:	3401      	adds	r4, #1
1000250e:	782b      	ldrb	r3, [r5, #0]
10002510:	b2e4      	uxtb	r4, r4
10002512:	42a3      	cmp	r3, r4
10002514:	d30f      	bcc.n	10002536 <tud_rhport_init+0xae>
10002516:	42a3      	cmp	r3, r4
10002518:	d8ee      	bhi.n	100024f8 <tud_rhport_init+0x70>
1000251a:	1ae3      	subs	r3, r4, r3
1000251c:	015b      	lsls	r3, r3, #5
1000251e:	444b      	add	r3, r9
10002520:	685b      	ldr	r3, [r3, #4]
10002522:	2b00      	cmp	r3, #0
10002524:	d1f1      	bne.n	1000250a <tud_rhport_init+0x82>
10002526:	2000      	movs	r0, #0
10002528:	bce0      	pop	{r5, r6, r7}
1000252a:	46ba      	mov	sl, r7
1000252c:	46b1      	mov	r9, r6
1000252e:	46a8      	mov	r8, r5
10002530:	bdf0      	pop	{r4, r5, r6, r7, pc}
10002532:	782b      	ldrb	r3, [r5, #0]
10002534:	e7da      	b.n	100024ec <tud_rhport_init+0x64>
10002536:	4653      	mov	r3, sl
10002538:	0031      	movs	r1, r6
1000253a:	0038      	movs	r0, r7
1000253c:	701f      	strb	r7, [r3, #0]
1000253e:	f7ff fdf9 	bl	10002134 <dcd_init>
10002542:	2800      	cmp	r0, #0
10002544:	d0ef      	beq.n	10002526 <tud_rhport_init+0x9e>
10002546:	0038      	movs	r0, r7
10002548:	f7ff fe3c 	bl	100021c4 <dcd_int_enable>
1000254c:	2001      	movs	r0, #1
1000254e:	e7eb      	b.n	10002528 <tud_rhport_init+0xa0>
10002550:	20001024 	.word	0x20001024
10002554:	2000175c 	.word	0x2000175c
10002558:	20001754 	.word	0x20001754
1000255c:	20001df2 	.word	0x20001df2
10002560:	200017b0 	.word	0x200017b0
10002564:	2000101c 	.word	0x2000101c
10002568:	200017b4 	.word	0x200017b4
1000256c:	20001df0 	.word	0x20001df0
10002570:	00000000 	.word	0x00000000
10002574:	20001568 	.word	0x20001568
10002578:	1000429c 	.word	0x1000429c

1000257c <tud_task_ext>:
1000257c:	b5f0      	push	{r4, r5, r6, r7, lr}
1000257e:	46de      	mov	lr, fp
10002580:	4657      	mov	r7, sl
10002582:	464e      	mov	r6, r9
10002584:	4645      	mov	r5, r8
10002586:	b5e0      	push	{r5, r6, r7, lr}
10002588:	4bc9      	ldr	r3, [pc, #804]	@ (100028b0 <tud_task_ext+0x334>)
1000258a:	b091      	sub	sp, #68	@ 0x44
1000258c:	9303      	str	r3, [sp, #12]
1000258e:	781b      	ldrb	r3, [r3, #0]
10002590:	2bff      	cmp	r3, #255	@ 0xff
10002592:	d100      	bne.n	10002596 <tud_task_ext+0x1a>
10002594:	e145      	b.n	10002822 <tud_task_ext+0x2a6>
10002596:	4bc7      	ldr	r3, [pc, #796]	@ (100028b4 <tud_task_ext+0x338>)
10002598:	4ec7      	ldr	r6, [pc, #796]	@ (100028b8 <tud_task_ext+0x33c>)
1000259a:	469b      	mov	fp, r3
1000259c:	465f      	mov	r7, fp
1000259e:	4bc7      	ldr	r3, [pc, #796]	@ (100028bc <tud_task_ext+0x340>)
100025a0:	ac0d      	add	r4, sp, #52	@ 0x34
100025a2:	9302      	str	r3, [sp, #8]
100025a4:	4bc6      	ldr	r3, [pc, #792]	@ (100028c0 <tud_task_ext+0x344>)
100025a6:	9301      	str	r3, [sp, #4]
100025a8:	6835      	ldr	r5, [r6, #0]
100025aa:	696a      	ldr	r2, [r5, #20]
100025ac:	f3ef 8110 	mrs	r1, PRIMASK
100025b0:	b672      	cpsid	i
100025b2:	6813      	ldr	r3, [r2, #0]
100025b4:	2b00      	cmp	r3, #0
100025b6:	d0fc      	beq.n	100025b2 <tud_task_ext+0x36>
100025b8:	f3bf 8f5f 	dmb	sy
100025bc:	61a9      	str	r1, [r5, #24]
100025be:	0028      	movs	r0, r5
100025c0:	0021      	movs	r1, r4
100025c2:	f001 f985 	bl	100038d0 <tu_fifo_read>
100025c6:	696a      	ldr	r2, [r5, #20]
100025c8:	69ab      	ldr	r3, [r5, #24]
100025ca:	f3bf 8f5f 	dmb	sy
100025ce:	2100      	movs	r1, #0
100025d0:	6011      	str	r1, [r2, #0]
100025d2:	f383 8810 	msr	PRIMASK, r3
100025d6:	2800      	cmp	r0, #0
100025d8:	d100      	bne.n	100025dc <tud_task_ext+0x60>
100025da:	e122      	b.n	10002822 <tud_task_ext+0x2a6>
100025dc:	7863      	ldrb	r3, [r4, #1]
100025de:	2b08      	cmp	r3, #8
100025e0:	d8e2      	bhi.n	100025a8 <tud_task_ext+0x2c>
100025e2:	009b      	lsls	r3, r3, #2
100025e4:	58fb      	ldr	r3, [r7, r3]
100025e6:	469f      	mov	pc, r3
100025e8:	6863      	ldr	r3, [r4, #4]
100025ea:	2b00      	cmp	r3, #0
100025ec:	d0dc      	beq.n	100025a8 <tud_task_ext+0x2c>
100025ee:	68a0      	ldr	r0, [r4, #8]
100025f0:	4798      	blx	r3
100025f2:	e7d9      	b.n	100025a8 <tud_task_ext+0x2c>
100025f4:	227f      	movs	r2, #127	@ 0x7f
100025f6:	7921      	ldrb	r1, [r4, #4]
100025f8:	4db0      	ldr	r5, [pc, #704]	@ (100028bc <tud_task_ext+0x340>)
100025fa:	400a      	ands	r2, r1
100025fc:	0053      	lsls	r3, r2, #1
100025fe:	18eb      	adds	r3, r5, r3
10002600:	4698      	mov	r8, r3
10002602:	09c8      	lsrs	r0, r1, #7
10002604:	4480      	add	r8, r0
10002606:	4640      	mov	r0, r8
10002608:	2301      	movs	r3, #1
1000260a:	3030      	adds	r0, #48	@ 0x30
1000260c:	7905      	ldrb	r5, [r0, #4]
1000260e:	439d      	bics	r5, r3
10002610:	7105      	strb	r5, [r0, #4]
10002612:	7905      	ldrb	r5, [r0, #4]
10002614:	3303      	adds	r3, #3
10002616:	439d      	bics	r5, r3
10002618:	7105      	strb	r5, [r0, #4]
1000261a:	2a00      	cmp	r2, #0
1000261c:	d100      	bne.n	10002620 <tud_task_ext+0xa4>
1000261e:	e107      	b.n	10002830 <tud_task_ext+0x2b4>
10002620:	4643      	mov	r3, r8
10002622:	4aa8      	ldr	r2, [pc, #672]	@ (100028c4 <tud_task_ext+0x348>)
10002624:	7d1b      	ldrb	r3, [r3, #20]
10002626:	7812      	ldrb	r2, [r2, #0]
10002628:	4293      	cmp	r3, r2
1000262a:	d300      	bcc.n	1000262e <tud_task_ext+0xb2>
1000262c:	e0f7      	b.n	1000281e <tud_task_ext+0x2a2>
1000262e:	4aa6      	ldr	r2, [pc, #664]	@ (100028c8 <tud_task_ext+0x34c>)
10002630:	015b      	lsls	r3, r3, #5
10002632:	6815      	ldr	r5, [r2, #0]
10002634:	18ed      	adds	r5, r5, r3
10002636:	2d00      	cmp	r5, #0
10002638:	d100      	bne.n	1000263c <tud_task_ext+0xc0>
1000263a:	e0f2      	b.n	10002822 <tud_task_ext+0x2a6>
1000263c:	68a3      	ldr	r3, [r4, #8]
1000263e:	7962      	ldrb	r2, [r4, #5]
10002640:	7820      	ldrb	r0, [r4, #0]
10002642:	69ad      	ldr	r5, [r5, #24]
10002644:	47a8      	blx	r5
10002646:	e7af      	b.n	100025a8 <tud_task_ext+0x2c>
10002648:	4aa0      	ldr	r2, [pc, #640]	@ (100028cc <tud_task_ext+0x350>)
1000264a:	7813      	ldrb	r3, [r2, #0]
1000264c:	2b00      	cmp	r3, #0
1000264e:	d100      	bne.n	10002652 <tud_task_ext+0xd6>
10002650:	e0e7      	b.n	10002822 <tud_task_ext+0x2a6>
10002652:	7813      	ldrb	r3, [r2, #0]
10002654:	3b01      	subs	r3, #1
10002656:	b2db      	uxtb	r3, r3
10002658:	7013      	strb	r3, [r2, #0]
1000265a:	7813      	ldrb	r3, [r2, #0]
1000265c:	2b00      	cmp	r3, #0
1000265e:	d1a3      	bne.n	100025a8 <tud_task_ext+0x2c>
10002660:	2201      	movs	r2, #1
10002662:	4d96      	ldr	r5, [pc, #600]	@ (100028bc <tud_task_ext+0x340>)
10002664:	2101      	movs	r1, #1
10002666:	782b      	ldrb	r3, [r5, #0]
10002668:	2004      	movs	r0, #4
1000266a:	4313      	orrs	r3, r2
1000266c:	702b      	strb	r3, [r5, #0]
1000266e:	2334      	movs	r3, #52	@ 0x34
10002670:	5cea      	ldrb	r2, [r5, r3]
10002672:	438a      	bics	r2, r1
10002674:	54ea      	strb	r2, [r5, r3]
10002676:	5cea      	ldrb	r2, [r5, r3]
10002678:	4382      	bics	r2, r0
1000267a:	54ea      	strb	r2, [r5, r3]
1000267c:	3301      	adds	r3, #1
1000267e:	5cea      	ldrb	r2, [r5, r3]
10002680:	438a      	bics	r2, r1
10002682:	54ea      	strb	r2, [r5, r3]
10002684:	5cea      	ldrb	r2, [r5, r3]
10002686:	4382      	bics	r2, r0
10002688:	54ea      	strb	r2, [r5, r3]
1000268a:	7823      	ldrb	r3, [r4, #0]
1000268c:	2000      	movs	r0, #0
1000268e:	469b      	mov	fp, r3
10002690:	f000 fc8c 	bl	10002fac <usbd_control_set_complete_callback>
10002694:	2260      	movs	r2, #96	@ 0x60
10002696:	7923      	ldrb	r3, [r4, #4]
10002698:	401a      	ands	r2, r3
1000269a:	2a60      	cmp	r2, #96	@ 0x60
1000269c:	d100      	bne.n	100026a0 <tud_task_ext+0x124>
1000269e:	e0f2      	b.n	10002886 <tud_task_ext+0x30a>
100026a0:	2a40      	cmp	r2, #64	@ 0x40
100026a2:	d100      	bne.n	100026a6 <tud_task_ext+0x12a>
100026a4:	e0f8      	b.n	10002898 <tud_task_ext+0x31c>
100026a6:	06db      	lsls	r3, r3, #27
100026a8:	0edb      	lsrs	r3, r3, #27
100026aa:	2b01      	cmp	r3, #1
100026ac:	d100      	bne.n	100026b0 <tud_task_ext+0x134>
100026ae:	e115      	b.n	100028dc <tud_task_ext+0x360>
100026b0:	2b02      	cmp	r3, #2
100026b2:	d100      	bne.n	100026b6 <tud_task_ext+0x13a>
100026b4:	e0cb      	b.n	1000284e <tud_task_ext+0x2d2>
100026b6:	2b00      	cmp	r3, #0
100026b8:	d000      	beq.n	100026bc <tud_task_ext+0x140>
100026ba:	e0e4      	b.n	10002886 <tud_task_ext+0x30a>
100026bc:	2a20      	cmp	r2, #32
100026be:	d100      	bne.n	100026c2 <tud_task_ext+0x146>
100026c0:	e20f      	b.n	10002ae2 <tud_task_ext+0x566>
100026c2:	2a00      	cmp	r2, #0
100026c4:	d000      	beq.n	100026c8 <tud_task_ext+0x14c>
100026c6:	e0de      	b.n	10002886 <tud_task_ext+0x30a>
100026c8:	7963      	ldrb	r3, [r4, #5]
100026ca:	2b09      	cmp	r3, #9
100026cc:	d900      	bls.n	100026d0 <tud_task_ext+0x154>
100026ce:	e0da      	b.n	10002886 <tud_task_ext+0x30a>
100026d0:	4a7f      	ldr	r2, [pc, #508]	@ (100028d0 <tud_task_ext+0x354>)
100026d2:	009b      	lsls	r3, r3, #2
100026d4:	58d3      	ldr	r3, [r2, r3]
100026d6:	469f      	mov	pc, r3
100026d8:	4d78      	ldr	r5, [pc, #480]	@ (100028bc <tud_task_ext+0x340>)
100026da:	782b      	ldrb	r3, [r5, #0]
100026dc:	07db      	lsls	r3, r3, #31
100026de:	d400      	bmi.n	100026e2 <tud_task_ext+0x166>
100026e0:	e762      	b.n	100025a8 <tud_task_ext+0x2c>
100026e2:	f7ff febf 	bl	10002464 <tud_resume_cb>
100026e6:	e75f      	b.n	100025a8 <tud_task_ext+0x2c>
100026e8:	9b02      	ldr	r3, [sp, #8]
100026ea:	78db      	ldrb	r3, [r3, #3]
100026ec:	07db      	lsls	r3, r3, #31
100026ee:	d400      	bmi.n	100026f2 <tud_task_ext+0x176>
100026f0:	e75a      	b.n	100025a8 <tud_task_ext+0x2c>
100026f2:	6860      	ldr	r0, [r4, #4]
100026f4:	f7ff fea8 	bl	10002448 <tud_sof_cb>
100026f8:	e756      	b.n	100025a8 <tud_task_ext+0x2c>
100026fa:	4d70      	ldr	r5, [pc, #448]	@ (100028bc <tud_task_ext+0x340>)
100026fc:	782b      	ldrb	r3, [r5, #0]
100026fe:	07db      	lsls	r3, r3, #31
10002700:	d400      	bmi.n	10002704 <tud_task_ext+0x188>
10002702:	e751      	b.n	100025a8 <tud_task_ext+0x2c>
10002704:	7828      	ldrb	r0, [r5, #0]
10002706:	0700      	lsls	r0, r0, #28
10002708:	0fc0      	lsrs	r0, r0, #31
1000270a:	f7ff fea9 	bl	10002460 <tud_suspend_cb>
1000270e:	e74b      	b.n	100025a8 <tud_task_ext+0x2c>
10002710:	7823      	ldrb	r3, [r4, #0]
10002712:	4a6b      	ldr	r2, [pc, #428]	@ (100028c0 <tud_task_ext+0x344>)
10002714:	4699      	mov	r9, r3
10002716:	4693      	mov	fp, r2
10002718:	4b6a      	ldr	r3, [pc, #424]	@ (100028c4 <tud_task_ext+0x348>)
1000271a:	4a6b      	ldr	r2, [pc, #428]	@ (100028c8 <tud_task_ext+0x34c>)
1000271c:	4698      	mov	r8, r3
1000271e:	4692      	mov	sl, r2
10002720:	003a      	movs	r2, r7
10002722:	2500      	movs	r5, #0
10002724:	4647      	mov	r7, r8
10002726:	781b      	ldrb	r3, [r3, #0]
10002728:	46b0      	mov	r8, r6
1000272a:	464e      	mov	r6, r9
1000272c:	4691      	mov	r9, r2
1000272e:	e00e      	b.n	1000274e <tud_task_ext+0x1d2>
10002730:	4653      	mov	r3, sl
10002732:	681b      	ldr	r3, [r3, #0]
10002734:	016a      	lsls	r2, r5, #5
10002736:	189b      	adds	r3, r3, r2
10002738:	2b00      	cmp	r3, #0
1000273a:	d100      	bne.n	1000273e <tud_task_ext+0x1c2>
1000273c:	e07e      	b.n	1000283c <tud_task_ext+0x2c0>
1000273e:	68db      	ldr	r3, [r3, #12]
10002740:	0030      	movs	r0, r6
10002742:	4798      	blx	r3
10002744:	3501      	adds	r5, #1
10002746:	783b      	ldrb	r3, [r7, #0]
10002748:	b2ed      	uxtb	r5, r5
1000274a:	42ab      	cmp	r3, r5
1000274c:	d30c      	bcc.n	10002768 <tud_task_ext+0x1ec>
1000274e:	42ab      	cmp	r3, r5
10002750:	d8ee      	bhi.n	10002730 <tud_task_ext+0x1b4>
10002752:	1aeb      	subs	r3, r5, r3
10002754:	015b      	lsls	r3, r3, #5
10002756:	445b      	add	r3, fp
10002758:	68db      	ldr	r3, [r3, #12]
1000275a:	0030      	movs	r0, r6
1000275c:	4798      	blx	r3
1000275e:	3501      	adds	r5, #1
10002760:	783b      	ldrb	r3, [r7, #0]
10002762:	b2ed      	uxtb	r5, r5
10002764:	42ab      	cmp	r3, r5
10002766:	d2f2      	bcs.n	1000274e <tud_task_ext+0x1d2>
10002768:	4d54      	ldr	r5, [pc, #336]	@ (100028bc <tud_task_ext+0x340>)
1000276a:	2254      	movs	r2, #84	@ 0x54
1000276c:	2100      	movs	r1, #0
1000276e:	0028      	movs	r0, r5
10002770:	f7ff fa58 	bl	10001c24 <__wrap_memset>
10002774:	2210      	movs	r2, #16
10002776:	21ff      	movs	r1, #255	@ 0xff
10002778:	1d28      	adds	r0, r5, #4
1000277a:	f7ff fa53 	bl	10001c24 <__wrap_memset>
1000277e:	0028      	movs	r0, r5
10002780:	2220      	movs	r2, #32
10002782:	21ff      	movs	r1, #255	@ 0xff
10002784:	3014      	adds	r0, #20
10002786:	4646      	mov	r6, r8
10002788:	464f      	mov	r7, r9
1000278a:	f7ff fa4b 	bl	10001c24 <__wrap_memset>
1000278e:	f000 fc03 	bl	10002f98 <usbd_control_reset>
10002792:	7923      	ldrb	r3, [r4, #4]
10002794:	70ab      	strb	r3, [r5, #2]
10002796:	e707      	b.n	100025a8 <tud_task_ext+0x2c>
10002798:	7823      	ldrb	r3, [r4, #0]
1000279a:	4a4b      	ldr	r2, [pc, #300]	@ (100028c8 <tud_task_ext+0x34c>)
1000279c:	4699      	mov	r9, r3
1000279e:	4b49      	ldr	r3, [pc, #292]	@ (100028c4 <tud_task_ext+0x348>)
100027a0:	4692      	mov	sl, r2
100027a2:	4698      	mov	r8, r3
100027a4:	0032      	movs	r2, r6
100027a6:	46bb      	mov	fp, r7
100027a8:	464e      	mov	r6, r9
100027aa:	2500      	movs	r5, #0
100027ac:	4647      	mov	r7, r8
100027ae:	4691      	mov	r9, r2
100027b0:	781b      	ldrb	r3, [r3, #0]
100027b2:	e00d      	b.n	100027d0 <tud_task_ext+0x254>
100027b4:	4653      	mov	r3, sl
100027b6:	681b      	ldr	r3, [r3, #0]
100027b8:	016a      	lsls	r2, r5, #5
100027ba:	189b      	adds	r3, r3, r2
100027bc:	2b00      	cmp	r3, #0
100027be:	d041      	beq.n	10002844 <tud_task_ext+0x2c8>
100027c0:	68db      	ldr	r3, [r3, #12]
100027c2:	0030      	movs	r0, r6
100027c4:	4798      	blx	r3
100027c6:	3501      	adds	r5, #1
100027c8:	783b      	ldrb	r3, [r7, #0]
100027ca:	b2ed      	uxtb	r5, r5
100027cc:	42ab      	cmp	r3, r5
100027ce:	d30e      	bcc.n	100027ee <tud_task_ext+0x272>
100027d0:	429d      	cmp	r5, r3
100027d2:	d3ef      	bcc.n	100027b4 <tud_task_ext+0x238>
100027d4:	9a01      	ldr	r2, [sp, #4]
100027d6:	1aeb      	subs	r3, r5, r3
100027d8:	4694      	mov	ip, r2
100027da:	015b      	lsls	r3, r3, #5
100027dc:	4463      	add	r3, ip
100027de:	68db      	ldr	r3, [r3, #12]
100027e0:	0030      	movs	r0, r6
100027e2:	4798      	blx	r3
100027e4:	3501      	adds	r5, #1
100027e6:	783b      	ldrb	r3, [r7, #0]
100027e8:	b2ed      	uxtb	r5, r5
100027ea:	42ab      	cmp	r3, r5
100027ec:	d2f0      	bcs.n	100027d0 <tud_task_ext+0x254>
100027ee:	9d02      	ldr	r5, [sp, #8]
100027f0:	2254      	movs	r2, #84	@ 0x54
100027f2:	2100      	movs	r1, #0
100027f4:	0028      	movs	r0, r5
100027f6:	f7ff fa15 	bl	10001c24 <__wrap_memset>
100027fa:	2210      	movs	r2, #16
100027fc:	21ff      	movs	r1, #255	@ 0xff
100027fe:	4835      	ldr	r0, [pc, #212]	@ (100028d4 <tud_task_ext+0x358>)
10002800:	f7ff fa10 	bl	10001c24 <__wrap_memset>
10002804:	0028      	movs	r0, r5
10002806:	2220      	movs	r2, #32
10002808:	21ff      	movs	r1, #255	@ 0xff
1000280a:	3014      	adds	r0, #20
1000280c:	464e      	mov	r6, r9
1000280e:	465f      	mov	r7, fp
10002810:	f7ff fa08 	bl	10001c24 <__wrap_memset>
10002814:	f000 fbc0 	bl	10002f98 <usbd_control_reset>
10002818:	f7ff fe20 	bl	1000245c <tud_umount_cb>
1000281c:	e6c4      	b.n	100025a8 <tud_task_ext+0x2c>
1000281e:	4293      	cmp	r3, r2
10002820:	d013      	beq.n	1000284a <tud_task_ext+0x2ce>
10002822:	b011      	add	sp, #68	@ 0x44
10002824:	bcf0      	pop	{r4, r5, r6, r7}
10002826:	46bb      	mov	fp, r7
10002828:	46b2      	mov	sl, r6
1000282a:	46a9      	mov	r9, r5
1000282c:	46a0      	mov	r8, r4
1000282e:	bdf0      	pop	{r4, r5, r6, r7, pc}
10002830:	68a3      	ldr	r3, [r4, #8]
10002832:	7962      	ldrb	r2, [r4, #5]
10002834:	7820      	ldrb	r0, [r4, #0]
10002836:	f000 fbcd 	bl	10002fd4 <usbd_control_xfer_cb>
1000283a:	e6b5      	b.n	100025a8 <tud_task_ext+0x2c>
1000283c:	4646      	mov	r6, r8
1000283e:	464f      	mov	r7, r9
10002840:	4d1e      	ldr	r5, [pc, #120]	@ (100028bc <tud_task_ext+0x340>)
10002842:	e7a4      	b.n	1000278e <tud_task_ext+0x212>
10002844:	464e      	mov	r6, r9
10002846:	465f      	mov	r7, fp
10002848:	e7e4      	b.n	10002814 <tud_task_ext+0x298>
1000284a:	4d1d      	ldr	r5, [pc, #116]	@ (100028c0 <tud_task_ext+0x344>)
1000284c:	e6f6      	b.n	1000263c <tud_task_ext+0xc0>
1000284e:	2370      	movs	r3, #112	@ 0x70
10002850:	7a21      	ldrb	r1, [r4, #8]
10002852:	420b      	tst	r3, r1
10002854:	d117      	bne.n	10002886 <tud_task_ext+0x30a>
10002856:	09c8      	lsrs	r0, r1, #7
10002858:	4682      	mov	sl, r0
1000285a:	330f      	adds	r3, #15
1000285c:	400b      	ands	r3, r1
1000285e:	005b      	lsls	r3, r3, #1
10002860:	4698      	mov	r8, r3
10002862:	4818      	ldr	r0, [pc, #96]	@ (100028c4 <tud_task_ext+0x348>)
10002864:	18eb      	adds	r3, r5, r3
10002866:	4453      	add	r3, sl
10002868:	7d1b      	ldrb	r3, [r3, #20]
1000286a:	7800      	ldrb	r0, [r0, #0]
1000286c:	4283      	cmp	r3, r0
1000286e:	d260      	bcs.n	10002932 <tud_task_ext+0x3b6>
10002870:	4815      	ldr	r0, [pc, #84]	@ (100028c8 <tud_task_ext+0x34c>)
10002872:	015b      	lsls	r3, r3, #5
10002874:	6800      	ldr	r0, [r0, #0]
10002876:	4681      	mov	r9, r0
10002878:	4499      	add	r9, r3
1000287a:	2a00      	cmp	r2, #0
1000287c:	d100      	bne.n	10002880 <tud_task_ext+0x304>
1000287e:	e14f      	b.n	10002b20 <tud_task_ext+0x5a4>
10002880:	464b      	mov	r3, r9
10002882:	2b00      	cmp	r3, #0
10002884:	d15d      	bne.n	10002942 <tud_task_ext+0x3c6>
10002886:	7820      	ldrb	r0, [r4, #0]
10002888:	2100      	movs	r1, #0
1000288a:	f7ff fd67 	bl	1000235c <dcd_edpt_stall>
1000288e:	2180      	movs	r1, #128	@ 0x80
10002890:	7820      	ldrb	r0, [r4, #0]
10002892:	f7ff fd63 	bl	1000235c <dcd_edpt_stall>
10002896:	e687      	b.n	100025a8 <tud_task_ext+0x2c>
10002898:	480f      	ldr	r0, [pc, #60]	@ (100028d8 <tud_task_ext+0x35c>)
1000289a:	f000 fb87 	bl	10002fac <usbd_control_set_complete_callback>
1000289e:	2101      	movs	r1, #1
100028a0:	4658      	mov	r0, fp
100028a2:	aa0e      	add	r2, sp, #56	@ 0x38
100028a4:	f7ff fdcc 	bl	10002440 <tud_vendor_control_xfer_cb>
100028a8:	2800      	cmp	r0, #0
100028aa:	d000      	beq.n	100028ae <tud_task_ext+0x332>
100028ac:	e67c      	b.n	100025a8 <tud_task_ext+0x2c>
100028ae:	e7ea      	b.n	10002886 <tud_task_ext+0x30a>
100028b0:	20001024 	.word	0x20001024
100028b4:	100041f4 	.word	0x100041f4
100028b8:	200017b4 	.word	0x200017b4
100028bc:	2000175c 	.word	0x2000175c
100028c0:	1000429c 	.word	0x1000429c
100028c4:	20001df0 	.word	0x20001df0
100028c8:	20001568 	.word	0x20001568
100028cc:	20001df2 	.word	0x20001df2
100028d0:	10004218 	.word	0x10004218
100028d4:	20001760 	.word	0x20001760
100028d8:	10002441 	.word	0x10002441
100028dc:	7a23      	ldrb	r3, [r4, #8]
100028de:	2b0f      	cmp	r3, #15
100028e0:	d8d1      	bhi.n	10002886 <tud_task_ext+0x30a>
100028e2:	4ad6      	ldr	r2, [pc, #856]	@ (10002c3c <tud_task_ext+0x6c0>)
100028e4:	18eb      	adds	r3, r5, r3
100028e6:	791b      	ldrb	r3, [r3, #4]
100028e8:	7812      	ldrb	r2, [r2, #0]
100028ea:	4293      	cmp	r3, r2
100028ec:	d334      	bcc.n	10002958 <tud_task_ext+0x3dc>
100028ee:	d1ca      	bne.n	10002886 <tud_task_ext+0x30a>
100028f0:	4dd3      	ldr	r5, [pc, #844]	@ (10002c40 <tud_task_ext+0x6c4>)
100028f2:	6968      	ldr	r0, [r5, #20]
100028f4:	f000 fb5a 	bl	10002fac <usbd_control_set_complete_callback>
100028f8:	2101      	movs	r1, #1
100028fa:	4658      	mov	r0, fp
100028fc:	696b      	ldr	r3, [r5, #20]
100028fe:	aa0e      	add	r2, sp, #56	@ 0x38
10002900:	4798      	blx	r3
10002902:	2800      	cmp	r0, #0
10002904:	d000      	beq.n	10002908 <tud_task_ext+0x38c>
10002906:	e64f      	b.n	100025a8 <tud_task_ext+0x2c>
10002908:	2260      	movs	r2, #96	@ 0x60
1000290a:	0015      	movs	r5, r2
1000290c:	7923      	ldrb	r3, [r4, #4]
1000290e:	401d      	ands	r5, r3
10002910:	421a      	tst	r2, r3
10002912:	d1b8      	bne.n	10002886 <tud_task_ext+0x30a>
10002914:	7963      	ldrb	r3, [r4, #5]
10002916:	3b0a      	subs	r3, #10
10002918:	2b01      	cmp	r3, #1
1000291a:	d8b4      	bhi.n	10002886 <tud_task_ext+0x30a>
1000291c:	f000 fb46 	bl	10002fac <usbd_control_set_complete_callback>
10002920:	7963      	ldrb	r3, [r4, #5]
10002922:	2b0a      	cmp	r3, #10
10002924:	d100      	bne.n	10002928 <tud_task_ext+0x3ac>
10002926:	e17f      	b.n	10002c28 <tud_task_ext+0x6ac>
10002928:	4658      	mov	r0, fp
1000292a:	a90e      	add	r1, sp, #56	@ 0x38
1000292c:	f000 fac8 	bl	10002ec0 <tud_control_status>
10002930:	e63a      	b.n	100025a8 <tud_task_ext+0x2c>
10002932:	4283      	cmp	r3, r0
10002934:	d000      	beq.n	10002938 <tud_task_ext+0x3bc>
10002936:	e0ee      	b.n	10002b16 <tud_task_ext+0x59a>
10002938:	4bc1      	ldr	r3, [pc, #772]	@ (10002c40 <tud_task_ext+0x6c4>)
1000293a:	4699      	mov	r9, r3
1000293c:	2a00      	cmp	r2, #0
1000293e:	d100      	bne.n	10002942 <tud_task_ext+0x3c6>
10002940:	e0ee      	b.n	10002b20 <tud_task_ext+0x5a4>
10002942:	464b      	mov	r3, r9
10002944:	6958      	ldr	r0, [r3, #20]
10002946:	f000 fb31 	bl	10002fac <usbd_control_set_complete_callback>
1000294a:	464b      	mov	r3, r9
1000294c:	2101      	movs	r1, #1
1000294e:	4658      	mov	r0, fp
10002950:	695b      	ldr	r3, [r3, #20]
10002952:	aa0e      	add	r2, sp, #56	@ 0x38
10002954:	4798      	blx	r3
10002956:	e7a7      	b.n	100028a8 <tud_task_ext+0x32c>
10002958:	4aba      	ldr	r2, [pc, #744]	@ (10002c44 <tud_task_ext+0x6c8>)
1000295a:	015b      	lsls	r3, r3, #5
1000295c:	6815      	ldr	r5, [r2, #0]
1000295e:	18ed      	adds	r5, r5, r3
10002960:	2d00      	cmp	r5, #0
10002962:	d1c6      	bne.n	100028f2 <tud_task_ext+0x376>
10002964:	e78f      	b.n	10002886 <tud_task_ext+0x30a>
10002966:	79a3      	ldrb	r3, [r4, #6]
10002968:	4699      	mov	r9, r3
1000296a:	786b      	ldrb	r3, [r5, #1]
1000296c:	4599      	cmp	r9, r3
1000296e:	d0db      	beq.n	10002928 <tud_task_ext+0x3ac>
10002970:	786b      	ldrb	r3, [r5, #1]
10002972:	2b00      	cmp	r3, #0
10002974:	d000      	beq.n	10002978 <tud_task_ext+0x3fc>
10002976:	e12a      	b.n	10002bce <tud_task_ext+0x652>
10002978:	464b      	mov	r3, r9
1000297a:	706b      	strb	r3, [r5, #1]
1000297c:	2b00      	cmp	r3, #0
1000297e:	d100      	bne.n	10002982 <tud_task_ext+0x406>
10002980:	e122      	b.n	10002bc8 <tud_task_ext+0x64c>
10002982:	4648      	mov	r0, r9
10002984:	3801      	subs	r0, #1
10002986:	b2c0      	uxtb	r0, r0
10002988:	f7fd fd38 	bl	100003fc <tud_descriptor_configuration_cb>
1000298c:	2800      	cmp	r0, #0
1000298e:	d100      	bne.n	10002992 <tud_task_ext+0x416>
10002990:	e174      	b.n	10002c7c <tud_task_ext+0x700>
10002992:	7843      	ldrb	r3, [r0, #1]
10002994:	9307      	str	r3, [sp, #28]
10002996:	2b02      	cmp	r3, #2
10002998:	d000      	beq.n	1000299c <tud_task_ext+0x420>
1000299a:	e16f      	b.n	10002c7c <tud_task_ext+0x700>
1000299c:	2201      	movs	r2, #1
1000299e:	79c1      	ldrb	r1, [r0, #7]
100029a0:	46b1      	mov	r9, r6
100029a2:	118b      	asrs	r3, r1, #6
100029a4:	1149      	asrs	r1, r1, #5
100029a6:	4013      	ands	r3, r2
100029a8:	400a      	ands	r2, r1
100029aa:	2130      	movs	r1, #48	@ 0x30
100029ac:	0112      	lsls	r2, r2, #4
100029ae:	015b      	lsls	r3, r3, #5
100029b0:	4313      	orrs	r3, r2
100029b2:	782a      	ldrb	r2, [r5, #0]
100029b4:	46a8      	mov	r8, r5
100029b6:	438a      	bics	r2, r1
100029b8:	4313      	orrs	r3, r2
100029ba:	702b      	strb	r3, [r5, #0]
100029bc:	2309      	movs	r3, #9
100029be:	469a      	mov	sl, r3
100029c0:	4482      	add	sl, r0
100029c2:	4656      	mov	r6, sl
100029c4:	46ba      	mov	sl, r7
100029c6:	78c3      	ldrb	r3, [r0, #3]
100029c8:	7882      	ldrb	r2, [r0, #2]
100029ca:	021b      	lsls	r3, r3, #8
100029cc:	4313      	orrs	r3, r2
100029ce:	18c3      	adds	r3, r0, r3
100029d0:	9305      	str	r3, [sp, #20]
100029d2:	4b9a      	ldr	r3, [pc, #616]	@ (10002c3c <tud_task_ext+0x6c0>)
100029d4:	9304      	str	r3, [sp, #16]
100029d6:	4b9a      	ldr	r3, [pc, #616]	@ (10002c40 <tud_task_ext+0x6c4>)
100029d8:	9308      	str	r3, [sp, #32]
100029da:	4b9a      	ldr	r3, [pc, #616]	@ (10002c44 <tud_task_ext+0x6c8>)
100029dc:	9309      	str	r3, [sp, #36]	@ 0x24
100029de:	4b9a      	ldr	r3, [pc, #616]	@ (10002c48 <tud_task_ext+0x6cc>)
100029e0:	930a      	str	r3, [sp, #40]	@ 0x28
100029e2:	9b05      	ldr	r3, [sp, #20]
100029e4:	42b3      	cmp	r3, r6
100029e6:	d800      	bhi.n	100029ea <tud_task_ext+0x46e>
100029e8:	e14b      	b.n	10002c82 <tud_task_ext+0x706>
100029ea:	7873      	ldrb	r3, [r6, #1]
100029ec:	2201      	movs	r2, #1
100029ee:	2b0b      	cmp	r3, #11
100029f0:	d103      	bne.n	100029fa <tud_task_ext+0x47e>
100029f2:	7833      	ldrb	r3, [r6, #0]
100029f4:	78f2      	ldrb	r2, [r6, #3]
100029f6:	18f6      	adds	r6, r6, r3
100029f8:	7873      	ldrb	r3, [r6, #1]
100029fa:	2b04      	cmp	r3, #4
100029fc:	d000      	beq.n	10002a00 <tud_task_ext+0x484>
100029fe:	e13a      	b.n	10002c76 <tud_task_ext+0x6fa>
10002a00:	9b05      	ldr	r3, [sp, #20]
10002a02:	2700      	movs	r7, #0
10002a04:	1b9b      	subs	r3, r3, r6
10002a06:	b29b      	uxth	r3, r3
10002a08:	9306      	str	r3, [sp, #24]
10002a0a:	9b04      	ldr	r3, [sp, #16]
10002a0c:	920b      	str	r2, [sp, #44]	@ 0x2c
10002a0e:	781d      	ldrb	r5, [r3, #0]
10002a10:	e019      	b.n	10002a46 <tud_task_ext+0x4ca>
10002a12:	9a09      	ldr	r2, [sp, #36]	@ 0x24
10002a14:	017b      	lsls	r3, r7, #5
10002a16:	6815      	ldr	r5, [r2, #0]
10002a18:	18ed      	adds	r5, r5, r3
10002a1a:	2d00      	cmp	r5, #0
10002a1c:	d100      	bne.n	10002a20 <tud_task_ext+0x4a4>
10002a1e:	e12a      	b.n	10002c76 <tud_task_ext+0x6fa>
10002a20:	0031      	movs	r1, r6
10002a22:	4658      	mov	r0, fp
10002a24:	692b      	ldr	r3, [r5, #16]
10002a26:	9a06      	ldr	r2, [sp, #24]
10002a28:	4798      	blx	r3
10002a2a:	4684      	mov	ip, r0
10002a2c:	2808      	cmp	r0, #8
10002a2e:	d903      	bls.n	10002a38 <tud_task_ext+0x4bc>
10002a30:	9a06      	ldr	r2, [sp, #24]
10002a32:	4282      	cmp	r2, r0
10002a34:	d300      	bcc.n	10002a38 <tud_task_ext+0x4bc>
10002a36:	e10b      	b.n	10002c50 <tud_task_ext+0x6d4>
10002a38:	9b04      	ldr	r3, [sp, #16]
10002a3a:	3701      	adds	r7, #1
10002a3c:	781d      	ldrb	r5, [r3, #0]
10002a3e:	b2ff      	uxtb	r7, r7
10002a40:	42bd      	cmp	r5, r7
10002a42:	d200      	bcs.n	10002a46 <tud_task_ext+0x4ca>
10002a44:	e117      	b.n	10002c76 <tud_task_ext+0x6fa>
10002a46:	42af      	cmp	r7, r5
10002a48:	d3e3      	bcc.n	10002a12 <tud_task_ext+0x496>
10002a4a:	9b08      	ldr	r3, [sp, #32]
10002a4c:	1b7d      	subs	r5, r7, r5
10002a4e:	469c      	mov	ip, r3
10002a50:	016d      	lsls	r5, r5, #5
10002a52:	4465      	add	r5, ip
10002a54:	e7e4      	b.n	10002a20 <tud_task_ext+0x4a4>
10002a56:	786b      	ldrb	r3, [r5, #1]
10002a58:	aa0c      	add	r2, sp, #48	@ 0x30
10002a5a:	3202      	adds	r2, #2
10002a5c:	7013      	strb	r3, [r2, #0]
10002a5e:	4658      	mov	r0, fp
10002a60:	2301      	movs	r3, #1
10002a62:	a90e      	add	r1, sp, #56	@ 0x38
10002a64:	f000 fa42 	bl	10002eec <tud_control_xfer>
10002a68:	e59e      	b.n	100025a8 <tud_task_ext+0x2c>
10002a6a:	88e3      	ldrh	r3, [r4, #6]
10002a6c:	0a1a      	lsrs	r2, r3, #8
10002a6e:	b2d8      	uxtb	r0, r3
10002a70:	2a0f      	cmp	r2, #15
10002a72:	d900      	bls.n	10002a76 <tud_task_ext+0x4fa>
10002a74:	e707      	b.n	10002886 <tud_task_ext+0x30a>
10002a76:	4975      	ldr	r1, [pc, #468]	@ (10002c4c <tud_task_ext+0x6d0>)
10002a78:	0093      	lsls	r3, r2, #2
10002a7a:	58cb      	ldr	r3, [r1, r3]
10002a7c:	469f      	mov	pc, r3
10002a7e:	a80e      	add	r0, sp, #56	@ 0x38
10002a80:	f000 fa9a 	bl	10002fb8 <usbd_control_set_request>
10002a84:	4658      	mov	r0, fp
10002a86:	79a1      	ldrb	r1, [r4, #6]
10002a88:	f7ff fba2 	bl	100021d0 <dcd_set_address>
10002a8c:	2202      	movs	r2, #2
10002a8e:	782b      	ldrb	r3, [r5, #0]
10002a90:	4313      	orrs	r3, r2
10002a92:	702b      	strb	r3, [r5, #0]
10002a94:	e588      	b.n	100025a8 <tud_task_ext+0x2c>
10002a96:	88e3      	ldrh	r3, [r4, #6]
10002a98:	2b01      	cmp	r3, #1
10002a9a:	d000      	beq.n	10002a9e <tud_task_ext+0x522>
10002a9c:	e6f3      	b.n	10002886 <tud_task_ext+0x30a>
10002a9e:	2208      	movs	r2, #8
10002aa0:	782b      	ldrb	r3, [r5, #0]
10002aa2:	4658      	mov	r0, fp
10002aa4:	4393      	bics	r3, r2
10002aa6:	a90e      	add	r1, sp, #56	@ 0x38
10002aa8:	702b      	strb	r3, [r5, #0]
10002aaa:	f000 fa09 	bl	10002ec0 <tud_control_status>
10002aae:	e57b      	b.n	100025a8 <tud_task_ext+0x2c>
10002ab0:	2002      	movs	r0, #2
10002ab2:	7829      	ldrb	r1, [r5, #0]
10002ab4:	ab0c      	add	r3, sp, #48	@ 0x30
10002ab6:	1c9a      	adds	r2, r3, #2
10002ab8:	068b      	lsls	r3, r1, #26
10002aba:	0889      	lsrs	r1, r1, #2
10002abc:	0fdb      	lsrs	r3, r3, #31
10002abe:	4001      	ands	r1, r0
10002ac0:	430b      	orrs	r3, r1
10002ac2:	8013      	strh	r3, [r2, #0]
10002ac4:	4658      	mov	r0, fp
10002ac6:	2302      	movs	r3, #2
10002ac8:	a90e      	add	r1, sp, #56	@ 0x38
10002aca:	f000 fa0f 	bl	10002eec <tud_control_xfer>
10002ace:	e56b      	b.n	100025a8 <tud_task_ext+0x2c>
10002ad0:	88e3      	ldrh	r3, [r4, #6]
10002ad2:	2b01      	cmp	r3, #1
10002ad4:	d000      	beq.n	10002ad8 <tud_task_ext+0x55c>
10002ad6:	e6d6      	b.n	10002886 <tud_task_ext+0x30a>
10002ad8:	2208      	movs	r2, #8
10002ada:	782b      	ldrb	r3, [r5, #0]
10002adc:	4313      	orrs	r3, r2
10002ade:	702b      	strb	r3, [r5, #0]
10002ae0:	e722      	b.n	10002928 <tud_task_ext+0x3ac>
10002ae2:	7a23      	ldrb	r3, [r4, #8]
10002ae4:	2b0f      	cmp	r3, #15
10002ae6:	d900      	bls.n	10002aea <tud_task_ext+0x56e>
10002ae8:	e6cd      	b.n	10002886 <tud_task_ext+0x30a>
10002aea:	4a54      	ldr	r2, [pc, #336]	@ (10002c3c <tud_task_ext+0x6c0>)
10002aec:	18eb      	adds	r3, r5, r3
10002aee:	791b      	ldrb	r3, [r3, #4]
10002af0:	7812      	ldrb	r2, [r2, #0]
10002af2:	4293      	cmp	r3, r2
10002af4:	d228      	bcs.n	10002b48 <tud_task_ext+0x5cc>
10002af6:	4a53      	ldr	r2, [pc, #332]	@ (10002c44 <tud_task_ext+0x6c8>)
10002af8:	015b      	lsls	r3, r3, #5
10002afa:	6815      	ldr	r5, [r2, #0]
10002afc:	18ed      	adds	r5, r5, r3
10002afe:	2d00      	cmp	r5, #0
10002b00:	d100      	bne.n	10002b04 <tud_task_ext+0x588>
10002b02:	e6c0      	b.n	10002886 <tud_task_ext+0x30a>
10002b04:	6968      	ldr	r0, [r5, #20]
10002b06:	f000 fa51 	bl	10002fac <usbd_control_set_complete_callback>
10002b0a:	2101      	movs	r1, #1
10002b0c:	4658      	mov	r0, fp
10002b0e:	696b      	ldr	r3, [r5, #20]
10002b10:	aa0e      	add	r2, sp, #56	@ 0x38
10002b12:	4798      	blx	r3
10002b14:	e6c8      	b.n	100028a8 <tud_task_ext+0x32c>
10002b16:	2a00      	cmp	r2, #0
10002b18:	d000      	beq.n	10002b1c <tud_task_ext+0x5a0>
10002b1a:	e6b4      	b.n	10002886 <tud_task_ext+0x30a>
10002b1c:	2300      	movs	r3, #0
10002b1e:	4699      	mov	r9, r3
10002b20:	7962      	ldrb	r2, [r4, #5]
10002b22:	2002      	movs	r0, #2
10002b24:	0013      	movs	r3, r2
10002b26:	9204      	str	r2, [sp, #16]
10002b28:	4383      	bics	r3, r0
10002b2a:	2b01      	cmp	r3, #1
10002b2c:	d011      	beq.n	10002b52 <tud_task_ext+0x5d6>
10002b2e:	2a00      	cmp	r2, #0
10002b30:	d000      	beq.n	10002b34 <tud_task_ext+0x5b8>
10002b32:	e6a8      	b.n	10002886 <tud_task_ext+0x30a>
10002b34:	002b      	movs	r3, r5
10002b36:	4443      	add	r3, r8
10002b38:	4453      	add	r3, sl
10002b3a:	3330      	adds	r3, #48	@ 0x30
10002b3c:	791b      	ldrb	r3, [r3, #4]
10002b3e:	aa0c      	add	r2, sp, #48	@ 0x30
10002b40:	079b      	lsls	r3, r3, #30
10002b42:	0fdb      	lsrs	r3, r3, #31
10002b44:	3202      	adds	r2, #2
10002b46:	e7bc      	b.n	10002ac2 <tud_task_ext+0x546>
10002b48:	4293      	cmp	r3, r2
10002b4a:	d000      	beq.n	10002b4e <tud_task_ext+0x5d2>
10002b4c:	e69b      	b.n	10002886 <tud_task_ext+0x30a>
10002b4e:	4d3c      	ldr	r5, [pc, #240]	@ (10002c40 <tud_task_ext+0x6c4>)
10002b50:	e7d8      	b.n	10002b04 <tud_task_ext+0x588>
10002b52:	88e3      	ldrh	r3, [r4, #6]
10002b54:	2b00      	cmp	r3, #0
10002b56:	d112      	bne.n	10002b7e <tud_task_ext+0x602>
10002b58:	9b03      	ldr	r3, [sp, #12]
10002b5a:	7818      	ldrb	r0, [r3, #0]
10002b5c:	9b04      	ldr	r3, [sp, #16]
10002b5e:	2b01      	cmp	r3, #1
10002b60:	d023      	beq.n	10002baa <tud_task_ext+0x62e>
10002b62:	f7ff fbfb 	bl	1000235c <dcd_edpt_stall>
10002b66:	4643      	mov	r3, r8
10002b68:	2102      	movs	r1, #2
10002b6a:	18eb      	adds	r3, r5, r3
10002b6c:	4453      	add	r3, sl
10002b6e:	3330      	adds	r3, #48	@ 0x30
10002b70:	791a      	ldrb	r2, [r3, #4]
10002b72:	430a      	orrs	r2, r1
10002b74:	2101      	movs	r1, #1
10002b76:	711a      	strb	r2, [r3, #4]
10002b78:	791a      	ldrb	r2, [r3, #4]
10002b7a:	430a      	orrs	r2, r1
10002b7c:	711a      	strb	r2, [r3, #4]
10002b7e:	464b      	mov	r3, r9
10002b80:	2b00      	cmp	r3, #0
10002b82:	d100      	bne.n	10002b86 <tud_task_ext+0x60a>
10002b84:	e510      	b.n	100025a8 <tud_task_ext+0x2c>
10002b86:	6958      	ldr	r0, [r3, #20]
10002b88:	f000 fa10 	bl	10002fac <usbd_control_set_complete_callback>
10002b8c:	464b      	mov	r3, r9
10002b8e:	2101      	movs	r1, #1
10002b90:	695b      	ldr	r3, [r3, #20]
10002b92:	aa0e      	add	r2, sp, #56	@ 0x38
10002b94:	4658      	mov	r0, fp
10002b96:	4798      	blx	r3
10002b98:	2000      	movs	r0, #0
10002b9a:	f000 fa07 	bl	10002fac <usbd_control_set_complete_callback>
10002b9e:	2335      	movs	r3, #53	@ 0x35
10002ba0:	5ceb      	ldrb	r3, [r5, r3]
10002ba2:	07db      	lsls	r3, r3, #31
10002ba4:	d500      	bpl.n	10002ba8 <tud_task_ext+0x62c>
10002ba6:	e4ff      	b.n	100025a8 <tud_task_ext+0x2c>
10002ba8:	e6be      	b.n	10002928 <tud_task_ext+0x3ac>
10002baa:	f7ff fbf1 	bl	10002390 <dcd_edpt_clear_stall>
10002bae:	4643      	mov	r3, r8
10002bb0:	2102      	movs	r1, #2
10002bb2:	18eb      	adds	r3, r5, r3
10002bb4:	4453      	add	r3, sl
10002bb6:	3330      	adds	r3, #48	@ 0x30
10002bb8:	791a      	ldrb	r2, [r3, #4]
10002bba:	438a      	bics	r2, r1
10002bbc:	711a      	strb	r2, [r3, #4]
10002bbe:	791a      	ldrb	r2, [r3, #4]
10002bc0:	9904      	ldr	r1, [sp, #16]
10002bc2:	438a      	bics	r2, r1
10002bc4:	711a      	strb	r2, [r3, #4]
10002bc6:	e7da      	b.n	10002b7e <tud_task_ext+0x602>
10002bc8:	f7ff fc48 	bl	1000245c <tud_umount_cb>
10002bcc:	e6ac      	b.n	10002928 <tud_task_ext+0x3ac>
10002bce:	2100      	movs	r1, #0
10002bd0:	4658      	mov	r0, fp
10002bd2:	f7ff fb07 	bl	100021e4 <dcd_sof_enable>
10002bd6:	4658      	mov	r0, fp
10002bd8:	f7ff fbaa 	bl	10002330 <dcd_edpt_close_all>
10002bdc:	2200      	movs	r2, #0
10002bde:	4692      	mov	sl, r2
10002be0:	4a17      	ldr	r2, [pc, #92]	@ (10002c40 <tud_task_ext+0x6c4>)
10002be2:	78ab      	ldrb	r3, [r5, #2]
10002be4:	9205      	str	r2, [sp, #20]
10002be6:	4a17      	ldr	r2, [pc, #92]	@ (10002c44 <tud_task_ext+0x6c8>)
10002be8:	9304      	str	r3, [sp, #16]
10002bea:	9206      	str	r2, [sp, #24]
10002bec:	002a      	movs	r2, r5
10002bee:	4b13      	ldr	r3, [pc, #76]	@ (10002c3c <tud_task_ext+0x6c0>)
10002bf0:	4655      	mov	r5, sl
10002bf2:	4698      	mov	r8, r3
10002bf4:	4692      	mov	sl, r2
10002bf6:	781b      	ldrb	r3, [r3, #0]
10002bf8:	e00e      	b.n	10002c18 <tud_task_ext+0x69c>
10002bfa:	9b06      	ldr	r3, [sp, #24]
10002bfc:	016a      	lsls	r2, r5, #5
10002bfe:	681b      	ldr	r3, [r3, #0]
10002c00:	189b      	adds	r3, r3, r2
10002c02:	2b00      	cmp	r3, #0
10002c04:	d056      	beq.n	10002cb4 <tud_task_ext+0x738>
10002c06:	68db      	ldr	r3, [r3, #12]
10002c08:	4658      	mov	r0, fp
10002c0a:	4798      	blx	r3
10002c0c:	4643      	mov	r3, r8
10002c0e:	3501      	adds	r5, #1
10002c10:	781b      	ldrb	r3, [r3, #0]
10002c12:	b2ed      	uxtb	r5, r5
10002c14:	42ab      	cmp	r3, r5
10002c16:	d339      	bcc.n	10002c8c <tud_task_ext+0x710>
10002c18:	42ab      	cmp	r3, r5
10002c1a:	d8ee      	bhi.n	10002bfa <tud_task_ext+0x67e>
10002c1c:	9a05      	ldr	r2, [sp, #20]
10002c1e:	1aeb      	subs	r3, r5, r3
10002c20:	4694      	mov	ip, r2
10002c22:	015b      	lsls	r3, r3, #5
10002c24:	4463      	add	r3, ip
10002c26:	e7ee      	b.n	10002c06 <tud_task_ext+0x68a>
10002c28:	ab0c      	add	r3, sp, #48	@ 0x30
10002c2a:	1c9a      	adds	r2, r3, #2
10002c2c:	4658      	mov	r0, fp
10002c2e:	2301      	movs	r3, #1
10002c30:	a90e      	add	r1, sp, #56	@ 0x38
10002c32:	7015      	strb	r5, [r2, #0]
10002c34:	f000 f95a 	bl	10002eec <tud_control_xfer>
10002c38:	e4b6      	b.n	100025a8 <tud_task_ext+0x2c>
10002c3a:	46c0      	nop			@ (mov r8, r8)
10002c3c:	20001df0 	.word	0x20001df0
10002c40:	1000429c 	.word	0x1000429c
10002c44:	20001568 	.word	0x20001568
10002c48:	20001770 	.word	0x20001770
10002c4c:	10004240 	.word	0x10004240
10002c50:	9a0b      	ldr	r2, [sp, #44]	@ 0x2c
10002c52:	2a01      	cmp	r2, #1
10002c54:	d04d      	beq.n	10002cf2 <tud_task_ext+0x776>
10002c56:	2a00      	cmp	r2, #0
10002c58:	d03c      	beq.n	10002cd4 <tud_task_ext+0x758>
10002c5a:	2300      	movs	r3, #0
10002c5c:	78b0      	ldrb	r0, [r6, #2]
10002c5e:	e004      	b.n	10002c6a <tud_task_ext+0x6ee>
10002c60:	3301      	adds	r3, #1
10002c62:	b2db      	uxtb	r3, r3
10002c64:	710f      	strb	r7, [r1, #4]
10002c66:	4293      	cmp	r3, r2
10002c68:	d234      	bcs.n	10002cd4 <tud_task_ext+0x758>
10002c6a:	18c1      	adds	r1, r0, r3
10002c6c:	b2c9      	uxtb	r1, r1
10002c6e:	4441      	add	r1, r8
10002c70:	790d      	ldrb	r5, [r1, #4]
10002c72:	2dff      	cmp	r5, #255	@ 0xff
10002c74:	d0f4      	beq.n	10002c60 <tud_task_ext+0x6e4>
10002c76:	464e      	mov	r6, r9
10002c78:	4645      	mov	r5, r8
10002c7a:	4657      	mov	r7, sl
10002c7c:	2300      	movs	r3, #0
10002c7e:	706b      	strb	r3, [r5, #1]
10002c80:	e601      	b.n	10002886 <tud_task_ext+0x30a>
10002c82:	464e      	mov	r6, r9
10002c84:	4657      	mov	r7, sl
10002c86:	f7ff fbe7 	bl	10002458 <tud_mount_cb>
10002c8a:	e64d      	b.n	10002928 <tud_task_ext+0x3ac>
10002c8c:	4655      	mov	r5, sl
10002c8e:	2254      	movs	r2, #84	@ 0x54
10002c90:	2100      	movs	r1, #0
10002c92:	0028      	movs	r0, r5
10002c94:	f7fe ffc6 	bl	10001c24 <__wrap_memset>
10002c98:	2210      	movs	r2, #16
10002c9a:	21ff      	movs	r1, #255	@ 0xff
10002c9c:	1d28      	adds	r0, r5, #4
10002c9e:	f7fe ffc1 	bl	10001c24 <__wrap_memset>
10002ca2:	0028      	movs	r0, r5
10002ca4:	2220      	movs	r2, #32
10002ca6:	21ff      	movs	r1, #255	@ 0xff
10002ca8:	3014      	adds	r0, #20
10002caa:	f7fe ffbb 	bl	10001c24 <__wrap_memset>
10002cae:	9b04      	ldr	r3, [sp, #16]
10002cb0:	70ab      	strb	r3, [r5, #2]
10002cb2:	e661      	b.n	10002978 <tud_task_ext+0x3fc>
10002cb4:	4655      	mov	r5, sl
10002cb6:	e7fa      	b.n	10002cae <tud_task_ext+0x732>
10002cb8:	f7ff fbc8 	bl	1000244c <tud_descriptor_bos_cb>
10002cbc:	1e02      	subs	r2, r0, #0
10002cbe:	d100      	bne.n	10002cc2 <tud_task_ext+0x746>
10002cc0:	e5e1      	b.n	10002886 <tud_task_ext+0x30a>
10002cc2:	78d3      	ldrb	r3, [r2, #3]
10002cc4:	7891      	ldrb	r1, [r2, #2]
10002cc6:	021b      	lsls	r3, r3, #8
10002cc8:	430b      	orrs	r3, r1
10002cca:	4658      	mov	r0, fp
10002ccc:	a90e      	add	r1, sp, #56	@ 0x38
10002cce:	f000 f90d 	bl	10002eec <tud_control_xfer>
10002cd2:	e5e9      	b.n	100028a8 <tud_task_ext+0x32c>
10002cd4:	4665      	mov	r5, ip
10002cd6:	003b      	movs	r3, r7
10002cd8:	0031      	movs	r1, r6
10002cda:	002a      	movs	r2, r5
10002cdc:	980a      	ldr	r0, [sp, #40]	@ 0x28
10002cde:	f000 fd73 	bl	100037c8 <tu_edpt_bind_driver>
10002ce2:	46ac      	mov	ip, r5
10002ce4:	9b04      	ldr	r3, [sp, #16]
10002ce6:	4466      	add	r6, ip
10002ce8:	781b      	ldrb	r3, [r3, #0]
10002cea:	42bb      	cmp	r3, r7
10002cec:	d300      	bcc.n	10002cf0 <tud_task_ext+0x774>
10002cee:	e678      	b.n	100029e2 <tud_task_ext+0x466>
10002cf0:	e7c1      	b.n	10002c76 <tud_task_ext+0x6fa>
10002cf2:	4b17      	ldr	r3, [pc, #92]	@ (10002d50 <tud_task_ext+0x7d4>)
10002cf4:	6929      	ldr	r1, [r5, #16]
10002cf6:	4299      	cmp	r1, r3
10002cf8:	d1af      	bne.n	10002c5a <tud_task_ext+0x6de>
10002cfa:	9a07      	ldr	r2, [sp, #28]
10002cfc:	e7ad      	b.n	10002c5a <tud_task_ext+0x6de>
10002cfe:	f7ff fba7 	bl	10002450 <tud_descriptor_device_qualifier_cb>
10002d02:	1e02      	subs	r2, r0, #0
10002d04:	d100      	bne.n	10002d08 <tud_task_ext+0x78c>
10002d06:	e5be      	b.n	10002886 <tud_task_ext+0x30a>
10002d08:	4658      	mov	r0, fp
10002d0a:	7813      	ldrb	r3, [r2, #0]
10002d0c:	a90e      	add	r1, sp, #56	@ 0x38
10002d0e:	f000 f8ed 	bl	10002eec <tud_control_xfer>
10002d12:	e5c9      	b.n	100028a8 <tud_task_ext+0x32c>
10002d14:	8921      	ldrh	r1, [r4, #8]
10002d16:	f7fd fb75 	bl	10000404 <tud_descriptor_string_cb>
10002d1a:	1e02      	subs	r2, r0, #0
10002d1c:	d1f4      	bne.n	10002d08 <tud_task_ext+0x78c>
10002d1e:	e5b2      	b.n	10002886 <tud_task_ext+0x30a>
10002d20:	2a02      	cmp	r2, #2
10002d22:	d00f      	beq.n	10002d44 <tud_task_ext+0x7c8>
10002d24:	f7ff fb96 	bl	10002454 <tud_descriptor_other_speed_configuration_cb>
10002d28:	1e02      	subs	r2, r0, #0
10002d2a:	d1ca      	bne.n	10002cc2 <tud_task_ext+0x746>
10002d2c:	e5ab      	b.n	10002886 <tud_task_ext+0x30a>
10002d2e:	f7fd fb61 	bl	100003f4 <tud_descriptor_device_cb>
10002d32:	1e02      	subs	r2, r0, #0
10002d34:	d100      	bne.n	10002d38 <tud_task_ext+0x7bc>
10002d36:	e5a6      	b.n	10002886 <tud_task_ext+0x30a>
10002d38:	2312      	movs	r3, #18
10002d3a:	4658      	mov	r0, fp
10002d3c:	a90e      	add	r1, sp, #56	@ 0x38
10002d3e:	f000 f8d5 	bl	10002eec <tud_control_xfer>
10002d42:	e5b1      	b.n	100028a8 <tud_task_ext+0x32c>
10002d44:	f7fd fb5a 	bl	100003fc <tud_descriptor_configuration_cb>
10002d48:	1e02      	subs	r2, r0, #0
10002d4a:	d1ba      	bne.n	10002cc2 <tud_task_ext+0x746>
10002d4c:	e59b      	b.n	10002886 <tud_task_ext+0x30a>
10002d4e:	46c0      	nop			@ (mov r8, r8)
10002d50:	100033ed 	.word	0x100033ed

10002d54 <usbd_open_edpt_pair>:
10002d54:	b5f8      	push	{r3, r4, r5, r6, r7, lr}
10002d56:	4657      	mov	r7, sl
10002d58:	464e      	mov	r6, r9
10002d5a:	46de      	mov	lr, fp
10002d5c:	4645      	mov	r5, r8
10002d5e:	000c      	movs	r4, r1
10002d60:	b5e0      	push	{r5, r6, r7, lr}
10002d62:	0016      	movs	r6, r2
10002d64:	001f      	movs	r7, r3
10002d66:	2a00      	cmp	r2, #0
10002d68:	d03c      	beq.n	10002de4 <usbd_open_edpt_pair+0x90>
10002d6a:	4b1f      	ldr	r3, [pc, #124]	@ (10002de8 <usbd_open_edpt_pair+0x94>)
10002d6c:	2500      	movs	r5, #0
10002d6e:	469a      	mov	sl, r3
10002d70:	2370      	movs	r3, #112	@ 0x70
10002d72:	4699      	mov	r9, r3
10002d74:	4b1d      	ldr	r3, [pc, #116]	@ (10002dec <usbd_open_edpt_pair+0x98>)
10002d76:	469b      	mov	fp, r3
10002d78:	e017      	b.n	10002daa <usbd_open_edpt_pair+0x56>
10002d7a:	465b      	mov	r3, fp
10002d7c:	0020      	movs	r0, r4
10002d7e:	7899      	ldrb	r1, [r3, #2]
10002d80:	f000 fce4 	bl	1000374c <tu_edpt_validate>
10002d84:	2800      	cmp	r0, #0
10002d86:	d01f      	beq.n	10002dc8 <usbd_open_edpt_pair+0x74>
10002d88:	0021      	movs	r1, r4
10002d8a:	4640      	mov	r0, r8
10002d8c:	f7ff fa46 	bl	1000221c <dcd_edpt_open>
10002d90:	2800      	cmp	r0, #0
10002d92:	d019      	beq.n	10002dc8 <usbd_open_edpt_pair+0x74>
10002d94:	78a3      	ldrb	r3, [r4, #2]
10002d96:	09da      	lsrs	r2, r3, #7
10002d98:	2a01      	cmp	r2, #1
10002d9a:	d01c      	beq.n	10002dd6 <usbd_open_edpt_pair+0x82>
10002d9c:	9a0a      	ldr	r2, [sp, #40]	@ 0x28
10002d9e:	3501      	adds	r5, #1
10002da0:	7013      	strb	r3, [r2, #0]
10002da2:	7823      	ldrb	r3, [r4, #0]
10002da4:	18e4      	adds	r4, r4, r3
10002da6:	42b5      	cmp	r5, r6
10002da8:	da1c      	bge.n	10002de4 <usbd_open_edpt_pair+0x90>
10002daa:	7863      	ldrb	r3, [r4, #1]
10002dac:	2b05      	cmp	r3, #5
10002dae:	d10b      	bne.n	10002dc8 <usbd_open_edpt_pair+0x74>
10002db0:	78e3      	ldrb	r3, [r4, #3]
10002db2:	079b      	lsls	r3, r3, #30
10002db4:	0f9b      	lsrs	r3, r3, #30
10002db6:	42bb      	cmp	r3, r7
10002db8:	d106      	bne.n	10002dc8 <usbd_open_edpt_pair+0x74>
10002dba:	4653      	mov	r3, sl
10002dbc:	464a      	mov	r2, r9
10002dbe:	781b      	ldrb	r3, [r3, #0]
10002dc0:	4698      	mov	r8, r3
10002dc2:	78a3      	ldrb	r3, [r4, #2]
10002dc4:	421a      	tst	r2, r3
10002dc6:	d0d8      	beq.n	10002d7a <usbd_open_edpt_pair+0x26>
10002dc8:	2000      	movs	r0, #0
10002dca:	bcf0      	pop	{r4, r5, r6, r7}
10002dcc:	46bb      	mov	fp, r7
10002dce:	46b2      	mov	sl, r6
10002dd0:	46a9      	mov	r9, r5
10002dd2:	46a0      	mov	r8, r4
10002dd4:	bdf8      	pop	{r3, r4, r5, r6, r7, pc}
10002dd6:	9a0b      	ldr	r2, [sp, #44]	@ 0x2c
10002dd8:	3501      	adds	r5, #1
10002dda:	7013      	strb	r3, [r2, #0]
10002ddc:	7823      	ldrb	r3, [r4, #0]
10002dde:	18e4      	adds	r4, r4, r3
10002de0:	42b5      	cmp	r5, r6
10002de2:	dbe2      	blt.n	10002daa <usbd_open_edpt_pair+0x56>
10002de4:	2001      	movs	r0, #1
10002de6:	e7f0      	b.n	10002dca <usbd_open_edpt_pair+0x76>
10002de8:	20001024 	.word	0x20001024
10002dec:	2000175c 	.word	0x2000175c

10002df0 <usbd_edpt_open>:
10002df0:	2270      	movs	r2, #112	@ 0x70
10002df2:	b570      	push	{r4, r5, r6, lr}
10002df4:	4b09      	ldr	r3, [pc, #36]	@ (10002e1c <usbd_edpt_open+0x2c>)
10002df6:	000c      	movs	r4, r1
10002df8:	781d      	ldrb	r5, [r3, #0]
10002dfa:	788b      	ldrb	r3, [r1, #2]
10002dfc:	421a      	tst	r2, r3
10002dfe:	d001      	beq.n	10002e04 <usbd_edpt_open+0x14>
10002e00:	2000      	movs	r0, #0
10002e02:	bd70      	pop	{r4, r5, r6, pc}
10002e04:	4b06      	ldr	r3, [pc, #24]	@ (10002e20 <usbd_edpt_open+0x30>)
10002e06:	0020      	movs	r0, r4
10002e08:	7899      	ldrb	r1, [r3, #2]
10002e0a:	f000 fc9f 	bl	1000374c <tu_edpt_validate>
10002e0e:	2800      	cmp	r0, #0
10002e10:	d0f6      	beq.n	10002e00 <usbd_edpt_open+0x10>
10002e12:	0021      	movs	r1, r4
10002e14:	0028      	movs	r0, r5
10002e16:	f7ff fa01 	bl	1000221c <dcd_edpt_open>
10002e1a:	e7f2      	b.n	10002e02 <usbd_edpt_open+0x12>
10002e1c:	20001024 	.word	0x20001024
10002e20:	2000175c 	.word	0x2000175c

10002e24 <usbd_edpt_claim>:
10002e24:	000b      	movs	r3, r1
10002e26:	207f      	movs	r0, #127	@ 0x7f
10002e28:	b510      	push	{r4, lr}
10002e2a:	4018      	ands	r0, r3
10002e2c:	09db      	lsrs	r3, r3, #7
10002e2e:	3334      	adds	r3, #52	@ 0x34
10002e30:	0040      	lsls	r0, r0, #1
10002e32:	4a04      	ldr	r2, [pc, #16]	@ (10002e44 <usbd_edpt_claim+0x20>)
10002e34:	18c0      	adds	r0, r0, r3
10002e36:	4b04      	ldr	r3, [pc, #16]	@ (10002e48 <usbd_edpt_claim+0x24>)
10002e38:	6811      	ldr	r1, [r2, #0]
10002e3a:	18c0      	adds	r0, r0, r3
10002e3c:	f000 fc42 	bl	100036c4 <tu_edpt_claim>
10002e40:	bd10      	pop	{r4, pc}
10002e42:	46c0      	nop			@ (mov r8, r8)
10002e44:	200017b0 	.word	0x200017b0
10002e48:	2000175c 	.word	0x2000175c

10002e4c <usbd_edpt_release>:
10002e4c:	000b      	movs	r3, r1
10002e4e:	207f      	movs	r0, #127	@ 0x7f
10002e50:	b510      	push	{r4, lr}
10002e52:	4018      	ands	r0, r3
10002e54:	09db      	lsrs	r3, r3, #7
10002e56:	3334      	adds	r3, #52	@ 0x34
10002e58:	0040      	lsls	r0, r0, #1
10002e5a:	4a04      	ldr	r2, [pc, #16]	@ (10002e6c <usbd_edpt_release+0x20>)
10002e5c:	18c0      	adds	r0, r0, r3
10002e5e:	4b04      	ldr	r3, [pc, #16]	@ (10002e70 <usbd_edpt_release+0x24>)
10002e60:	6811      	ldr	r1, [r2, #0]
10002e62:	18c0      	adds	r0, r0, r3
10002e64:	f000 fc56 	bl	10003714 <tu_edpt_release>
10002e68:	bd10      	pop	{r4, pc}
10002e6a:	46c0      	nop			@ (mov r8, r8)
10002e6c:	200017b0 	.word	0x200017b0
10002e70:	2000175c 	.word	0x2000175c

10002e74 <usbd_edpt_xfer>:
10002e74:	b570      	push	{r4, r5, r6, lr}
10002e76:	247f      	movs	r4, #127	@ 0x7f
10002e78:	480f      	ldr	r0, [pc, #60]	@ (10002eb8 <usbd_edpt_xfer+0x44>)
10002e7a:	400c      	ands	r4, r1
10002e7c:	0064      	lsls	r4, r4, #1
10002e7e:	1904      	adds	r4, r0, r4
10002e80:	09cd      	lsrs	r5, r1, #7
10002e82:	1964      	adds	r4, r4, r5
10002e84:	3430      	adds	r4, #48	@ 0x30
10002e86:	7920      	ldrb	r0, [r4, #4]
10002e88:	07c0      	lsls	r0, r0, #31
10002e8a:	d501      	bpl.n	10002e90 <usbd_edpt_xfer+0x1c>
10002e8c:	2000      	movs	r0, #0
10002e8e:	bd70      	pop	{r4, r5, r6, pc}
10002e90:	2601      	movs	r6, #1
10002e92:	7925      	ldrb	r5, [r4, #4]
10002e94:	4809      	ldr	r0, [pc, #36]	@ (10002ebc <usbd_edpt_xfer+0x48>)
10002e96:	4335      	orrs	r5, r6
10002e98:	7800      	ldrb	r0, [r0, #0]
10002e9a:	7125      	strb	r5, [r4, #4]
10002e9c:	f7ff fa4c 	bl	10002338 <dcd_edpt_xfer>
10002ea0:	2800      	cmp	r0, #0
10002ea2:	d1f4      	bne.n	10002e8e <usbd_edpt_xfer+0x1a>
10002ea4:	2201      	movs	r2, #1
10002ea6:	7923      	ldrb	r3, [r4, #4]
10002ea8:	4393      	bics	r3, r2
10002eaa:	7123      	strb	r3, [r4, #4]
10002eac:	7923      	ldrb	r3, [r4, #4]
10002eae:	3203      	adds	r2, #3
10002eb0:	4393      	bics	r3, r2
10002eb2:	7123      	strb	r3, [r4, #4]
10002eb4:	e7ea      	b.n	10002e8c <usbd_edpt_xfer+0x18>
10002eb6:	46c0      	nop			@ (mov r8, r8)
10002eb8:	2000175c 	.word	0x2000175c
10002ebc:	20001024 	.word	0x20001024

10002ec0 <tud_control_status>:
10002ec0:	b570      	push	{r4, r5, r6, lr}
10002ec2:	4c09      	ldr	r4, [pc, #36]	@ (10002ee8 <tud_control_status+0x28>)
10002ec4:	0006      	movs	r6, r0
10002ec6:	2208      	movs	r2, #8
10002ec8:	0020      	movs	r0, r4
10002eca:	000d      	movs	r5, r1
10002ecc:	f7fe feb0 	bl	10001c30 <__wrap___aeabi_memcpy>
10002ed0:	2300      	movs	r3, #0
10002ed2:	2180      	movs	r1, #128	@ 0x80
10002ed4:	60e3      	str	r3, [r4, #12]
10002ed6:	60a3      	str	r3, [r4, #8]
10002ed8:	782b      	ldrb	r3, [r5, #0]
10002eda:	0030      	movs	r0, r6
10002edc:	4399      	bics	r1, r3
10002ede:	2200      	movs	r2, #0
10002ee0:	2300      	movs	r3, #0
10002ee2:	f7ff ffc7 	bl	10002e74 <usbd_edpt_xfer>
10002ee6:	bd70      	pop	{r4, r5, r6, pc}
10002ee8:	200016f8 	.word	0x200016f8

10002eec <tud_control_xfer>:
10002eec:	b5f8      	push	{r3, r4, r5, r6, r7, lr}
10002eee:	46ce      	mov	lr, r9
10002ef0:	4647      	mov	r7, r8
10002ef2:	4690      	mov	r8, r2
10002ef4:	4e26      	ldr	r6, [pc, #152]	@ (10002f90 <tud_control_xfer+0xa4>)
10002ef6:	b580      	push	{r7, lr}
10002ef8:	4681      	mov	r9, r0
10002efa:	2208      	movs	r2, #8
10002efc:	0030      	movs	r0, r6
10002efe:	000d      	movs	r5, r1
10002f00:	001f      	movs	r7, r3
10002f02:	f7fe fe95 	bl	10001c30 <__wrap___aeabi_memcpy>
10002f06:	4643      	mov	r3, r8
10002f08:	60b3      	str	r3, [r6, #8]
10002f0a:	2300      	movs	r3, #0
10002f0c:	81f3      	strh	r3, [r6, #14]
10002f0e:	79ec      	ldrb	r4, [r5, #7]
10002f10:	79ab      	ldrb	r3, [r5, #6]
10002f12:	0224      	lsls	r4, r4, #8
10002f14:	431c      	orrs	r4, r3
10002f16:	1c23      	adds	r3, r4, #0
10002f18:	42bc      	cmp	r4, r7
10002f1a:	d900      	bls.n	10002f1e <tud_control_xfer+0x32>
10002f1c:	1c3b      	adds	r3, r7, #0
10002f1e:	b29f      	uxth	r7, r3
10002f20:	81b3      	strh	r3, [r6, #12]
10002f22:	2c00      	cmp	r4, #0
10002f24:	d00e      	beq.n	10002f44 <tud_control_xfer+0x58>
10002f26:	2f00      	cmp	r7, #0
10002f28:	d018      	beq.n	10002f5c <tud_control_xfer+0x70>
10002f2a:	4643      	mov	r3, r8
10002f2c:	2b00      	cmp	r3, #0
10002f2e:	d02c      	beq.n	10002f8a <tud_control_xfer+0x9e>
10002f30:	1c3b      	adds	r3, r7, #0
10002f32:	2f40      	cmp	r7, #64	@ 0x40
10002f34:	d81b      	bhi.n	10002f6e <tud_control_xfer+0x82>
10002f36:	b29f      	uxth	r7, r3
10002f38:	7833      	ldrb	r3, [r6, #0]
10002f3a:	2b7f      	cmp	r3, #127	@ 0x7f
10002f3c:	d81c      	bhi.n	10002f78 <tud_control_xfer+0x8c>
10002f3e:	2100      	movs	r1, #0
10002f40:	4a14      	ldr	r2, [pc, #80]	@ (10002f94 <tud_control_xfer+0xa8>)
10002f42:	e00f      	b.n	10002f64 <tud_control_xfer+0x78>
10002f44:	2180      	movs	r1, #128	@ 0x80
10002f46:	782b      	ldrb	r3, [r5, #0]
10002f48:	2200      	movs	r2, #0
10002f4a:	4399      	bics	r1, r3
10002f4c:	4648      	mov	r0, r9
10002f4e:	2300      	movs	r3, #0
10002f50:	f7ff ff90 	bl	10002e74 <usbd_edpt_xfer>
10002f54:	bcc0      	pop	{r6, r7}
10002f56:	46b9      	mov	r9, r7
10002f58:	46b0      	mov	r8, r6
10002f5a:	bdf8      	pop	{r3, r4, r5, r6, r7, pc}
10002f5c:	237f      	movs	r3, #127	@ 0x7f
10002f5e:	2200      	movs	r2, #0
10002f60:	7831      	ldrb	r1, [r6, #0]
10002f62:	4399      	bics	r1, r3
10002f64:	003b      	movs	r3, r7
10002f66:	4648      	mov	r0, r9
10002f68:	f7ff ff84 	bl	10002e74 <usbd_edpt_xfer>
10002f6c:	e7f2      	b.n	10002f54 <tud_control_xfer+0x68>
10002f6e:	2340      	movs	r3, #64	@ 0x40
10002f70:	b29f      	uxth	r7, r3
10002f72:	7833      	ldrb	r3, [r6, #0]
10002f74:	2b7f      	cmp	r3, #127	@ 0x7f
10002f76:	d9e2      	bls.n	10002f3e <tud_control_xfer+0x52>
10002f78:	4c06      	ldr	r4, [pc, #24]	@ (10002f94 <tud_control_xfer+0xa8>)
10002f7a:	003a      	movs	r2, r7
10002f7c:	4641      	mov	r1, r8
10002f7e:	0020      	movs	r0, r4
10002f80:	f7fe fe56 	bl	10001c30 <__wrap___aeabi_memcpy>
10002f84:	2180      	movs	r1, #128	@ 0x80
10002f86:	0022      	movs	r2, r4
10002f88:	e7ec      	b.n	10002f64 <tud_control_xfer+0x78>
10002f8a:	2000      	movs	r0, #0
10002f8c:	e7e2      	b.n	10002f54 <tud_control_xfer+0x68>
10002f8e:	46c0      	nop			@ (mov r8, r8)
10002f90:	200016f8 	.word	0x200016f8
10002f94:	200016b8 	.word	0x200016b8

10002f98 <usbd_control_reset>:
10002f98:	b510      	push	{r4, lr}
10002f9a:	2214      	movs	r2, #20
10002f9c:	2100      	movs	r1, #0
10002f9e:	4802      	ldr	r0, [pc, #8]	@ (10002fa8 <usbd_control_reset+0x10>)
10002fa0:	f7fe fe40 	bl	10001c24 <__wrap_memset>
10002fa4:	bd10      	pop	{r4, pc}
10002fa6:	46c0      	nop			@ (mov r8, r8)
10002fa8:	200016f8 	.word	0x200016f8

10002fac <usbd_control_set_complete_callback>:
10002fac:	4b01      	ldr	r3, [pc, #4]	@ (10002fb4 <usbd_control_set_complete_callback+0x8>)
10002fae:	6118      	str	r0, [r3, #16]
10002fb0:	4770      	bx	lr
10002fb2:	46c0      	nop			@ (mov r8, r8)
10002fb4:	200016f8 	.word	0x200016f8

10002fb8 <usbd_control_set_request>:
10002fb8:	b510      	push	{r4, lr}
10002fba:	4c05      	ldr	r4, [pc, #20]	@ (10002fd0 <usbd_control_set_request+0x18>)
10002fbc:	0001      	movs	r1, r0
10002fbe:	2208      	movs	r2, #8
10002fc0:	0020      	movs	r0, r4
10002fc2:	f7fe fe35 	bl	10001c30 <__wrap___aeabi_memcpy>
10002fc6:	2300      	movs	r3, #0
10002fc8:	60a3      	str	r3, [r4, #8]
10002fca:	60e3      	str	r3, [r4, #12]
10002fcc:	bd10      	pop	{r4, pc}
10002fce:	46c0      	nop			@ (mov r8, r8)
10002fd0:	200016f8 	.word	0x200016f8

10002fd4 <usbd_control_xfer_cb>:
10002fd4:	b570      	push	{r4, r5, r6, lr}
10002fd6:	4c38      	ldr	r4, [pc, #224]	@ (100030b8 <usbd_control_xfer_cb+0xe4>)
10002fd8:	001d      	movs	r5, r3
10002fda:	7823      	ldrb	r3, [r4, #0]
10002fdc:	0006      	movs	r6, r0
10002fde:	09da      	lsrs	r2, r3, #7
10002fe0:	09c9      	lsrs	r1, r1, #7
10002fe2:	428a      	cmp	r2, r1
10002fe4:	d010      	beq.n	10003008 <usbd_control_xfer_cb+0x34>
10002fe6:	2000      	movs	r0, #0
10002fe8:	2d00      	cmp	r5, #0
10002fea:	d000      	beq.n	10002fee <usbd_control_xfer_cb+0x1a>
10002fec:	bd70      	pop	{r4, r5, r6, pc}
10002fee:	0021      	movs	r1, r4
10002ff0:	0030      	movs	r0, r6
10002ff2:	f7ff f905 	bl	10002200 <dcd_edpt0_status_complete>
10002ff6:	6923      	ldr	r3, [r4, #16]
10002ff8:	2b00      	cmp	r3, #0
10002ffa:	d003      	beq.n	10003004 <usbd_control_xfer_cb+0x30>
10002ffc:	0022      	movs	r2, r4
10002ffe:	2103      	movs	r1, #3
10003000:	0030      	movs	r0, r6
10003002:	4798      	blx	r3
10003004:	2001      	movs	r0, #1
10003006:	e7f1      	b.n	10002fec <usbd_control_xfer_cb+0x18>
10003008:	68a0      	ldr	r0, [r4, #8]
1000300a:	2b7f      	cmp	r3, #127	@ 0x7f
1000300c:	d805      	bhi.n	1000301a <usbd_control_xfer_cb+0x46>
1000300e:	2800      	cmp	r0, #0
10003010:	d034      	beq.n	1000307c <usbd_control_xfer_cb+0xa8>
10003012:	002a      	movs	r2, r5
10003014:	4929      	ldr	r1, [pc, #164]	@ (100030bc <usbd_control_xfer_cb+0xe8>)
10003016:	f7fe fe0b 	bl	10001c30 <__wrap___aeabi_memcpy>
1000301a:	89e2      	ldrh	r2, [r4, #14]
1000301c:	68a1      	ldr	r1, [r4, #8]
1000301e:	1952      	adds	r2, r2, r5
10003020:	88e3      	ldrh	r3, [r4, #6]
10003022:	b292      	uxth	r2, r2
10003024:	1949      	adds	r1, r1, r5
10003026:	81e2      	strh	r2, [r4, #14]
10003028:	60a1      	str	r1, [r4, #8]
1000302a:	4293      	cmp	r3, r2
1000302c:	d014      	beq.n	10003058 <usbd_control_xfer_cb+0x84>
1000302e:	2d3f      	cmp	r5, #63	@ 0x3f
10003030:	d912      	bls.n	10003058 <usbd_control_xfer_cb+0x84>
10003032:	89a3      	ldrh	r3, [r4, #12]
10003034:	1a98      	subs	r0, r3, r2
10003036:	1c05      	adds	r5, r0, #0
10003038:	b280      	uxth	r0, r0
1000303a:	2840      	cmp	r0, #64	@ 0x40
1000303c:	d82a      	bhi.n	10003094 <usbd_control_xfer_cb+0xc0>
1000303e:	7820      	ldrb	r0, [r4, #0]
10003040:	b2ad      	uxth	r5, r5
10003042:	287f      	cmp	r0, #127	@ 0x7f
10003044:	d828      	bhi.n	10003098 <usbd_control_xfer_cb+0xc4>
10003046:	2100      	movs	r1, #0
10003048:	429a      	cmp	r2, r3
1000304a:	d032      	beq.n	100030b2 <usbd_control_xfer_cb+0xde>
1000304c:	4a1b      	ldr	r2, [pc, #108]	@ (100030bc <usbd_control_xfer_cb+0xe8>)
1000304e:	002b      	movs	r3, r5
10003050:	0030      	movs	r0, r6
10003052:	f7ff ff0f 	bl	10002e74 <usbd_edpt_xfer>
10003056:	e7c9      	b.n	10002fec <usbd_control_xfer_cb+0x18>
10003058:	6923      	ldr	r3, [r4, #16]
1000305a:	2b00      	cmp	r3, #0
1000305c:	d005      	beq.n	1000306a <usbd_control_xfer_cb+0x96>
1000305e:	0022      	movs	r2, r4
10003060:	2102      	movs	r1, #2
10003062:	0030      	movs	r0, r6
10003064:	4798      	blx	r3
10003066:	2800      	cmp	r0, #0
10003068:	d00a      	beq.n	10003080 <usbd_control_xfer_cb+0xac>
1000306a:	2180      	movs	r1, #128	@ 0x80
1000306c:	7823      	ldrb	r3, [r4, #0]
1000306e:	2200      	movs	r2, #0
10003070:	4399      	bics	r1, r3
10003072:	0030      	movs	r0, r6
10003074:	2300      	movs	r3, #0
10003076:	f7ff fefd 	bl	10002e74 <usbd_edpt_xfer>
1000307a:	e7b7      	b.n	10002fec <usbd_control_xfer_cb+0x18>
1000307c:	2000      	movs	r0, #0
1000307e:	e7b5      	b.n	10002fec <usbd_control_xfer_cb+0x18>
10003080:	2100      	movs	r1, #0
10003082:	0030      	movs	r0, r6
10003084:	f7ff f96a 	bl	1000235c <dcd_edpt_stall>
10003088:	0030      	movs	r0, r6
1000308a:	2180      	movs	r1, #128	@ 0x80
1000308c:	f7ff f966 	bl	1000235c <dcd_edpt_stall>
10003090:	2001      	movs	r0, #1
10003092:	e7ab      	b.n	10002fec <usbd_control_xfer_cb+0x18>
10003094:	2540      	movs	r5, #64	@ 0x40
10003096:	e7d2      	b.n	1000303e <usbd_control_xfer_cb+0x6a>
10003098:	429a      	cmp	r2, r3
1000309a:	d007      	beq.n	100030ac <usbd_control_xfer_cb+0xd8>
1000309c:	4c07      	ldr	r4, [pc, #28]	@ (100030bc <usbd_control_xfer_cb+0xe8>)
1000309e:	002a      	movs	r2, r5
100030a0:	0020      	movs	r0, r4
100030a2:	f7fe fdc5 	bl	10001c30 <__wrap___aeabi_memcpy>
100030a6:	2180      	movs	r1, #128	@ 0x80
100030a8:	0022      	movs	r2, r4
100030aa:	e7d0      	b.n	1000304e <usbd_control_xfer_cb+0x7a>
100030ac:	2180      	movs	r1, #128	@ 0x80
100030ae:	2200      	movs	r2, #0
100030b0:	e7cd      	b.n	1000304e <usbd_control_xfer_cb+0x7a>
100030b2:	2200      	movs	r2, #0
100030b4:	e7cb      	b.n	1000304e <usbd_control_xfer_cb+0x7a>
100030b6:	46c0      	nop			@ (mov r8, r8)
100030b8:	200016f8 	.word	0x200016f8
100030bc:	200016b8 	.word	0x200016b8

100030c0 <_prep_out_transaction.isra.0>:
100030c0:	b570      	push	{r4, r5, r6, lr}
100030c2:	0005      	movs	r5, r0
100030c4:	f7ff f9d0 	bl	10002468 <tud_mounted>
100030c8:	2800      	cmp	r0, #0
100030ca:	d100      	bne.n	100030ce <_prep_out_transaction.isra.0+0xe>
100030cc:	bd70      	pop	{r4, r5, r6, pc}
100030ce:	f7ff f9d3 	bl	10002478 <tud_suspended>
100030d2:	2800      	cmp	r0, #0
100030d4:	d1fa      	bne.n	100030cc <_prep_out_transaction.isra.0+0xc>
100030d6:	23c8      	movs	r3, #200	@ 0xc8
100030d8:	436b      	muls	r3, r5
100030da:	4c12      	ldr	r4, [pc, #72]	@ (10003124 <_prep_out_transaction.isra.0+0x64>)
100030dc:	18e6      	adds	r6, r4, r3
100030de:	78f1      	ldrb	r1, [r6, #3]
100030e0:	2900      	cmp	r1, #0
100030e2:	d0f3      	beq.n	100030cc <_prep_out_transaction.isra.0+0xc>
100030e4:	3310      	adds	r3, #16
100030e6:	191c      	adds	r4, r3, r4
100030e8:	0020      	movs	r0, r4
100030ea:	f000 fbdb 	bl	100038a4 <tu_fifo_remaining>
100030ee:	283f      	cmp	r0, #63	@ 0x3f
100030f0:	d9ec      	bls.n	100030cc <_prep_out_transaction.isra.0+0xc>
100030f2:	2000      	movs	r0, #0
100030f4:	78f1      	ldrb	r1, [r6, #3]
100030f6:	f7ff fe95 	bl	10002e24 <usbd_edpt_claim>
100030fa:	2800      	cmp	r0, #0
100030fc:	d0e6      	beq.n	100030cc <_prep_out_transaction.isra.0+0xc>
100030fe:	0020      	movs	r0, r4
10003100:	f000 fbd0 	bl	100038a4 <tu_fifo_remaining>
10003104:	283f      	cmp	r0, #63	@ 0x3f
10003106:	d908      	bls.n	1000311a <_prep_out_transaction.isra.0+0x5a>
10003108:	4b07      	ldr	r3, [pc, #28]	@ (10003128 <_prep_out_transaction.isra.0+0x68>)
1000310a:	01ea      	lsls	r2, r5, #7
1000310c:	18d2      	adds	r2, r2, r3
1000310e:	78f1      	ldrb	r1, [r6, #3]
10003110:	2340      	movs	r3, #64	@ 0x40
10003112:	2000      	movs	r0, #0
10003114:	f7ff feae 	bl	10002e74 <usbd_edpt_xfer>
10003118:	e7d8      	b.n	100030cc <_prep_out_transaction.isra.0+0xc>
1000311a:	78f1      	ldrb	r1, [r6, #3]
1000311c:	2000      	movs	r0, #0
1000311e:	f7ff fe95 	bl	10002e4c <usbd_edpt_release>
10003122:	e7d3      	b.n	100030cc <_prep_out_transaction.isra.0+0xc>
10003124:	200015f0 	.word	0x200015f0
10003128:	2000156c 	.word	0x2000156c

1000312c <tud_cdc_n_available>:
1000312c:	23c8      	movs	r3, #200	@ 0xc8
1000312e:	b510      	push	{r4, lr}
10003130:	4343      	muls	r3, r0
10003132:	4802      	ldr	r0, [pc, #8]	@ (1000313c <tud_cdc_n_available+0x10>)
10003134:	1818      	adds	r0, r3, r0
10003136:	f000 fb97 	bl	10003868 <tu_fifo_count>
1000313a:	bd10      	pop	{r4, pc}
1000313c:	20001600 	.word	0x20001600

10003140 <tud_cdc_n_read>:
10003140:	b5f0      	push	{r4, r5, r6, r7, lr}
10003142:	24c8      	movs	r4, #200	@ 0xc8
10003144:	46c6      	mov	lr, r8
10003146:	2380      	movs	r3, #128	@ 0x80
10003148:	4344      	muls	r4, r0
1000314a:	4f1f      	ldr	r7, [pc, #124]	@ (100031c8 <tud_cdc_n_read+0x88>)
1000314c:	3410      	adds	r4, #16
1000314e:	0005      	movs	r5, r0
10003150:	b500      	push	{lr}
10003152:	193c      	adds	r4, r7, r4
10003154:	025b      	lsls	r3, r3, #9
10003156:	429a      	cmp	r2, r3
10003158:	d300      	bcc.n	1000315c <tud_cdc_n_read+0x1c>
1000315a:	4a1c      	ldr	r2, [pc, #112]	@ (100031cc <tud_cdc_n_read+0x8c>)
1000315c:	0020      	movs	r0, r4
1000315e:	b292      	uxth	r2, r2
10003160:	f000 fc04 	bl	1000396c <tu_fifo_read_n>
10003164:	4680      	mov	r8, r0
10003166:	f7ff f97f 	bl	10002468 <tud_mounted>
1000316a:	2800      	cmp	r0, #0
1000316c:	d103      	bne.n	10003176 <tud_cdc_n_read+0x36>
1000316e:	4640      	mov	r0, r8
10003170:	bc80      	pop	{r7}
10003172:	46b8      	mov	r8, r7
10003174:	bdf0      	pop	{r4, r5, r6, r7, pc}
10003176:	f7ff f97f 	bl	10002478 <tud_suspended>
1000317a:	2800      	cmp	r0, #0
1000317c:	d1f7      	bne.n	1000316e <tud_cdc_n_read+0x2e>
1000317e:	26c8      	movs	r6, #200	@ 0xc8
10003180:	436e      	muls	r6, r5
10003182:	19be      	adds	r6, r7, r6
10003184:	78f3      	ldrb	r3, [r6, #3]
10003186:	2b00      	cmp	r3, #0
10003188:	d0f1      	beq.n	1000316e <tud_cdc_n_read+0x2e>
1000318a:	0020      	movs	r0, r4
1000318c:	f000 fb8a 	bl	100038a4 <tu_fifo_remaining>
10003190:	283f      	cmp	r0, #63	@ 0x3f
10003192:	d9ec      	bls.n	1000316e <tud_cdc_n_read+0x2e>
10003194:	2000      	movs	r0, #0
10003196:	78f1      	ldrb	r1, [r6, #3]
10003198:	f7ff fe44 	bl	10002e24 <usbd_edpt_claim>
1000319c:	2800      	cmp	r0, #0
1000319e:	d0e6      	beq.n	1000316e <tud_cdc_n_read+0x2e>
100031a0:	0020      	movs	r0, r4
100031a2:	f000 fb7f 	bl	100038a4 <tu_fifo_remaining>
100031a6:	283f      	cmp	r0, #63	@ 0x3f
100031a8:	d908      	bls.n	100031bc <tud_cdc_n_read+0x7c>
100031aa:	4b09      	ldr	r3, [pc, #36]	@ (100031d0 <tud_cdc_n_read+0x90>)
100031ac:	01ea      	lsls	r2, r5, #7
100031ae:	18d2      	adds	r2, r2, r3
100031b0:	78f1      	ldrb	r1, [r6, #3]
100031b2:	2340      	movs	r3, #64	@ 0x40
100031b4:	2000      	movs	r0, #0
100031b6:	f7ff fe5d 	bl	10002e74 <usbd_edpt_xfer>
100031ba:	e7d8      	b.n	1000316e <tud_cdc_n_read+0x2e>
100031bc:	78f1      	ldrb	r1, [r6, #3]
100031be:	2000      	movs	r0, #0
100031c0:	f7ff fe44 	bl	10002e4c <usbd_edpt_release>
100031c4:	e7d3      	b.n	1000316e <tud_cdc_n_read+0x2e>
100031c6:	46c0      	nop			@ (mov r8, r8)
100031c8:	200015f0 	.word	0x200015f0
100031cc:	0000ffff 	.word	0x0000ffff
100031d0:	2000156c 	.word	0x2000156c

100031d4 <tud_cdc_n_read_flush>:
100031d4:	b5f8      	push	{r3, r4, r5, r6, r7, lr}
100031d6:	24c8      	movs	r4, #200	@ 0xc8
100031d8:	4344      	muls	r4, r0
100031da:	0025      	movs	r5, r4
100031dc:	4e18      	ldr	r6, [pc, #96]	@ (10003240 <tud_cdc_n_read_flush+0x6c>)
100031de:	3510      	adds	r5, #16
100031e0:	19ad      	adds	r5, r5, r6
100031e2:	0007      	movs	r7, r0
100031e4:	0028      	movs	r0, r5
100031e6:	f000 fd45 	bl	10003c74 <tu_fifo_clear>
100031ea:	f7ff f93d 	bl	10002468 <tud_mounted>
100031ee:	2800      	cmp	r0, #0
100031f0:	d100      	bne.n	100031f4 <tud_cdc_n_read_flush+0x20>
100031f2:	bdf8      	pop	{r3, r4, r5, r6, r7, pc}
100031f4:	f7ff f940 	bl	10002478 <tud_suspended>
100031f8:	2800      	cmp	r0, #0
100031fa:	d1fa      	bne.n	100031f2 <tud_cdc_n_read_flush+0x1e>
100031fc:	1936      	adds	r6, r6, r4
100031fe:	78f3      	ldrb	r3, [r6, #3]
10003200:	2b00      	cmp	r3, #0
10003202:	d0f6      	beq.n	100031f2 <tud_cdc_n_read_flush+0x1e>
10003204:	0028      	movs	r0, r5
10003206:	f000 fb4d 	bl	100038a4 <tu_fifo_remaining>
1000320a:	283f      	cmp	r0, #63	@ 0x3f
1000320c:	d9f1      	bls.n	100031f2 <tud_cdc_n_read_flush+0x1e>
1000320e:	2000      	movs	r0, #0
10003210:	78f1      	ldrb	r1, [r6, #3]
10003212:	f7ff fe07 	bl	10002e24 <usbd_edpt_claim>
10003216:	2800      	cmp	r0, #0
10003218:	d0eb      	beq.n	100031f2 <tud_cdc_n_read_flush+0x1e>
1000321a:	0028      	movs	r0, r5
1000321c:	f000 fb42 	bl	100038a4 <tu_fifo_remaining>
10003220:	283f      	cmp	r0, #63	@ 0x3f
10003222:	d908      	bls.n	10003236 <tud_cdc_n_read_flush+0x62>
10003224:	4b07      	ldr	r3, [pc, #28]	@ (10003244 <tud_cdc_n_read_flush+0x70>)
10003226:	01fa      	lsls	r2, r7, #7
10003228:	18d2      	adds	r2, r2, r3
1000322a:	78f1      	ldrb	r1, [r6, #3]
1000322c:	2340      	movs	r3, #64	@ 0x40
1000322e:	2000      	movs	r0, #0
10003230:	f7ff fe20 	bl	10002e74 <usbd_edpt_xfer>
10003234:	e7dd      	b.n	100031f2 <tud_cdc_n_read_flush+0x1e>
10003236:	78f1      	ldrb	r1, [r6, #3]
10003238:	2000      	movs	r0, #0
1000323a:	f7ff fe07 	bl	10002e4c <usbd_edpt_release>
1000323e:	e7d8      	b.n	100031f2 <tud_cdc_n_read_flush+0x1e>
10003240:	200015f0 	.word	0x200015f0
10003244:	2000156c 	.word	0x2000156c

10003248 <tud_cdc_n_write_flush>:
10003248:	b5f8      	push	{r3, r4, r5, r6, r7, lr}
1000324a:	0006      	movs	r6, r0
1000324c:	f7ff f90c 	bl	10002468 <tud_mounted>
10003250:	2800      	cmp	r0, #0
10003252:	d101      	bne.n	10003258 <tud_cdc_n_write_flush+0x10>
10003254:	2000      	movs	r0, #0
10003256:	bdf8      	pop	{r3, r4, r5, r6, r7, pc}
10003258:	f7ff f90e 	bl	10002478 <tud_suspended>
1000325c:	2800      	cmp	r0, #0
1000325e:	d1f9      	bne.n	10003254 <tud_cdc_n_write_flush+0xc>
10003260:	24c8      	movs	r4, #200	@ 0xc8
10003262:	4374      	muls	r4, r6
10003264:	0025      	movs	r5, r4
10003266:	4f13      	ldr	r7, [pc, #76]	@ (100032b4 <tud_cdc_n_write_flush+0x6c>)
10003268:	3524      	adds	r5, #36	@ 0x24
1000326a:	19ed      	adds	r5, r5, r7
1000326c:	0028      	movs	r0, r5
1000326e:	f000 fafb 	bl	10003868 <tu_fifo_count>
10003272:	2800      	cmp	r0, #0
10003274:	d0ee      	beq.n	10003254 <tud_cdc_n_write_flush+0xc>
10003276:	193f      	adds	r7, r7, r4
10003278:	2000      	movs	r0, #0
1000327a:	78b9      	ldrb	r1, [r7, #2]
1000327c:	f7ff fdd2 	bl	10002e24 <usbd_edpt_claim>
10003280:	2800      	cmp	r0, #0
10003282:	d0e7      	beq.n	10003254 <tud_cdc_n_write_flush+0xc>
10003284:	4b0c      	ldr	r3, [pc, #48]	@ (100032b8 <tud_cdc_n_write_flush+0x70>)
10003286:	01f4      	lsls	r4, r6, #7
10003288:	18e4      	adds	r4, r4, r3
1000328a:	0021      	movs	r1, r4
1000328c:	0028      	movs	r0, r5
1000328e:	2240      	movs	r2, #64	@ 0x40
10003290:	f000 fb6c 	bl	1000396c <tu_fifo_read_n>
10003294:	78b9      	ldrb	r1, [r7, #2]
10003296:	1e05      	subs	r5, r0, #0
10003298:	d008      	beq.n	100032ac <tud_cdc_n_write_flush+0x64>
1000329a:	0003      	movs	r3, r0
1000329c:	0022      	movs	r2, r4
1000329e:	2000      	movs	r0, #0
100032a0:	f7ff fde8 	bl	10002e74 <usbd_edpt_xfer>
100032a4:	2800      	cmp	r0, #0
100032a6:	d0d5      	beq.n	10003254 <tud_cdc_n_write_flush+0xc>
100032a8:	0028      	movs	r0, r5
100032aa:	e7d4      	b.n	10003256 <tud_cdc_n_write_flush+0xe>
100032ac:	2000      	movs	r0, #0
100032ae:	f7ff fdcd 	bl	10002e4c <usbd_edpt_release>
100032b2:	e7cf      	b.n	10003254 <tud_cdc_n_write_flush+0xc>
100032b4:	200015f0 	.word	0x200015f0
100032b8:	200015ac 	.word	0x200015ac

100032bc <tud_cdc_n_write>:
100032bc:	b570      	push	{r4, r5, r6, lr}
100032be:	24c8      	movs	r4, #200	@ 0xc8
100032c0:	4344      	muls	r4, r0
100032c2:	4b0c      	ldr	r3, [pc, #48]	@ (100032f4 <tud_cdc_n_write+0x38>)
100032c4:	0005      	movs	r5, r0
100032c6:	18e4      	adds	r4, r4, r3
100032c8:	2380      	movs	r3, #128	@ 0x80
100032ca:	025b      	lsls	r3, r3, #9
100032cc:	429a      	cmp	r2, r3
100032ce:	d300      	bcc.n	100032d2 <tud_cdc_n_write+0x16>
100032d0:	4a09      	ldr	r2, [pc, #36]	@ (100032f8 <tud_cdc_n_write+0x3c>)
100032d2:	0020      	movs	r0, r4
100032d4:	b292      	uxth	r2, r2
100032d6:	f000 fc11 	bl	10003afc <tu_fifo_write_n>
100032da:	0006      	movs	r6, r0
100032dc:	0020      	movs	r0, r4
100032de:	f000 fac3 	bl	10003868 <tu_fifo_count>
100032e2:	283f      	cmp	r0, #63	@ 0x3f
100032e4:	d801      	bhi.n	100032ea <tud_cdc_n_write+0x2e>
100032e6:	0030      	movs	r0, r6
100032e8:	bd70      	pop	{r4, r5, r6, pc}
100032ea:	0028      	movs	r0, r5
100032ec:	f7ff ffac 	bl	10003248 <tud_cdc_n_write_flush>
100032f0:	e7f9      	b.n	100032e6 <tud_cdc_n_write+0x2a>
100032f2:	46c0      	nop			@ (mov r8, r8)
100032f4:	20001614 	.word	0x20001614
100032f8:	0000ffff 	.word	0x0000ffff

100032fc <cdcd_init>:
100032fc:	b5f0      	push	{r4, r5, r6, r7, lr}
100032fe:	2500      	movs	r5, #0
10003300:	4c18      	ldr	r4, [pc, #96]	@ (10003364 <cdcd_init+0x68>)
10003302:	b083      	sub	sp, #12
10003304:	22c8      	movs	r2, #200	@ 0xc8
10003306:	2100      	movs	r1, #0
10003308:	0020      	movs	r0, r4
1000330a:	f7fe fc8b 	bl	10001c24 <__wrap_memset>
1000330e:	4b16      	ldr	r3, [pc, #88]	@ (10003368 <cdcd_init+0x6c>)
10003310:	0021      	movs	r1, r4
10003312:	701d      	strb	r5, [r3, #0]
10003314:	23ff      	movs	r3, #255	@ 0xff
10003316:	7163      	strb	r3, [r4, #5]
10003318:	23e1      	movs	r3, #225	@ 0xe1
1000331a:	025b      	lsls	r3, r3, #9
1000331c:	60a3      	str	r3, [r4, #8]
1000331e:	0020      	movs	r0, r4
10003320:	2308      	movs	r3, #8
10003322:	2240      	movs	r2, #64	@ 0x40
10003324:	73a3      	strb	r3, [r4, #14]
10003326:	3138      	adds	r1, #56	@ 0x38
10003328:	9500      	str	r5, [sp, #0]
1000332a:	3b07      	subs	r3, #7
1000332c:	3010      	adds	r0, #16
1000332e:	f000 fa65 	bl	100037fc <tu_fifo_config>
10003332:	0027      	movs	r7, r4
10003334:	2301      	movs	r3, #1
10003336:	0021      	movs	r1, r4
10003338:	0020      	movs	r0, r4
1000333a:	0026      	movs	r6, r4
1000333c:	2240      	movs	r2, #64	@ 0x40
1000333e:	3178      	adds	r1, #120	@ 0x78
10003340:	9300      	str	r3, [sp, #0]
10003342:	37b8      	adds	r7, #184	@ 0xb8
10003344:	3024      	adds	r0, #36	@ 0x24
10003346:	f000 fa59 	bl	100037fc <tu_fifo_config>
1000334a:	36c0      	adds	r6, #192	@ 0xc0
1000334c:	0038      	movs	r0, r7
1000334e:	f7fd fca3 	bl	10000c98 <mutex_init>
10003352:	0030      	movs	r0, r6
10003354:	f7fd fca0 	bl	10000c98 <mutex_init>
10003358:	61e5      	str	r5, [r4, #28]
1000335a:	6227      	str	r7, [r4, #32]
1000335c:	6326      	str	r6, [r4, #48]	@ 0x30
1000335e:	6365      	str	r5, [r4, #52]	@ 0x34
10003360:	b003      	add	sp, #12
10003362:	bdf0      	pop	{r4, r5, r6, r7, pc}
10003364:	200015f0 	.word	0x200015f0
10003368:	200015ec 	.word	0x200015ec

1000336c <cdcd_deinit>:
1000336c:	4b0b      	ldr	r3, [pc, #44]	@ (1000339c <cdcd_deinit+0x30>)
1000336e:	6b19      	ldr	r1, [r3, #48]	@ 0x30
10003370:	2900      	cmp	r1, #0
10003372:	d00a      	beq.n	1000338a <cdcd_deinit+0x1e>
10003374:	6a1a      	ldr	r2, [r3, #32]
10003376:	2a00      	cmp	r2, #0
10003378:	d00d      	beq.n	10003396 <cdcd_deinit+0x2a>
1000337a:	2200      	movs	r2, #0
1000337c:	621a      	str	r2, [r3, #32]
1000337e:	631a      	str	r2, [r3, #48]	@ 0x30
10003380:	61da      	str	r2, [r3, #28]
10003382:	2200      	movs	r2, #0
10003384:	635a      	str	r2, [r3, #52]	@ 0x34
10003386:	2001      	movs	r0, #1
10003388:	4770      	bx	lr
1000338a:	6a1a      	ldr	r2, [r3, #32]
1000338c:	2a00      	cmp	r2, #0
1000338e:	d0fa      	beq.n	10003386 <cdcd_deinit+0x1a>
10003390:	61d9      	str	r1, [r3, #28]
10003392:	6219      	str	r1, [r3, #32]
10003394:	e7f7      	b.n	10003386 <cdcd_deinit+0x1a>
10003396:	631a      	str	r2, [r3, #48]	@ 0x30
10003398:	e7f3      	b.n	10003382 <cdcd_deinit+0x16>
1000339a:	46c0      	nop			@ (mov r8, r8)
1000339c:	200015f0 	.word	0x200015f0

100033a0 <cdcd_reset>:
100033a0:	b570      	push	{r4, r5, r6, lr}
100033a2:	4c0f      	ldr	r4, [pc, #60]	@ (100033e0 <cdcd_reset+0x40>)
100033a4:	2205      	movs	r2, #5
100033a6:	2100      	movs	r1, #0
100033a8:	0020      	movs	r0, r4
100033aa:	f7fe fc3b 	bl	10001c24 <__wrap_memset>
100033ae:	4d0d      	ldr	r5, [pc, #52]	@ (100033e4 <cdcd_reset+0x44>)
100033b0:	782b      	ldrb	r3, [r5, #0]
100033b2:	07da      	lsls	r2, r3, #31
100033b4:	d507      	bpl.n	100033c6 <cdcd_reset+0x26>
100033b6:	4c0c      	ldr	r4, [pc, #48]	@ (100033e8 <cdcd_reset+0x48>)
100033b8:	079b      	lsls	r3, r3, #30
100033ba:	d50c      	bpl.n	100033d6 <cdcd_reset+0x36>
100033bc:	2101      	movs	r1, #1
100033be:	0020      	movs	r0, r4
100033c0:	f000 fc78 	bl	10003cb4 <tu_fifo_set_overwritable>
100033c4:	bd70      	pop	{r4, r5, r6, pc}
100033c6:	0020      	movs	r0, r4
100033c8:	3010      	adds	r0, #16
100033ca:	f000 fc53 	bl	10003c74 <tu_fifo_clear>
100033ce:	782b      	ldrb	r3, [r5, #0]
100033d0:	4c05      	ldr	r4, [pc, #20]	@ (100033e8 <cdcd_reset+0x48>)
100033d2:	079b      	lsls	r3, r3, #30
100033d4:	d4f2      	bmi.n	100033bc <cdcd_reset+0x1c>
100033d6:	0020      	movs	r0, r4
100033d8:	f000 fc4c 	bl	10003c74 <tu_fifo_clear>
100033dc:	e7ee      	b.n	100033bc <cdcd_reset+0x1c>
100033de:	46c0      	nop			@ (mov r8, r8)
100033e0:	200015f0 	.word	0x200015f0
100033e4:	200015ec 	.word	0x200015ec
100033e8:	20001614 	.word	0x20001614

100033ec <cdcd_open>:
100033ec:	b5f0      	push	{r4, r5, r6, r7, lr}
100033ee:	794b      	ldrb	r3, [r1, #5]
100033f0:	0006      	movs	r6, r0
100033f2:	b083      	sub	sp, #12
100033f4:	2b02      	cmp	r3, #2
100033f6:	d102      	bne.n	100033fe <cdcd_open+0x12>
100033f8:	798b      	ldrb	r3, [r1, #6]
100033fa:	2b02      	cmp	r3, #2
100033fc:	d003      	beq.n	10003406 <cdcd_open+0x1a>
100033fe:	2500      	movs	r5, #0
10003400:	0028      	movs	r0, r5
10003402:	b003      	add	sp, #12
10003404:	bdf0      	pop	{r4, r5, r6, r7, pc}
10003406:	4f21      	ldr	r7, [pc, #132]	@ (1000348c <cdcd_open+0xa0>)
10003408:	78bb      	ldrb	r3, [r7, #2]
1000340a:	2b00      	cmp	r3, #0
1000340c:	d1f7      	bne.n	100033fe <cdcd_open+0x12>
1000340e:	788b      	ldrb	r3, [r1, #2]
10003410:	2509      	movs	r5, #9
10003412:	703b      	strb	r3, [r7, #0]
10003414:	780c      	ldrb	r4, [r1, #0]
10003416:	190c      	adds	r4, r1, r4
10003418:	7863      	ldrb	r3, [r4, #1]
1000341a:	2b24      	cmp	r3, #36	@ 0x24
1000341c:	d10b      	bne.n	10003436 <cdcd_open+0x4a>
1000341e:	2a08      	cmp	r2, #8
10003420:	d802      	bhi.n	10003428 <cdcd_open+0x3c>
10003422:	e00f      	b.n	10003444 <cdcd_open+0x58>
10003424:	42aa      	cmp	r2, r5
10003426:	d30d      	bcc.n	10003444 <cdcd_open+0x58>
10003428:	7823      	ldrb	r3, [r4, #0]
1000342a:	18e4      	adds	r4, r4, r3
1000342c:	195d      	adds	r5, r3, r5
1000342e:	7863      	ldrb	r3, [r4, #1]
10003430:	b2ad      	uxth	r5, r5
10003432:	2b24      	cmp	r3, #36	@ 0x24
10003434:	d0f6      	beq.n	10003424 <cdcd_open+0x38>
10003436:	2b05      	cmp	r3, #5
10003438:	d008      	beq.n	1000344c <cdcd_open+0x60>
1000343a:	2b04      	cmp	r3, #4
1000343c:	d102      	bne.n	10003444 <cdcd_open+0x58>
1000343e:	7963      	ldrb	r3, [r4, #5]
10003440:	2b0a      	cmp	r3, #10
10003442:	d011      	beq.n	10003468 <cdcd_open+0x7c>
10003444:	2000      	movs	r0, #0
10003446:	f7ff fe3b 	bl	100030c0 <_prep_out_transaction.isra.0>
1000344a:	e7d9      	b.n	10003400 <cdcd_open+0x14>
1000344c:	0021      	movs	r1, r4
1000344e:	0030      	movs	r0, r6
10003450:	f7ff fcce 	bl	10002df0 <usbd_edpt_open>
10003454:	2800      	cmp	r0, #0
10003456:	d0d2      	beq.n	100033fe <cdcd_open+0x12>
10003458:	78a3      	ldrb	r3, [r4, #2]
1000345a:	707b      	strb	r3, [r7, #1]
1000345c:	7823      	ldrb	r3, [r4, #0]
1000345e:	195d      	adds	r5, r3, r5
10003460:	18e4      	adds	r4, r4, r3
10003462:	7863      	ldrb	r3, [r4, #1]
10003464:	b2ad      	uxth	r5, r5
10003466:	e7e8      	b.n	1000343a <cdcd_open+0x4e>
10003468:	4b09      	ldr	r3, [pc, #36]	@ (10003490 <cdcd_open+0xa4>)
1000346a:	7827      	ldrb	r7, [r4, #0]
1000346c:	9301      	str	r3, [sp, #4]
1000346e:	3301      	adds	r3, #1
10003470:	9300      	str	r3, [sp, #0]
10003472:	2202      	movs	r2, #2
10003474:	2302      	movs	r3, #2
10003476:	0030      	movs	r0, r6
10003478:	19e1      	adds	r1, r4, r7
1000347a:	f7ff fc6b 	bl	10002d54 <usbd_open_edpt_pair>
1000347e:	2800      	cmp	r0, #0
10003480:	d0bd      	beq.n	100033fe <cdcd_open+0x12>
10003482:	350e      	adds	r5, #14
10003484:	19ed      	adds	r5, r5, r7
10003486:	b2ad      	uxth	r5, r5
10003488:	e7dc      	b.n	10003444 <cdcd_open+0x58>
1000348a:	46c0      	nop			@ (mov r8, r8)
1000348c:	200015f0 	.word	0x200015f0
10003490:	200015f2 	.word	0x200015f2

10003494 <cdcd_control_xfer_cb>:
10003494:	b5f8      	push	{r3, r4, r5, r6, r7, lr}
10003496:	2360      	movs	r3, #96	@ 0x60
10003498:	0014      	movs	r4, r2
1000349a:	7812      	ldrb	r2, [r2, #0]
1000349c:	0005      	movs	r5, r0
1000349e:	4013      	ands	r3, r2
100034a0:	2000      	movs	r0, #0
100034a2:	2b20      	cmp	r3, #32
100034a4:	d107      	bne.n	100034b6 <cdcd_control_xfer_cb+0x22>
100034a6:	4a30      	ldr	r2, [pc, #192]	@ (10003568 <cdcd_control_xfer_cb+0xd4>)
100034a8:	7963      	ldrb	r3, [r4, #5]
100034aa:	7927      	ldrb	r7, [r4, #4]
100034ac:	7816      	ldrb	r6, [r2, #0]
100034ae:	021b      	lsls	r3, r3, #8
100034b0:	433b      	orrs	r3, r7
100034b2:	429e      	cmp	r6, r3
100034b4:	d000      	beq.n	100034b8 <cdcd_control_xfer_cb+0x24>
100034b6:	bdf8      	pop	{r3, r4, r5, r6, r7, pc}
100034b8:	7863      	ldrb	r3, [r4, #1]
100034ba:	2b22      	cmp	r3, #34	@ 0x22
100034bc:	d01a      	beq.n	100034f4 <cdcd_control_xfer_cb+0x60>
100034be:	d807      	bhi.n	100034d0 <cdcd_control_xfer_cb+0x3c>
100034c0:	2b20      	cmp	r3, #32
100034c2:	d034      	beq.n	1000352e <cdcd_control_xfer_cb+0x9a>
100034c4:	2b21      	cmp	r3, #33	@ 0x21
100034c6:	d1f6      	bne.n	100034b6 <cdcd_control_xfer_cb+0x22>
100034c8:	2901      	cmp	r1, #1
100034ca:	d03e      	beq.n	1000354a <cdcd_control_xfer_cb+0xb6>
100034cc:	2001      	movs	r0, #1
100034ce:	e7f2      	b.n	100034b6 <cdcd_control_xfer_cb+0x22>
100034d0:	2b23      	cmp	r3, #35	@ 0x23
100034d2:	d1f0      	bne.n	100034b6 <cdcd_control_xfer_cb+0x22>
100034d4:	2901      	cmp	r1, #1
100034d6:	d040      	beq.n	1000355a <cdcd_control_xfer_cb+0xc6>
100034d8:	2903      	cmp	r1, #3
100034da:	d1f7      	bne.n	100034cc <cdcd_control_xfer_cb+0x38>
100034dc:	4b23      	ldr	r3, [pc, #140]	@ (1000356c <cdcd_control_xfer_cb+0xd8>)
100034de:	2b00      	cmp	r3, #0
100034e0:	d0f4      	beq.n	100034cc <cdcd_control_xfer_cb+0x38>
100034e2:	78e1      	ldrb	r1, [r4, #3]
100034e4:	78a3      	ldrb	r3, [r4, #2]
100034e6:	0209      	lsls	r1, r1, #8
100034e8:	2000      	movs	r0, #0
100034ea:	4319      	orrs	r1, r3
100034ec:	e000      	b.n	100034f0 <cdcd_control_xfer_cb+0x5c>
100034ee:	bf00      	nop
100034f0:	2001      	movs	r0, #1
100034f2:	e7e0      	b.n	100034b6 <cdcd_control_xfer_cb+0x22>
100034f4:	2901      	cmp	r1, #1
100034f6:	d030      	beq.n	1000355a <cdcd_control_xfer_cb+0xc6>
100034f8:	2903      	cmp	r1, #3
100034fa:	d1e7      	bne.n	100034cc <cdcd_control_xfer_cb+0x38>
100034fc:	2501      	movs	r5, #1
100034fe:	002e      	movs	r6, r5
10003500:	78a3      	ldrb	r3, [r4, #2]
10003502:	78e4      	ldrb	r4, [r4, #3]
10003504:	3902      	subs	r1, #2
10003506:	0224      	lsls	r4, r4, #8
10003508:	431c      	orrs	r4, r3
1000350a:	7114      	strb	r4, [r2, #4]
1000350c:	4026      	ands	r6, r4
1000350e:	3224      	adds	r2, #36	@ 0x24
10003510:	0010      	movs	r0, r2
10003512:	4071      	eors	r1, r6
10003514:	f000 fbce 	bl	10003cb4 <tu_fifo_set_overwritable>
10003518:	4b15      	ldr	r3, [pc, #84]	@ (10003570 <cdcd_control_xfer_cb+0xdc>)
1000351a:	2b00      	cmp	r3, #0
1000351c:	d0d6      	beq.n	100034cc <cdcd_control_xfer_cb+0x38>
1000351e:	0862      	lsrs	r2, r4, #1
10003520:	2000      	movs	r0, #0
10003522:	0031      	movs	r1, r6
10003524:	402a      	ands	r2, r5
10003526:	e000      	b.n	1000352a <cdcd_control_xfer_cb+0x96>
10003528:	bf00      	nop
1000352a:	2001      	movs	r0, #1
1000352c:	e7c3      	b.n	100034b6 <cdcd_control_xfer_cb+0x22>
1000352e:	2901      	cmp	r1, #1
10003530:	d00b      	beq.n	1000354a <cdcd_control_xfer_cb+0xb6>
10003532:	2903      	cmp	r1, #3
10003534:	d1ca      	bne.n	100034cc <cdcd_control_xfer_cb+0x38>
10003536:	4b0f      	ldr	r3, [pc, #60]	@ (10003574 <cdcd_control_xfer_cb+0xe0>)
10003538:	2b00      	cmp	r3, #0
1000353a:	d0c7      	beq.n	100034cc <cdcd_control_xfer_cb+0x38>
1000353c:	3208      	adds	r2, #8
1000353e:	2000      	movs	r0, #0
10003540:	0011      	movs	r1, r2
10003542:	e000      	b.n	10003546 <cdcd_control_xfer_cb+0xb2>
10003544:	bf00      	nop
10003546:	2001      	movs	r0, #1
10003548:	e7b5      	b.n	100034b6 <cdcd_control_xfer_cb+0x22>
1000354a:	2307      	movs	r3, #7
1000354c:	0021      	movs	r1, r4
1000354e:	0028      	movs	r0, r5
10003550:	4a09      	ldr	r2, [pc, #36]	@ (10003578 <cdcd_control_xfer_cb+0xe4>)
10003552:	f7ff fccb 	bl	10002eec <tud_control_xfer>
10003556:	2001      	movs	r0, #1
10003558:	e7ad      	b.n	100034b6 <cdcd_control_xfer_cb+0x22>
1000355a:	0021      	movs	r1, r4
1000355c:	0028      	movs	r0, r5
1000355e:	f7ff fcaf 	bl	10002ec0 <tud_control_status>
10003562:	2001      	movs	r0, #1
10003564:	e7a7      	b.n	100034b6 <cdcd_control_xfer_cb+0x22>
10003566:	46c0      	nop			@ (mov r8, r8)
10003568:	200015f0 	.word	0x200015f0
	...
10003578:	200015f8 	.word	0x200015f8

1000357c <cdcd_xfer_cb>:
1000357c:	b5f0      	push	{r4, r5, r6, r7, lr}
1000357e:	464f      	mov	r7, r9
10003580:	4646      	mov	r6, r8
10003582:	46d6      	mov	lr, sl
10003584:	4d36      	ldr	r5, [pc, #216]	@ (10003660 <cdcd_xfer_cb+0xe4>)
10003586:	b5c0      	push	{r6, r7, lr}
10003588:	78ea      	ldrb	r2, [r5, #3]
1000358a:	001f      	movs	r7, r3
1000358c:	4680      	mov	r8, r0
1000358e:	000c      	movs	r4, r1
10003590:	78ab      	ldrb	r3, [r5, #2]
10003592:	428a      	cmp	r2, r1
10003594:	d03b      	beq.n	1000360e <cdcd_xfer_cb+0x92>
10003596:	428b      	cmp	r3, r1
10003598:	d010      	beq.n	100035bc <cdcd_xfer_cb+0x40>
1000359a:	2000      	movs	r0, #0
1000359c:	bce0      	pop	{r5, r6, r7}
1000359e:	46ba      	mov	sl, r7
100035a0:	46b1      	mov	r9, r6
100035a2:	46a8      	mov	r8, r5
100035a4:	bdf0      	pop	{r4, r5, r6, r7, pc}
100035a6:	4b2f      	ldr	r3, [pc, #188]	@ (10003664 <cdcd_xfer_cb+0xe8>)
100035a8:	2b00      	cmp	r3, #0
100035aa:	d004      	beq.n	100035b6 <cdcd_xfer_cb+0x3a>
100035ac:	482e      	ldr	r0, [pc, #184]	@ (10003668 <cdcd_xfer_cb+0xec>)
100035ae:	f000 f971 	bl	10003894 <tu_fifo_empty>
100035b2:	2800      	cmp	r0, #0
100035b4:	d051      	beq.n	1000365a <cdcd_xfer_cb+0xde>
100035b6:	2000      	movs	r0, #0
100035b8:	f7ff fd82 	bl	100030c0 <_prep_out_transaction.isra.0>
100035bc:	78ab      	ldrb	r3, [r5, #2]
100035be:	42a3      	cmp	r3, r4
100035c0:	d001      	beq.n	100035c6 <cdcd_xfer_cb+0x4a>
100035c2:	2001      	movs	r0, #1
100035c4:	e7ea      	b.n	1000359c <cdcd_xfer_cb+0x20>
100035c6:	4b29      	ldr	r3, [pc, #164]	@ (1000366c <cdcd_xfer_cb+0xf0>)
100035c8:	2b00      	cmp	r3, #0
100035ca:	d002      	beq.n	100035d2 <cdcd_xfer_cb+0x56>
100035cc:	2000      	movs	r0, #0
100035ce:	e000      	b.n	100035d2 <cdcd_xfer_cb+0x56>
100035d0:	bf00      	nop
100035d2:	2000      	movs	r0, #0
100035d4:	f7ff fe38 	bl	10003248 <tud_cdc_n_write_flush>
100035d8:	2800      	cmp	r0, #0
100035da:	d1f2      	bne.n	100035c2 <cdcd_xfer_cb+0x46>
100035dc:	4c24      	ldr	r4, [pc, #144]	@ (10003670 <cdcd_xfer_cb+0xf4>)
100035de:	0020      	movs	r0, r4
100035e0:	f000 f942 	bl	10003868 <tu_fifo_count>
100035e4:	2800      	cmp	r0, #0
100035e6:	d1ec      	bne.n	100035c2 <cdcd_xfer_cb+0x46>
100035e8:	2f00      	cmp	r7, #0
100035ea:	d0ea      	beq.n	100035c2 <cdcd_xfer_cb+0x46>
100035ec:	06bf      	lsls	r7, r7, #26
100035ee:	d1e8      	bne.n	100035c2 <cdcd_xfer_cb+0x46>
100035f0:	3c24      	subs	r4, #36	@ 0x24
100035f2:	4640      	mov	r0, r8
100035f4:	78a1      	ldrb	r1, [r4, #2]
100035f6:	f7ff fc15 	bl	10002e24 <usbd_edpt_claim>
100035fa:	2800      	cmp	r0, #0
100035fc:	d0e1      	beq.n	100035c2 <cdcd_xfer_cb+0x46>
100035fe:	2300      	movs	r3, #0
10003600:	2200      	movs	r2, #0
10003602:	4640      	mov	r0, r8
10003604:	78a1      	ldrb	r1, [r4, #2]
10003606:	f7ff fc35 	bl	10002e74 <usbd_edpt_xfer>
1000360a:	2001      	movs	r0, #1
1000360c:	e7c6      	b.n	1000359c <cdcd_xfer_cb+0x20>
1000360e:	2310      	movs	r3, #16
10003610:	469a      	mov	sl, r3
10003612:	4e18      	ldr	r6, [pc, #96]	@ (10003674 <cdcd_xfer_cb+0xf8>)
10003614:	44aa      	add	sl, r5
10003616:	0031      	movs	r1, r6
10003618:	4650      	mov	r0, sl
1000361a:	b2ba      	uxth	r2, r7
1000361c:	f000 fa6e 	bl	10003afc <tu_fifo_write_n>
10003620:	4b15      	ldr	r3, [pc, #84]	@ (10003678 <cdcd_xfer_cb+0xfc>)
10003622:	2b00      	cmp	r3, #0
10003624:	d0bf      	beq.n	100035a6 <cdcd_xfer_cb+0x2a>
10003626:	796b      	ldrb	r3, [r5, #5]
10003628:	2bff      	cmp	r3, #255	@ 0xff
1000362a:	d0bc      	beq.n	100035a6 <cdcd_xfer_cb+0x2a>
1000362c:	2f00      	cmp	r7, #0
1000362e:	d0ba      	beq.n	100035a6 <cdcd_xfer_cb+0x2a>
10003630:	19f2      	adds	r2, r6, r7
10003632:	4691      	mov	r9, r2
10003634:	e003      	b.n	1000363e <cdcd_xfer_cb+0xc2>
10003636:	3601      	adds	r6, #1
10003638:	45b1      	cmp	r9, r6
1000363a:	d0b4      	beq.n	100035a6 <cdcd_xfer_cb+0x2a>
1000363c:	796b      	ldrb	r3, [r5, #5]
1000363e:	7832      	ldrb	r2, [r6, #0]
10003640:	429a      	cmp	r2, r3
10003642:	d1f8      	bne.n	10003636 <cdcd_xfer_cb+0xba>
10003644:	4650      	mov	r0, sl
10003646:	f000 f925 	bl	10003894 <tu_fifo_empty>
1000364a:	2800      	cmp	r0, #0
1000364c:	d1f3      	bne.n	10003636 <cdcd_xfer_cb+0xba>
1000364e:	4653      	mov	r3, sl
10003650:	3b10      	subs	r3, #16
10003652:	7959      	ldrb	r1, [r3, #5]
10003654:	e000      	b.n	10003658 <cdcd_xfer_cb+0xdc>
10003656:	bf00      	nop
10003658:	e7ed      	b.n	10003636 <cdcd_xfer_cb+0xba>
1000365a:	e000      	b.n	1000365e <cdcd_xfer_cb+0xe2>
1000365c:	bf00      	nop
1000365e:	e7aa      	b.n	100035b6 <cdcd_xfer_cb+0x3a>
10003660:	200015f0 	.word	0x200015f0
10003664:	00000000 	.word	0x00000000
10003668:	20001600 	.word	0x20001600
1000366c:	00000000 	.word	0x00000000
10003670:	20001614 	.word	0x20001614
10003674:	2000156c 	.word	0x2000156c
10003678:	00000000 	.word	0x00000000

1000367c <tusb_rhport_init>:
1000367c:	b500      	push	{lr}
1000367e:	0003      	movs	r3, r0
10003680:	b083      	sub	sp, #12
10003682:	2900      	cmp	r1, #0
10003684:	d010      	beq.n	100036a8 <tusb_rhport_init+0x2c>
10003686:	2000      	movs	r0, #0
10003688:	2b01      	cmp	r3, #1
1000368a:	d807      	bhi.n	1000369c <tusb_rhport_init+0x20>
1000368c:	780a      	ldrb	r2, [r1, #0]
1000368e:	2a00      	cmp	r2, #0
10003690:	d004      	beq.n	1000369c <tusb_rhport_init+0x20>
10003692:	480b      	ldr	r0, [pc, #44]	@ (100036c0 <tusb_rhport_init+0x44>)
10003694:	54c2      	strb	r2, [r0, r3]
10003696:	2001      	movs	r0, #1
10003698:	2a01      	cmp	r2, #1
1000369a:	d001      	beq.n	100036a0 <tusb_rhport_init+0x24>
1000369c:	b003      	add	sp, #12
1000369e:	bd00      	pop	{pc}
100036a0:	0018      	movs	r0, r3
100036a2:	f7fe fef1 	bl	10002488 <tud_rhport_init>
100036a6:	e7f9      	b.n	1000369c <tusb_rhport_init+0x20>
100036a8:	2301      	movs	r3, #1
100036aa:	a901      	add	r1, sp, #4
100036ac:	2000      	movs	r0, #0
100036ae:	800b      	strh	r3, [r1, #0]
100036b0:	f7fe feea 	bl	10002488 <tud_rhport_init>
100036b4:	2800      	cmp	r0, #0
100036b6:	d0f1      	beq.n	1000369c <tusb_rhport_init+0x20>
100036b8:	2201      	movs	r2, #1
100036ba:	4b01      	ldr	r3, [pc, #4]	@ (100036c0 <tusb_rhport_init+0x44>)
100036bc:	701a      	strb	r2, [r3, #0]
100036be:	e7ed      	b.n	1000369c <tusb_rhport_init+0x20>
100036c0:	20001750 	.word	0x20001750

100036c4 <tu_edpt_claim>:
100036c4:	7803      	ldrb	r3, [r0, #0]
100036c6:	b570      	push	{r4, r5, r6, lr}
100036c8:	07db      	lsls	r3, r3, #31
100036ca:	0004      	movs	r4, r0
100036cc:	000e      	movs	r6, r1
100036ce:	0fdd      	lsrs	r5, r3, #31
100036d0:	2b00      	cmp	r3, #0
100036d2:	d117      	bne.n	10003704 <tu_edpt_claim+0x40>
100036d4:	7803      	ldrb	r3, [r0, #0]
100036d6:	075b      	lsls	r3, r3, #29
100036d8:	d501      	bpl.n	100036de <tu_edpt_claim+0x1a>
100036da:	0028      	movs	r0, r5
100036dc:	bd70      	pop	{r4, r5, r6, pc}
100036de:	2101      	movs	r1, #1
100036e0:	0030      	movs	r0, r6
100036e2:	4249      	negs	r1, r1
100036e4:	f000 fc18 	bl	10003f18 <__mutex_enter_timeout_ms_veneer>
100036e8:	7823      	ldrb	r3, [r4, #0]
100036ea:	07db      	lsls	r3, r3, #31
100036ec:	0fdd      	lsrs	r5, r3, #31
100036ee:	2b00      	cmp	r3, #0
100036f0:	d10a      	bne.n	10003708 <tu_edpt_claim+0x44>
100036f2:	7823      	ldrb	r3, [r4, #0]
100036f4:	075b      	lsls	r3, r3, #29
100036f6:	d408      	bmi.n	1000370a <tu_edpt_claim+0x46>
100036f8:	2204      	movs	r2, #4
100036fa:	7823      	ldrb	r3, [r4, #0]
100036fc:	2501      	movs	r5, #1
100036fe:	4313      	orrs	r3, r2
10003700:	7023      	strb	r3, [r4, #0]
10003702:	e002      	b.n	1000370a <tu_edpt_claim+0x46>
10003704:	2500      	movs	r5, #0
10003706:	e7e8      	b.n	100036da <tu_edpt_claim+0x16>
10003708:	2500      	movs	r5, #0
1000370a:	0030      	movs	r0, r6
1000370c:	f000 fbec 	bl	10003ee8 <__mutex_exit_veneer>
10003710:	e7e3      	b.n	100036da <tu_edpt_claim+0x16>
10003712:	46c0      	nop			@ (mov r8, r8)

10003714 <tu_edpt_release>:
10003714:	b570      	push	{r4, r5, r6, lr}
10003716:	000c      	movs	r4, r1
10003718:	2101      	movs	r1, #1
1000371a:	0006      	movs	r6, r0
1000371c:	4249      	negs	r1, r1
1000371e:	0020      	movs	r0, r4
10003720:	f000 fbfa 	bl	10003f18 <__mutex_enter_timeout_ms_veneer>
10003724:	7833      	ldrb	r3, [r6, #0]
10003726:	075b      	lsls	r3, r3, #29
10003728:	0fdd      	lsrs	r5, r3, #31
1000372a:	2b00      	cmp	r3, #0
1000372c:	db04      	blt.n	10003738 <tu_edpt_release+0x24>
1000372e:	0020      	movs	r0, r4
10003730:	f000 fbda 	bl	10003ee8 <__mutex_exit_veneer>
10003734:	0028      	movs	r0, r5
10003736:	bd70      	pop	{r4, r5, r6, pc}
10003738:	7833      	ldrb	r3, [r6, #0]
1000373a:	07db      	lsls	r3, r3, #31
1000373c:	d404      	bmi.n	10003748 <tu_edpt_release+0x34>
1000373e:	2204      	movs	r2, #4
10003740:	7833      	ldrb	r3, [r6, #0]
10003742:	4393      	bics	r3, r2
10003744:	7033      	strb	r3, [r6, #0]
10003746:	e7f2      	b.n	1000372e <tu_edpt_release+0x1a>
10003748:	2500      	movs	r5, #0
1000374a:	e7f0      	b.n	1000372e <tu_edpt_release+0x1a>

1000374c <tu_edpt_validate>:
1000374c:	7943      	ldrb	r3, [r0, #5]
1000374e:	7902      	ldrb	r2, [r0, #4]
10003750:	021b      	lsls	r3, r3, #8
10003752:	4313      	orrs	r3, r2
10003754:	78c2      	ldrb	r2, [r0, #3]
10003756:	055b      	lsls	r3, r3, #21
10003758:	0792      	lsls	r2, r2, #30
1000375a:	0d5b      	lsrs	r3, r3, #21
1000375c:	0f92      	lsrs	r2, r2, #30
1000375e:	2a02      	cmp	r2, #2
10003760:	d01d      	beq.n	1000379e <tu_edpt_validate+0x52>
10003762:	2a03      	cmp	r2, #3
10003764:	d00c      	beq.n	10003780 <tu_edpt_validate+0x34>
10003766:	2000      	movs	r0, #0
10003768:	2a01      	cmp	r2, #1
1000376a:	d108      	bne.n	1000377e <tu_edpt_validate+0x32>
1000376c:	3902      	subs	r1, #2
1000376e:	424a      	negs	r2, r1
10003770:	4151      	adcs	r1, r2
10003772:	4a12      	ldr	r2, [pc, #72]	@ (100037bc <tu_edpt_validate+0x70>)
10003774:	4694      	mov	ip, r2
10003776:	4461      	add	r1, ip
10003778:	4299      	cmp	r1, r3
1000377a:	4140      	adcs	r0, r0
1000377c:	b2c0      	uxtb	r0, r0
1000377e:	4770      	bx	lr
10003780:	3902      	subs	r1, #2
10003782:	1e4a      	subs	r2, r1, #1
10003784:	4191      	sbcs	r1, r2
10003786:	4a0e      	ldr	r2, [pc, #56]	@ (100037c0 <tu_edpt_validate+0x74>)
10003788:	4249      	negs	r1, r1
1000378a:	4011      	ands	r1, r2
1000378c:	2280      	movs	r2, #128	@ 0x80
1000378e:	00d2      	lsls	r2, r2, #3
10003790:	4694      	mov	ip, r2
10003792:	2000      	movs	r0, #0
10003794:	4461      	add	r1, ip
10003796:	4299      	cmp	r1, r3
10003798:	4140      	adcs	r0, r0
1000379a:	b2c0      	uxtb	r0, r0
1000379c:	e7ef      	b.n	1000377e <tu_edpt_validate+0x32>
1000379e:	2902      	cmp	r1, #2
100037a0:	d005      	beq.n	100037ae <tu_edpt_validate+0x62>
100037a2:	2000      	movs	r0, #0
100037a4:	2240      	movs	r2, #64	@ 0x40
100037a6:	429a      	cmp	r2, r3
100037a8:	4140      	adcs	r0, r0
100037aa:	b2c0      	uxtb	r0, r0
100037ac:	e7e7      	b.n	1000377e <tu_edpt_validate+0x32>
100037ae:	4a05      	ldr	r2, [pc, #20]	@ (100037c4 <tu_edpt_validate+0x78>)
100037b0:	1898      	adds	r0, r3, r2
100037b2:	4243      	negs	r3, r0
100037b4:	4158      	adcs	r0, r3
100037b6:	b2c0      	uxtb	r0, r0
100037b8:	e7e1      	b.n	1000377e <tu_edpt_validate+0x32>
100037ba:	46c0      	nop			@ (mov r8, r8)
100037bc:	000003ff 	.word	0x000003ff
100037c0:	fffffc40 	.word	0xfffffc40
100037c4:	fffffe00 	.word	0xfffffe00

100037c8 <tu_edpt_bind_driver>:
100037c8:	188a      	adds	r2, r1, r2
100037ca:	b570      	push	{r4, r5, r6, lr}
100037cc:	4291      	cmp	r1, r2
100037ce:	d207      	bcs.n	100037e0 <tu_edpt_bind_driver+0x18>
100037d0:	267f      	movs	r6, #127	@ 0x7f
100037d2:	784c      	ldrb	r4, [r1, #1]
100037d4:	2c05      	cmp	r4, #5
100037d6:	d004      	beq.n	100037e2 <tu_edpt_bind_driver+0x1a>
100037d8:	780c      	ldrb	r4, [r1, #0]
100037da:	1909      	adds	r1, r1, r4
100037dc:	428a      	cmp	r2, r1
100037de:	d8f8      	bhi.n	100037d2 <tu_edpt_bind_driver+0xa>
100037e0:	bd70      	pop	{r4, r5, r6, pc}
100037e2:	0034      	movs	r4, r6
100037e4:	788d      	ldrb	r5, [r1, #2]
100037e6:	402c      	ands	r4, r5
100037e8:	0064      	lsls	r4, r4, #1
100037ea:	1904      	adds	r4, r0, r4
100037ec:	09ed      	lsrs	r5, r5, #7
100037ee:	5563      	strb	r3, [r4, r5]
100037f0:	780c      	ldrb	r4, [r1, #0]
100037f2:	1909      	adds	r1, r1, r4
100037f4:	428a      	cmp	r2, r1
100037f6:	d8ec      	bhi.n	100037d2 <tu_edpt_bind_driver+0xa>
100037f8:	e7f2      	b.n	100037e0 <tu_edpt_bind_driver+0x18>
100037fa:	46c0      	nop			@ (mov r8, r8)

100037fc <tu_fifo_config>:
100037fc:	b5f0      	push	{r4, r5, r6, r7, lr}
100037fe:	46c6      	mov	lr, r8
10003800:	b500      	push	{lr}
10003802:	0004      	movs	r4, r0
10003804:	a806      	add	r0, sp, #24
10003806:	7805      	ldrb	r5, [r0, #0]
10003808:	2080      	movs	r0, #128	@ 0x80
1000380a:	4688      	mov	r8, r1
1000380c:	0017      	movs	r7, r2
1000380e:	001e      	movs	r6, r3
10003810:	0200      	lsls	r0, r0, #8
10003812:	4282      	cmp	r2, r0
10003814:	d826      	bhi.n	10003864 <tu_fifo_config+0x68>
10003816:	68e0      	ldr	r0, [r4, #12]
10003818:	2800      	cmp	r0, #0
1000381a:	d003      	beq.n	10003824 <tu_fifo_config+0x28>
1000381c:	2101      	movs	r1, #1
1000381e:	4249      	negs	r1, r1
10003820:	f000 fb7a 	bl	10003f18 <__mutex_enter_timeout_ms_veneer>
10003824:	6920      	ldr	r0, [r4, #16]
10003826:	2800      	cmp	r0, #0
10003828:	d003      	beq.n	10003832 <tu_fifo_config+0x36>
1000382a:	2101      	movs	r1, #1
1000382c:	4249      	negs	r1, r1
1000382e:	f000 fb73 	bl	10003f18 <__mutex_enter_timeout_ms_veneer>
10003832:	4643      	mov	r3, r8
10003834:	6023      	str	r3, [r4, #0]
10003836:	0473      	lsls	r3, r6, #17
10003838:	0c5b      	lsrs	r3, r3, #17
1000383a:	03ed      	lsls	r5, r5, #15
1000383c:	431d      	orrs	r5, r3
1000383e:	2300      	movs	r3, #0
10003840:	68e0      	ldr	r0, [r4, #12]
10003842:	8163      	strh	r3, [r4, #10]
10003844:	80a7      	strh	r7, [r4, #4]
10003846:	80e5      	strh	r5, [r4, #6]
10003848:	8123      	strh	r3, [r4, #8]
1000384a:	2800      	cmp	r0, #0
1000384c:	d001      	beq.n	10003852 <tu_fifo_config+0x56>
1000384e:	f000 fb4b 	bl	10003ee8 <__mutex_exit_veneer>
10003852:	6920      	ldr	r0, [r4, #16]
10003854:	2800      	cmp	r0, #0
10003856:	d001      	beq.n	1000385c <tu_fifo_config+0x60>
10003858:	f000 fb46 	bl	10003ee8 <__mutex_exit_veneer>
1000385c:	2001      	movs	r0, #1
1000385e:	bc80      	pop	{r7}
10003860:	46b8      	mov	r8, r7
10003862:	bdf0      	pop	{r4, r5, r6, r7, pc}
10003864:	2000      	movs	r0, #0
10003866:	e7fa      	b.n	1000385e <tu_fifo_config+0x62>

10003868 <tu_fifo_count>:
10003868:	b510      	push	{r4, lr}
1000386a:	8904      	ldrh	r4, [r0, #8]
1000386c:	8941      	ldrh	r1, [r0, #10]
1000386e:	8882      	ldrh	r2, [r0, #4]
10003870:	b2a3      	uxth	r3, r4
10003872:	b288      	uxth	r0, r1
10003874:	428c      	cmp	r4, r1
10003876:	d307      	bcc.n	10003888 <tu_fifo_count+0x20>
10003878:	1a1b      	subs	r3, r3, r0
1000387a:	b29b      	uxth	r3, r3
1000387c:	1c10      	adds	r0, r2, #0
1000387e:	429a      	cmp	r2, r3
10003880:	d900      	bls.n	10003884 <tu_fifo_count+0x1c>
10003882:	1c18      	adds	r0, r3, #0
10003884:	b280      	uxth	r0, r0
10003886:	bd10      	pop	{r4, pc}
10003888:	0051      	lsls	r1, r2, #1
1000388a:	1a09      	subs	r1, r1, r0
1000388c:	185b      	adds	r3, r3, r1
1000388e:	b29b      	uxth	r3, r3
10003890:	e7f4      	b.n	1000387c <tu_fifo_count+0x14>
10003892:	46c0      	nop			@ (mov r8, r8)

10003894 <tu_fifo_empty>:
10003894:	8903      	ldrh	r3, [r0, #8]
10003896:	8940      	ldrh	r0, [r0, #10]
10003898:	1a18      	subs	r0, r3, r0
1000389a:	4243      	negs	r3, r0
1000389c:	4158      	adcs	r0, r3
1000389e:	b2c0      	uxtb	r0, r0
100038a0:	4770      	bx	lr
100038a2:	46c0      	nop			@ (mov r8, r8)

100038a4 <tu_fifo_remaining>:
100038a4:	b510      	push	{r4, lr}
100038a6:	8904      	ldrh	r4, [r0, #8]
100038a8:	8941      	ldrh	r1, [r0, #10]
100038aa:	8882      	ldrh	r2, [r0, #4]
100038ac:	b2a3      	uxth	r3, r4
100038ae:	b288      	uxth	r0, r1
100038b0:	428c      	cmp	r4, r1
100038b2:	d307      	bcc.n	100038c4 <tu_fifo_remaining+0x20>
100038b4:	1a1b      	subs	r3, r3, r0
100038b6:	b29b      	uxth	r3, r3
100038b8:	2000      	movs	r0, #0
100038ba:	429a      	cmp	r2, r3
100038bc:	d901      	bls.n	100038c2 <tu_fifo_remaining+0x1e>
100038be:	1ad2      	subs	r2, r2, r3
100038c0:	b290      	uxth	r0, r2
100038c2:	bd10      	pop	{r4, pc}
100038c4:	0051      	lsls	r1, r2, #1
100038c6:	1a09      	subs	r1, r1, r0
100038c8:	185b      	adds	r3, r3, r1
100038ca:	b29b      	uxth	r3, r3
100038cc:	e7f4      	b.n	100038b8 <tu_fifo_remaining+0x14>
100038ce:	46c0      	nop			@ (mov r8, r8)

100038d0 <tu_fifo_read>:
100038d0:	b570      	push	{r4, r5, r6, lr}
100038d2:	0004      	movs	r4, r0
100038d4:	6900      	ldr	r0, [r0, #16]
100038d6:	000e      	movs	r6, r1
100038d8:	2800      	cmp	r0, #0
100038da:	d003      	beq.n	100038e4 <tu_fifo_read+0x14>
100038dc:	2101      	movs	r1, #1
100038de:	4249      	negs	r1, r1
100038e0:	f000 fb1a 	bl	10003f18 <__mutex_enter_timeout_ms_veneer>
100038e4:	8925      	ldrh	r5, [r4, #8]
100038e6:	8960      	ldrh	r0, [r4, #10]
100038e8:	88a2      	ldrh	r2, [r4, #4]
100038ea:	b2a9      	uxth	r1, r5
100038ec:	b283      	uxth	r3, r0
100038ee:	4285      	cmp	r5, r0
100038f0:	d32c      	bcc.n	1000394c <tu_fifo_read+0x7c>
100038f2:	1acd      	subs	r5, r1, r3
100038f4:	b2ad      	uxth	r5, r5
100038f6:	2d00      	cmp	r5, #0
100038f8:	d02e      	beq.n	10003958 <tu_fifo_read+0x88>
100038fa:	42aa      	cmp	r2, r5
100038fc:	d208      	bcs.n	10003910 <tu_fifo_read+0x40>
100038fe:	4291      	cmp	r1, r2
10003900:	d330      	bcc.n	10003964 <tu_fifo_read+0x94>
10003902:	1a89      	subs	r1, r1, r2
10003904:	b28b      	uxth	r3, r1
10003906:	8163      	strh	r3, [r4, #10]
10003908:	429a      	cmp	r2, r3
1000390a:	d803      	bhi.n	10003914 <tu_fifo_read+0x44>
1000390c:	1a9b      	subs	r3, r3, r2
1000390e:	b29b      	uxth	r3, r3
10003910:	429a      	cmp	r2, r3
10003912:	d9fb      	bls.n	1000390c <tu_fifo_read+0x3c>
10003914:	88e2      	ldrh	r2, [r4, #6]
10003916:	6821      	ldr	r1, [r4, #0]
10003918:	0452      	lsls	r2, r2, #17
1000391a:	0c52      	lsrs	r2, r2, #17
1000391c:	4353      	muls	r3, r2
1000391e:	0030      	movs	r0, r6
10003920:	18c9      	adds	r1, r1, r3
10003922:	f7fe f985 	bl	10001c30 <__wrap___aeabi_memcpy>
10003926:	8963      	ldrh	r3, [r4, #10]
10003928:	2501      	movs	r5, #1
1000392a:	1c59      	adds	r1, r3, #1
1000392c:	b289      	uxth	r1, r1
1000392e:	88a2      	ldrh	r2, [r4, #4]
10003930:	428b      	cmp	r3, r1
10003932:	d913      	bls.n	1000395c <tu_fifo_read+0x8c>
10003934:	2100      	movs	r1, #0
10003936:	0052      	lsls	r2, r2, #1
10003938:	1a89      	subs	r1, r1, r2
1000393a:	b289      	uxth	r1, r1
1000393c:	6920      	ldr	r0, [r4, #16]
1000393e:	8161      	strh	r1, [r4, #10]
10003940:	2800      	cmp	r0, #0
10003942:	d001      	beq.n	10003948 <tu_fifo_read+0x78>
10003944:	f000 fad0 	bl	10003ee8 <__mutex_exit_veneer>
10003948:	0028      	movs	r0, r5
1000394a:	bd70      	pop	{r4, r5, r6, pc}
1000394c:	0055      	lsls	r5, r2, #1
1000394e:	1aed      	subs	r5, r5, r3
10003950:	194d      	adds	r5, r1, r5
10003952:	b2ad      	uxth	r5, r5
10003954:	2d00      	cmp	r5, #0
10003956:	d1d0      	bne.n	100038fa <tu_fifo_read+0x2a>
10003958:	8961      	ldrh	r1, [r4, #10]
1000395a:	b289      	uxth	r1, r1
1000395c:	0052      	lsls	r2, r2, #1
1000395e:	4291      	cmp	r1, r2
10003960:	dbec      	blt.n	1000393c <tu_fifo_read+0x6c>
10003962:	e7e9      	b.n	10003938 <tu_fifo_read+0x68>
10003964:	1889      	adds	r1, r1, r2
10003966:	b28b      	uxth	r3, r1
10003968:	8163      	strh	r3, [r4, #10]
1000396a:	e7cd      	b.n	10003908 <tu_fifo_read+0x38>

1000396c <tu_fifo_read_n>:
1000396c:	b5f0      	push	{r4, r5, r6, r7, lr}
1000396e:	4646      	mov	r6, r8
10003970:	464f      	mov	r7, r9
10003972:	46d6      	mov	lr, sl
10003974:	b5c0      	push	{r6, r7, lr}
10003976:	0006      	movs	r6, r0
10003978:	6900      	ldr	r0, [r0, #16]
1000397a:	4689      	mov	r9, r1
1000397c:	4690      	mov	r8, r2
1000397e:	2800      	cmp	r0, #0
10003980:	d003      	beq.n	1000398a <tu_fifo_read_n+0x1e>
10003982:	2101      	movs	r1, #1
10003984:	4249      	negs	r1, r1
10003986:	f000 fac7 	bl	10003f18 <__mutex_enter_timeout_ms_veneer>
1000398a:	8931      	ldrh	r1, [r6, #8]
1000398c:	8972      	ldrh	r2, [r6, #10]
1000398e:	88b5      	ldrh	r5, [r6, #4]
10003990:	b28b      	uxth	r3, r1
10003992:	b294      	uxth	r4, r2
10003994:	4291      	cmp	r1, r2
10003996:	d354      	bcc.n	10003a42 <tu_fifo_read_n+0xd6>
10003998:	1b1f      	subs	r7, r3, r4
1000399a:	b2bf      	uxth	r7, r7
1000399c:	2f00      	cmp	r7, #0
1000399e:	d04a      	beq.n	10003a36 <tu_fifo_read_n+0xca>
100039a0:	42bd      	cmp	r5, r7
100039a2:	d205      	bcs.n	100039b0 <tu_fifo_read_n+0x44>
100039a4:	42ab      	cmp	r3, r5
100039a6:	d251      	bcs.n	10003a4c <tu_fifo_read_n+0xe0>
100039a8:	195b      	adds	r3, r3, r5
100039aa:	b29c      	uxth	r4, r3
100039ac:	002f      	movs	r7, r5
100039ae:	8174      	strh	r4, [r6, #10]
100039b0:	4643      	mov	r3, r8
100039b2:	45b8      	cmp	r8, r7
100039b4:	d83d      	bhi.n	10003a32 <tu_fifo_read_n+0xc6>
100039b6:	b29f      	uxth	r7, r3
100039b8:	42a5      	cmp	r5, r4
100039ba:	d803      	bhi.n	100039c4 <tu_fifo_read_n+0x58>
100039bc:	1b64      	subs	r4, r4, r5
100039be:	b2a4      	uxth	r4, r4
100039c0:	42a5      	cmp	r5, r4
100039c2:	d9fb      	bls.n	100039bc <tu_fifo_read_n+0x50>
100039c4:	88f2      	ldrh	r2, [r6, #6]
100039c6:	6831      	ldr	r1, [r6, #0]
100039c8:	0452      	lsls	r2, r2, #17
100039ca:	0c52      	lsrs	r2, r2, #17
100039cc:	4690      	mov	r8, r2
100039ce:	4362      	muls	r2, r4
100039d0:	1b2b      	subs	r3, r5, r4
100039d2:	b29b      	uxth	r3, r3
100039d4:	1889      	adds	r1, r1, r2
100039d6:	4642      	mov	r2, r8
100039d8:	429f      	cmp	r7, r3
100039da:	d925      	bls.n	10003a28 <tu_fifo_read_n+0xbc>
100039dc:	4353      	muls	r3, r2
100039de:	b29b      	uxth	r3, r3
100039e0:	001a      	movs	r2, r3
100039e2:	4648      	mov	r0, r9
100039e4:	469a      	mov	sl, r3
100039e6:	f7fe f923 	bl	10001c30 <__wrap___aeabi_memcpy>
100039ea:	4643      	mov	r3, r8
100039ec:	4648      	mov	r0, r9
100039ee:	1b7d      	subs	r5, r7, r5
100039f0:	1964      	adds	r4, r4, r5
100039f2:	435c      	muls	r4, r3
100039f4:	6831      	ldr	r1, [r6, #0]
100039f6:	4450      	add	r0, sl
100039f8:	b2a2      	uxth	r2, r4
100039fa:	f7fe f919 	bl	10001c30 <__wrap___aeabi_memcpy>
100039fe:	8971      	ldrh	r1, [r6, #10]
10003a00:	88b5      	ldrh	r5, [r6, #4]
10003a02:	19cb      	adds	r3, r1, r7
10003a04:	b29b      	uxth	r3, r3
10003a06:	006a      	lsls	r2, r5, #1
10003a08:	4299      	cmp	r1, r3
10003a0a:	d916      	bls.n	10003a3a <tu_fifo_read_n+0xce>
10003a0c:	1a9b      	subs	r3, r3, r2
10003a0e:	b29b      	uxth	r3, r3
10003a10:	6930      	ldr	r0, [r6, #16]
10003a12:	8173      	strh	r3, [r6, #10]
10003a14:	2800      	cmp	r0, #0
10003a16:	d001      	beq.n	10003a1c <tu_fifo_read_n+0xb0>
10003a18:	f000 fa66 	bl	10003ee8 <__mutex_exit_veneer>
10003a1c:	0038      	movs	r0, r7
10003a1e:	bce0      	pop	{r5, r6, r7}
10003a20:	46ba      	mov	sl, r7
10003a22:	46b1      	mov	r9, r6
10003a24:	46a8      	mov	r8, r5
10003a26:	bdf0      	pop	{r4, r5, r6, r7, pc}
10003a28:	4648      	mov	r0, r9
10003a2a:	437a      	muls	r2, r7
10003a2c:	f7fe f900 	bl	10001c30 <__wrap___aeabi_memcpy>
10003a30:	e7e5      	b.n	100039fe <tu_fifo_read_n+0x92>
10003a32:	1c3b      	adds	r3, r7, #0
10003a34:	e7bf      	b.n	100039b6 <tu_fifo_read_n+0x4a>
10003a36:	8973      	ldrh	r3, [r6, #10]
10003a38:	b29b      	uxth	r3, r3
10003a3a:	006a      	lsls	r2, r5, #1
10003a3c:	4293      	cmp	r3, r2
10003a3e:	dbe7      	blt.n	10003a10 <tu_fifo_read_n+0xa4>
10003a40:	e7e4      	b.n	10003a0c <tu_fifo_read_n+0xa0>
10003a42:	006f      	lsls	r7, r5, #1
10003a44:	1b3f      	subs	r7, r7, r4
10003a46:	19df      	adds	r7, r3, r7
10003a48:	b2bf      	uxth	r7, r7
10003a4a:	e7a7      	b.n	1000399c <tu_fifo_read_n+0x30>
10003a4c:	1b5b      	subs	r3, r3, r5
10003a4e:	b29c      	uxth	r4, r3
10003a50:	e7ac      	b.n	100039ac <tu_fifo_read_n+0x40>
10003a52:	46c0      	nop			@ (mov r8, r8)

10003a54 <tu_fifo_write>:
10003a54:	b5f8      	push	{r3, r4, r5, r6, r7, lr}
10003a56:	0004      	movs	r4, r0
10003a58:	68c0      	ldr	r0, [r0, #12]
10003a5a:	000e      	movs	r6, r1
10003a5c:	2800      	cmp	r0, #0
10003a5e:	d003      	beq.n	10003a68 <tu_fifo_write+0x14>
10003a60:	2101      	movs	r1, #1
10003a62:	4249      	negs	r1, r1
10003a64:	f000 fa58 	bl	10003f18 <__mutex_enter_timeout_ms_veneer>
10003a68:	8925      	ldrh	r5, [r4, #8]
10003a6a:	8920      	ldrh	r0, [r4, #8]
10003a6c:	8961      	ldrh	r1, [r4, #10]
10003a6e:	88a2      	ldrh	r2, [r4, #4]
10003a70:	b2ad      	uxth	r5, r5
10003a72:	b283      	uxth	r3, r0
10003a74:	b28f      	uxth	r7, r1
10003a76:	4288      	cmp	r0, r1
10003a78:	d329      	bcc.n	10003ace <tu_fifo_write+0x7a>
10003a7a:	1bdb      	subs	r3, r3, r7
10003a7c:	b29b      	uxth	r3, r3
10003a7e:	429a      	cmp	r2, r3
10003a80:	d809      	bhi.n	10003a96 <tu_fifo_write+0x42>
10003a82:	79e7      	ldrb	r7, [r4, #7]
10003a84:	09ff      	lsrs	r7, r7, #7
10003a86:	d106      	bne.n	10003a96 <tu_fifo_write+0x42>
10003a88:	68e0      	ldr	r0, [r4, #12]
10003a8a:	2800      	cmp	r0, #0
10003a8c:	d001      	beq.n	10003a92 <tu_fifo_write+0x3e>
10003a8e:	f000 fa2b 	bl	10003ee8 <__mutex_exit_veneer>
10003a92:	0038      	movs	r0, r7
10003a94:	bdf8      	pop	{r3, r4, r5, r6, r7, pc}
10003a96:	4295      	cmp	r5, r2
10003a98:	d31e      	bcc.n	10003ad8 <tu_fifo_write+0x84>
10003a9a:	002b      	movs	r3, r5
10003a9c:	1a9b      	subs	r3, r3, r2
10003a9e:	b29b      	uxth	r3, r3
10003aa0:	4293      	cmp	r3, r2
10003aa2:	d2fb      	bcs.n	10003a9c <tu_fifo_write+0x48>
10003aa4:	88e2      	ldrh	r2, [r4, #6]
10003aa6:	6820      	ldr	r0, [r4, #0]
10003aa8:	0452      	lsls	r2, r2, #17
10003aaa:	0c52      	lsrs	r2, r2, #17
10003aac:	4353      	muls	r3, r2
10003aae:	0031      	movs	r1, r6
10003ab0:	18c0      	adds	r0, r0, r3
10003ab2:	f7fe f8bd 	bl	10001c30 <__wrap___aeabi_memcpy>
10003ab6:	1c6b      	adds	r3, r5, #1
10003ab8:	b29b      	uxth	r3, r3
10003aba:	88a2      	ldrh	r2, [r4, #4]
10003abc:	429d      	cmp	r5, r3
10003abe:	d918      	bls.n	10003af2 <tu_fifo_write+0x9e>
10003ac0:	2300      	movs	r3, #0
10003ac2:	0052      	lsls	r2, r2, #1
10003ac4:	1a9b      	subs	r3, r3, r2
10003ac6:	b29b      	uxth	r3, r3
10003ac8:	2701      	movs	r7, #1
10003aca:	8123      	strh	r3, [r4, #8]
10003acc:	e7dc      	b.n	10003a88 <tu_fifo_write+0x34>
10003ace:	0051      	lsls	r1, r2, #1
10003ad0:	1bc9      	subs	r1, r1, r7
10003ad2:	185b      	adds	r3, r3, r1
10003ad4:	b29b      	uxth	r3, r3
10003ad6:	e7d2      	b.n	10003a7e <tu_fifo_write+0x2a>
10003ad8:	002b      	movs	r3, r5
10003ada:	88e2      	ldrh	r2, [r4, #6]
10003adc:	6820      	ldr	r0, [r4, #0]
10003ade:	0452      	lsls	r2, r2, #17
10003ae0:	0c52      	lsrs	r2, r2, #17
10003ae2:	4353      	muls	r3, r2
10003ae4:	0031      	movs	r1, r6
10003ae6:	18c0      	adds	r0, r0, r3
10003ae8:	f7fe f8a2 	bl	10001c30 <__wrap___aeabi_memcpy>
10003aec:	3501      	adds	r5, #1
10003aee:	88a2      	ldrh	r2, [r4, #4]
10003af0:	b2ab      	uxth	r3, r5
10003af2:	0052      	lsls	r2, r2, #1
10003af4:	4293      	cmp	r3, r2
10003af6:	dbe7      	blt.n	10003ac8 <tu_fifo_write+0x74>
10003af8:	e7e4      	b.n	10003ac4 <tu_fifo_write+0x70>
10003afa:	46c0      	nop			@ (mov r8, r8)

10003afc <tu_fifo_write_n>:
10003afc:	b5f0      	push	{r4, r5, r6, r7, lr}
10003afe:	4657      	mov	r7, sl
10003b00:	4645      	mov	r5, r8
10003b02:	46de      	mov	lr, fp
10003b04:	464e      	mov	r6, r9
10003b06:	b5e0      	push	{r5, r6, r7, lr}
10003b08:	0014      	movs	r4, r2
10003b0a:	0005      	movs	r5, r0
10003b0c:	000f      	movs	r7, r1
10003b0e:	b083      	sub	sp, #12
10003b10:	2a00      	cmp	r2, #0
10003b12:	d075      	beq.n	10003c00 <tu_fifo_write_n+0x104>
10003b14:	68c0      	ldr	r0, [r0, #12]
10003b16:	2800      	cmp	r0, #0
10003b18:	d003      	beq.n	10003b22 <tu_fifo_write_n+0x26>
10003b1a:	2101      	movs	r1, #1
10003b1c:	4249      	negs	r1, r1
10003b1e:	f000 f9fb 	bl	10003f18 <__mutex_enter_timeout_ms_veneer>
10003b22:	892e      	ldrh	r6, [r5, #8]
10003b24:	79e9      	ldrb	r1, [r5, #7]
10003b26:	896a      	ldrh	r2, [r5, #10]
10003b28:	88ab      	ldrh	r3, [r5, #4]
10003b2a:	b2b6      	uxth	r6, r6
10003b2c:	b292      	uxth	r2, r2
10003b2e:	09c9      	lsrs	r1, r1, #7
10003b30:	d145      	bne.n	10003bbe <tu_fifo_write_n+0xc2>
10003b32:	4296      	cmp	r6, r2
10003b34:	d300      	bcc.n	10003b38 <tu_fifo_write_n+0x3c>
10003b36:	e06d      	b.n	10003c14 <tu_fifo_write_n+0x118>
10003b38:	0059      	lsls	r1, r3, #1
10003b3a:	1a8a      	subs	r2, r1, r2
10003b3c:	18b2      	adds	r2, r6, r2
10003b3e:	b292      	uxth	r2, r2
10003b40:	2100      	movs	r1, #0
10003b42:	4689      	mov	r9, r1
10003b44:	429a      	cmp	r2, r3
10003b46:	d234      	bcs.n	10003bb2 <tu_fifo_write_n+0xb6>
10003b48:	1a9a      	subs	r2, r3, r2
10003b4a:	1c11      	adds	r1, r2, #0
10003b4c:	b292      	uxth	r2, r2
10003b4e:	42a2      	cmp	r2, r4
10003b50:	d900      	bls.n	10003b54 <tu_fifo_write_n+0x58>
10003b52:	1c21      	adds	r1, r4, #0
10003b54:	b28a      	uxth	r2, r1
10003b56:	4691      	mov	r9, r2
10003b58:	88ea      	ldrh	r2, [r5, #6]
10003b5a:	0452      	lsls	r2, r2, #17
10003b5c:	0c52      	lsrs	r2, r2, #17
10003b5e:	4690      	mov	r8, r2
10003b60:	464a      	mov	r2, r9
10003b62:	18b2      	adds	r2, r6, r2
10003b64:	b292      	uxth	r2, r2
10003b66:	4692      	mov	sl, r2
10003b68:	464a      	mov	r2, r9
10003b6a:	1ad2      	subs	r2, r2, r3
10003b6c:	b292      	uxth	r2, r2
10003b6e:	4693      	mov	fp, r2
10003b70:	0034      	movs	r4, r6
10003b72:	429e      	cmp	r6, r3
10003b74:	d303      	bcc.n	10003b7e <tu_fifo_write_n+0x82>
10003b76:	1ae4      	subs	r4, r4, r3
10003b78:	b2a4      	uxth	r4, r4
10003b7a:	429c      	cmp	r4, r3
10003b7c:	d2fb      	bcs.n	10003b76 <tu_fifo_write_n+0x7a>
10003b7e:	4642      	mov	r2, r8
10003b80:	4362      	muls	r2, r4
10003b82:	6828      	ldr	r0, [r5, #0]
10003b84:	1b1b      	subs	r3, r3, r4
10003b86:	b29b      	uxth	r3, r3
10003b88:	1880      	adds	r0, r0, r2
10003b8a:	4642      	mov	r2, r8
10003b8c:	454b      	cmp	r3, r9
10003b8e:	d354      	bcc.n	10003c3a <tu_fifo_write_n+0x13e>
10003b90:	464b      	mov	r3, r9
10003b92:	0039      	movs	r1, r7
10003b94:	435a      	muls	r2, r3
10003b96:	f7fe f84b 	bl	10001c30 <__wrap___aeabi_memcpy>
10003b9a:	88ab      	ldrh	r3, [r5, #4]
10003b9c:	005b      	lsls	r3, r3, #1
10003b9e:	4556      	cmp	r6, sl
10003ba0:	d801      	bhi.n	10003ba6 <tu_fifo_write_n+0xaa>
10003ba2:	459a      	cmp	sl, r3
10003ba4:	db03      	blt.n	10003bae <tu_fifo_write_n+0xb2>
10003ba6:	4652      	mov	r2, sl
10003ba8:	1ad3      	subs	r3, r2, r3
10003baa:	b29b      	uxth	r3, r3
10003bac:	469a      	mov	sl, r3
10003bae:	4653      	mov	r3, sl
10003bb0:	812b      	strh	r3, [r5, #8]
10003bb2:	68e8      	ldr	r0, [r5, #12]
10003bb4:	2800      	cmp	r0, #0
10003bb6:	d025      	beq.n	10003c04 <tu_fifo_write_n+0x108>
10003bb8:	f000 f996 	bl	10003ee8 <__mutex_exit_veneer>
10003bbc:	e022      	b.n	10003c04 <tu_fifo_write_n+0x108>
10003bbe:	88e9      	ldrh	r1, [r5, #6]
10003bc0:	0449      	lsls	r1, r1, #17
10003bc2:	0c49      	lsrs	r1, r1, #17
10003bc4:	4688      	mov	r8, r1
10003bc6:	429c      	cmp	r4, r3
10003bc8:	d227      	bcs.n	10003c1a <tu_fifo_write_n+0x11e>
10003bca:	4296      	cmp	r6, r2
10003bcc:	d347      	bcc.n	10003c5e <tu_fifo_write_n+0x162>
10003bce:	1ab1      	subs	r1, r6, r2
10003bd0:	b289      	uxth	r1, r1
10003bd2:	468c      	mov	ip, r1
10003bd4:	0058      	lsls	r0, r3, #1
10003bd6:	1ae1      	subs	r1, r4, r3
10003bd8:	b289      	uxth	r1, r1
10003bda:	468b      	mov	fp, r1
10003bdc:	4661      	mov	r1, ip
10003bde:	1909      	adds	r1, r1, r4
10003be0:	4281      	cmp	r1, r0
10003be2:	db08      	blt.n	10003bf6 <tu_fifo_write_n+0xfa>
10003be4:	18d1      	adds	r1, r2, r3
10003be6:	b289      	uxth	r1, r1
10003be8:	1b0e      	subs	r6, r1, r4
10003bea:	b2b6      	uxth	r6, r6
10003bec:	468a      	mov	sl, r1
10003bee:	42b2      	cmp	r2, r6
10003bf0:	d93b      	bls.n	10003c6a <tu_fifo_write_n+0x16e>
10003bf2:	1a36      	subs	r6, r6, r0
10003bf4:	b2b6      	uxth	r6, r6
10003bf6:	19a2      	adds	r2, r4, r6
10003bf8:	b292      	uxth	r2, r2
10003bfa:	4692      	mov	sl, r2
10003bfc:	46a1      	mov	r9, r4
10003bfe:	e7b7      	b.n	10003b70 <tu_fifo_write_n+0x74>
10003c00:	2300      	movs	r3, #0
10003c02:	4699      	mov	r9, r3
10003c04:	4648      	mov	r0, r9
10003c06:	b003      	add	sp, #12
10003c08:	bcf0      	pop	{r4, r5, r6, r7}
10003c0a:	46bb      	mov	fp, r7
10003c0c:	46b2      	mov	sl, r6
10003c0e:	46a9      	mov	r9, r5
10003c10:	46a0      	mov	r8, r4
10003c12:	bdf0      	pop	{r4, r5, r6, r7, pc}
10003c14:	1ab2      	subs	r2, r6, r2
10003c16:	b292      	uxth	r2, r2
10003c18:	e792      	b.n	10003b40 <tu_fifo_write_n+0x44>
10003c1a:	2100      	movs	r1, #0
10003c1c:	4689      	mov	r9, r1
10003c1e:	2b00      	cmp	r3, #0
10003c20:	d0c7      	beq.n	10003bb2 <tu_fifo_write_n+0xb6>
10003c22:	4641      	mov	r1, r8
10003c24:	1ae4      	subs	r4, r4, r3
10003c26:	434c      	muls	r4, r1
10003c28:	0016      	movs	r6, r2
10003c2a:	18d1      	adds	r1, r2, r3
10003c2c:	2200      	movs	r2, #0
10003c2e:	b289      	uxth	r1, r1
10003c30:	468a      	mov	sl, r1
10003c32:	4699      	mov	r9, r3
10003c34:	4693      	mov	fp, r2
10003c36:	193f      	adds	r7, r7, r4
10003c38:	e79a      	b.n	10003b70 <tu_fifo_write_n+0x74>
10003c3a:	4353      	muls	r3, r2
10003c3c:	b29b      	uxth	r3, r3
10003c3e:	001a      	movs	r2, r3
10003c40:	0039      	movs	r1, r7
10003c42:	445c      	add	r4, fp
10003c44:	9301      	str	r3, [sp, #4]
10003c46:	f7fd fff3 	bl	10001c30 <__wrap___aeabi_memcpy>
10003c4a:	4641      	mov	r1, r8
10003c4c:	0022      	movs	r2, r4
10003c4e:	434a      	muls	r2, r1
10003c50:	9b01      	ldr	r3, [sp, #4]
10003c52:	6828      	ldr	r0, [r5, #0]
10003c54:	b292      	uxth	r2, r2
10003c56:	18f9      	adds	r1, r7, r3
10003c58:	f7fd ffea 	bl	10001c30 <__wrap___aeabi_memcpy>
10003c5c:	e79d      	b.n	10003b9a <tu_fifo_write_n+0x9e>
10003c5e:	0058      	lsls	r0, r3, #1
10003c60:	1a81      	subs	r1, r0, r2
10003c62:	1871      	adds	r1, r6, r1
10003c64:	b289      	uxth	r1, r1
10003c66:	468c      	mov	ip, r1
10003c68:	e7b5      	b.n	10003bd6 <tu_fifo_write_n+0xda>
10003c6a:	46a1      	mov	r9, r4
10003c6c:	42b0      	cmp	r0, r6
10003c6e:	dd00      	ble.n	10003c72 <tu_fifo_write_n+0x176>
10003c70:	e77e      	b.n	10003b70 <tu_fifo_write_n+0x74>
10003c72:	e7be      	b.n	10003bf2 <tu_fifo_write_n+0xf6>

10003c74 <tu_fifo_clear>:
10003c74:	b510      	push	{r4, lr}
10003c76:	0004      	movs	r4, r0
10003c78:	68c0      	ldr	r0, [r0, #12]
10003c7a:	2800      	cmp	r0, #0
10003c7c:	d003      	beq.n	10003c86 <tu_fifo_clear+0x12>
10003c7e:	2101      	movs	r1, #1
10003c80:	4249      	negs	r1, r1
10003c82:	f000 f949 	bl	10003f18 <__mutex_enter_timeout_ms_veneer>
10003c86:	6920      	ldr	r0, [r4, #16]
10003c88:	2800      	cmp	r0, #0
10003c8a:	d003      	beq.n	10003c94 <tu_fifo_clear+0x20>
10003c8c:	2101      	movs	r1, #1
10003c8e:	4249      	negs	r1, r1
10003c90:	f000 f942 	bl	10003f18 <__mutex_enter_timeout_ms_veneer>
10003c94:	2300      	movs	r3, #0
10003c96:	68e0      	ldr	r0, [r4, #12]
10003c98:	8163      	strh	r3, [r4, #10]
10003c9a:	8123      	strh	r3, [r4, #8]
10003c9c:	2800      	cmp	r0, #0
10003c9e:	d001      	beq.n	10003ca4 <tu_fifo_clear+0x30>
10003ca0:	f000 f922 	bl	10003ee8 <__mutex_exit_veneer>
10003ca4:	6920      	ldr	r0, [r4, #16]
10003ca6:	2800      	cmp	r0, #0
10003ca8:	d001      	beq.n	10003cae <tu_fifo_clear+0x3a>
10003caa:	f000 f91d 	bl	10003ee8 <__mutex_exit_veneer>
10003cae:	2001      	movs	r0, #1
10003cb0:	bd10      	pop	{r4, pc}
10003cb2:	46c0      	nop			@ (mov r8, r8)

10003cb4 <tu_fifo_set_overwritable>:
10003cb4:	b570      	push	{r4, r5, r6, lr}
10003cb6:	0004      	movs	r4, r0
10003cb8:	68c0      	ldr	r0, [r0, #12]
10003cba:	000d      	movs	r5, r1
10003cbc:	2800      	cmp	r0, #0
10003cbe:	d003      	beq.n	10003cc8 <tu_fifo_set_overwritable+0x14>
10003cc0:	2101      	movs	r1, #1
10003cc2:	4249      	negs	r1, r1
10003cc4:	f000 f928 	bl	10003f18 <__mutex_enter_timeout_ms_veneer>
10003cc8:	6920      	ldr	r0, [r4, #16]
10003cca:	2800      	cmp	r0, #0
10003ccc:	d003      	beq.n	10003cd6 <tu_fifo_set_overwritable+0x22>
10003cce:	2101      	movs	r1, #1
10003cd0:	4249      	negs	r1, r1
10003cd2:	f000 f921 	bl	10003f18 <__mutex_enter_timeout_ms_veneer>
10003cd6:	217f      	movs	r1, #127	@ 0x7f
10003cd8:	79e3      	ldrb	r3, [r4, #7]
10003cda:	01ed      	lsls	r5, r5, #7
10003cdc:	4019      	ands	r1, r3
10003cde:	68e0      	ldr	r0, [r4, #12]
10003ce0:	4329      	orrs	r1, r5
10003ce2:	71e1      	strb	r1, [r4, #7]
10003ce4:	2800      	cmp	r0, #0
10003ce6:	d001      	beq.n	10003cec <tu_fifo_set_overwritable+0x38>
10003ce8:	f000 f8fe 	bl	10003ee8 <__mutex_exit_veneer>
10003cec:	6920      	ldr	r0, [r4, #16]
10003cee:	2800      	cmp	r0, #0
10003cf0:	d001      	beq.n	10003cf6 <tu_fifo_set_overwritable+0x42>
10003cf2:	f000 f8f9 	bl	10003ee8 <__mutex_exit_veneer>
10003cf6:	2001      	movs	r0, #1
10003cf8:	bd70      	pop	{r4, r5, r6, pc}
10003cfa:	46c0      	nop			@ (mov r8, r8)

10003cfc <board_init>:
10003cfc:	b510      	push	{r4, lr}
10003cfe:	2019      	movs	r0, #25
10003d00:	f7fc fc34 	bl	1000056c <gpio_init>
10003d04:	23d0      	movs	r3, #208	@ 0xd0
10003d06:	2280      	movs	r2, #128	@ 0x80
10003d08:	21e1      	movs	r1, #225	@ 0xe1
10003d0a:	061b      	lsls	r3, r3, #24
10003d0c:	0492      	lsls	r2, r2, #18
10003d0e:	625a      	str	r2, [r3, #36]	@ 0x24
10003d10:	4804      	ldr	r0, [pc, #16]	@ (10003d24 <board_init+0x28>)
10003d12:	4b05      	ldr	r3, [pc, #20]	@ (10003d28 <board_init+0x2c>)
10003d14:	2200      	movs	r2, #0
10003d16:	6018      	str	r0, [r3, #0]
10003d18:	0249      	lsls	r1, r1, #9
10003d1a:	2301      	movs	r3, #1
10003d1c:	f7fe f9ec 	bl	100020f8 <stdio_uart_init_full>
10003d20:	bd10      	pop	{r4, pc}
10003d22:	46c0      	nop			@ (mov r8, r8)
10003d24:	40034000 	.word	0x40034000
10003d28:	20001de8 	.word	0x20001de8

10003d2c <board_get_unique_id>:
10003d2c:	b530      	push	{r4, r5, lr}
10003d2e:	b083      	sub	sp, #12
10003d30:	0005      	movs	r5, r0
10003d32:	4668      	mov	r0, sp
10003d34:	000c      	movs	r4, r1
10003d36:	f000 f813 	bl	10003d60 <pico_get_unique_board_id>
10003d3a:	2c08      	cmp	r4, #8
10003d3c:	d900      	bls.n	10003d40 <board_get_unique_id+0x14>
10003d3e:	2408      	movs	r4, #8
10003d40:	0022      	movs	r2, r4
10003d42:	4669      	mov	r1, sp
10003d44:	0028      	movs	r0, r5
10003d46:	f7fd ff73 	bl	10001c30 <__wrap___aeabi_memcpy>
10003d4a:	0020      	movs	r0, r4
10003d4c:	b003      	add	sp, #12
10003d4e:	bd30      	pop	{r4, r5, pc}

10003d50 <_retrieve_unique_id_on_boot>:
10003d50:	b510      	push	{r4, lr}
10003d52:	4802      	ldr	r0, [pc, #8]	@ (10003d5c <_retrieve_unique_id_on_boot+0xc>)
10003d54:	f000 f80c 	bl	10003d70 <flash_get_unique_id>
10003d58:	bd10      	pop	{r4, pc}
10003d5a:	46c0      	nop			@ (mov r8, r8)
10003d5c:	20001dd4 	.word	0x20001dd4

10003d60 <pico_get_unique_board_id>:
10003d60:	b510      	push	{r4, lr}
10003d62:	2208      	movs	r2, #8
10003d64:	4901      	ldr	r1, [pc, #4]	@ (10003d6c <pico_get_unique_board_id+0xc>)
10003d66:	f7fd ff63 	bl	10001c30 <__wrap___aeabi_memcpy>
10003d6a:	bd10      	pop	{r4, pc}
10003d6c:	20001dd4 	.word	0x20001dd4

10003d70 <flash_get_unique_id>:
10003d70:	b510      	push	{r4, lr}
10003d72:	b088      	sub	sp, #32
10003d74:	0004      	movs	r4, r0
10003d76:	220d      	movs	r2, #13
10003d78:	2100      	movs	r1, #0
10003d7a:	4668      	mov	r0, sp
10003d7c:	f7fd ff52 	bl	10001c24 <__wrap_memset>
10003d80:	220d      	movs	r2, #13
10003d82:	2100      	movs	r1, #0
10003d84:	a804      	add	r0, sp, #16
10003d86:	f7fd ff4d 	bl	10001c24 <__wrap_memset>
10003d8a:	234b      	movs	r3, #75	@ 0x4b
10003d8c:	466a      	mov	r2, sp
10003d8e:	4668      	mov	r0, sp
10003d90:	7013      	strb	r3, [r2, #0]
10003d92:	a904      	add	r1, sp, #16
10003d94:	220d      	movs	r2, #13
10003d96:	f000 f89f 	bl	10003ed8 <__flash_do_cmd_veneer>
10003d9a:	2115      	movs	r1, #21
10003d9c:	2208      	movs	r2, #8
10003d9e:	0020      	movs	r0, r4
10003da0:	4469      	add	r1, sp
10003da2:	f7fd ff45 	bl	10001c30 <__wrap___aeabi_memcpy>
10003da6:	b008      	add	sp, #32
10003da8:	bd10      	pop	{r4, pc}
10003daa:	46c0      	nop			@ (mov r8, r8)

10003dac <atexit>:
10003dac:	b510      	push	{r4, lr}
10003dae:	0001      	movs	r1, r0
10003db0:	2300      	movs	r3, #0
10003db2:	2200      	movs	r2, #0
10003db4:	2000      	movs	r0, #0
10003db6:	f000 f843 	bl	10003e40 <__register_exitproc>
10003dba:	bd10      	pop	{r4, pc}

10003dbc <strlen>:
10003dbc:	b510      	push	{r4, lr}
10003dbe:	0783      	lsls	r3, r0, #30
10003dc0:	d00a      	beq.n	10003dd8 <strlen+0x1c>
10003dc2:	0003      	movs	r3, r0
10003dc4:	2103      	movs	r1, #3
10003dc6:	e002      	b.n	10003dce <strlen+0x12>
10003dc8:	3301      	adds	r3, #1
10003dca:	420b      	tst	r3, r1
10003dcc:	d005      	beq.n	10003dda <strlen+0x1e>
10003dce:	781a      	ldrb	r2, [r3, #0]
10003dd0:	2a00      	cmp	r2, #0
10003dd2:	d1f9      	bne.n	10003dc8 <strlen+0xc>
10003dd4:	1a18      	subs	r0, r3, r0
10003dd6:	bd10      	pop	{r4, pc}
10003dd8:	0003      	movs	r3, r0
10003dda:	6819      	ldr	r1, [r3, #0]
10003ddc:	4a0c      	ldr	r2, [pc, #48]	@ (10003e10 <strlen+0x54>)
10003dde:	4c0d      	ldr	r4, [pc, #52]	@ (10003e14 <strlen+0x58>)
10003de0:	188a      	adds	r2, r1, r2
10003de2:	438a      	bics	r2, r1
10003de4:	4222      	tst	r2, r4
10003de6:	d10f      	bne.n	10003e08 <strlen+0x4c>
10003de8:	6859      	ldr	r1, [r3, #4]
10003dea:	4a09      	ldr	r2, [pc, #36]	@ (10003e10 <strlen+0x54>)
10003dec:	3304      	adds	r3, #4
10003dee:	188a      	adds	r2, r1, r2
10003df0:	438a      	bics	r2, r1
10003df2:	4222      	tst	r2, r4
10003df4:	d108      	bne.n	10003e08 <strlen+0x4c>
10003df6:	6859      	ldr	r1, [r3, #4]
10003df8:	4a05      	ldr	r2, [pc, #20]	@ (10003e10 <strlen+0x54>)
10003dfa:	3304      	adds	r3, #4
10003dfc:	188a      	adds	r2, r1, r2
10003dfe:	438a      	bics	r2, r1
10003e00:	4222      	tst	r2, r4
10003e02:	d0f1      	beq.n	10003de8 <strlen+0x2c>
10003e04:	e000      	b.n	10003e08 <strlen+0x4c>
10003e06:	3301      	adds	r3, #1
10003e08:	781a      	ldrb	r2, [r3, #0]
10003e0a:	2a00      	cmp	r2, #0
10003e0c:	d1fb      	bne.n	10003e06 <strlen+0x4a>
10003e0e:	e7e1      	b.n	10003dd4 <strlen+0x18>
10003e10:	fefefeff 	.word	0xfefefeff
10003e14:	80808080 	.word	0x80808080

10003e18 <__libc_fini_array>:
10003e18:	b570      	push	{r4, r5, r6, lr}
10003e1a:	4c07      	ldr	r4, [pc, #28]	@ (10003e38 <__libc_fini_array+0x20>)
10003e1c:	4d07      	ldr	r5, [pc, #28]	@ (10003e3c <__libc_fini_array+0x24>)
10003e1e:	1b64      	subs	r4, r4, r5
10003e20:	10a4      	asrs	r4, r4, #2
10003e22:	d005      	beq.n	10003e30 <__libc_fini_array+0x18>
10003e24:	3c01      	subs	r4, #1
10003e26:	00a3      	lsls	r3, r4, #2
10003e28:	58eb      	ldr	r3, [r5, r3]
10003e2a:	4798      	blx	r3
10003e2c:	2c00      	cmp	r4, #0
10003e2e:	d1f9      	bne.n	10003e24 <__libc_fini_array+0xc>
10003e30:	f000 f84e 	bl	10003ed0 <_fini>
10003e34:	bd70      	pop	{r4, r5, r6, pc}
10003e36:	46c0      	nop			@ (mov r8, r8)
10003e38:	10003fc0 	.word	0x10003fc0
10003e3c:	10003fc0 	.word	0x10003fc0

10003e40 <__register_exitproc>:
10003e40:	b5f0      	push	{r4, r5, r6, r7, lr}
10003e42:	46c6      	mov	lr, r8
10003e44:	4c1a      	ldr	r4, [pc, #104]	@ (10003eb0 <__register_exitproc+0x70>)
10003e46:	b500      	push	{lr}
10003e48:	6825      	ldr	r5, [r4, #0]
10003e4a:	2d00      	cmp	r5, #0
10003e4c:	d02a      	beq.n	10003ea4 <__register_exitproc+0x64>
10003e4e:	686c      	ldr	r4, [r5, #4]
10003e50:	2c1f      	cmp	r4, #31
10003e52:	dc2a      	bgt.n	10003eaa <__register_exitproc+0x6a>
10003e54:	2800      	cmp	r0, #0
10003e56:	d108      	bne.n	10003e6a <__register_exitproc+0x2a>
10003e58:	2000      	movs	r0, #0
10003e5a:	1c63      	adds	r3, r4, #1
10003e5c:	3402      	adds	r4, #2
10003e5e:	00a4      	lsls	r4, r4, #2
10003e60:	606b      	str	r3, [r5, #4]
10003e62:	5161      	str	r1, [r4, r5]
10003e64:	bc80      	pop	{r7}
10003e66:	46b8      	mov	r8, r7
10003e68:	bdf0      	pop	{r4, r5, r6, r7, pc}
10003e6a:	2788      	movs	r7, #136	@ 0x88
10003e6c:	00a6      	lsls	r6, r4, #2
10003e6e:	19ae      	adds	r6, r5, r6
10003e70:	51f2      	str	r2, [r6, r7]
10003e72:	3701      	adds	r7, #1
10003e74:	37ff      	adds	r7, #255	@ 0xff
10003e76:	46bc      	mov	ip, r7
10003e78:	2201      	movs	r2, #1
10003e7a:	44ac      	add	ip, r5
10003e7c:	4667      	mov	r7, ip
10003e7e:	40a2      	lsls	r2, r4
10003e80:	683f      	ldr	r7, [r7, #0]
10003e82:	4690      	mov	r8, r2
10003e84:	4317      	orrs	r7, r2
10003e86:	4662      	mov	r2, ip
10003e88:	6017      	str	r7, [r2, #0]
10003e8a:	2784      	movs	r7, #132	@ 0x84
10003e8c:	007f      	lsls	r7, r7, #1
10003e8e:	51f3      	str	r3, [r6, r7]
10003e90:	2802      	cmp	r0, #2
10003e92:	d1e1      	bne.n	10003e58 <__register_exitproc+0x18>
10003e94:	0028      	movs	r0, r5
10003e96:	4642      	mov	r2, r8
10003e98:	308d      	adds	r0, #141	@ 0x8d
10003e9a:	30ff      	adds	r0, #255	@ 0xff
10003e9c:	6803      	ldr	r3, [r0, #0]
10003e9e:	4313      	orrs	r3, r2
10003ea0:	6003      	str	r3, [r0, #0]
10003ea2:	e7d9      	b.n	10003e58 <__register_exitproc+0x18>
10003ea4:	4d03      	ldr	r5, [pc, #12]	@ (10003eb4 <__register_exitproc+0x74>)
10003ea6:	6025      	str	r5, [r4, #0]
10003ea8:	e7d1      	b.n	10003e4e <__register_exitproc+0xe>
10003eaa:	2001      	movs	r0, #1
10003eac:	4240      	negs	r0, r0
10003eae:	e7d9      	b.n	10003e64 <__register_exitproc+0x24>
10003eb0:	20001564 	.word	0x20001564
10003eb4:	200013d4 	.word	0x200013d4

10003eb8 <register_fini>:
10003eb8:	4b03      	ldr	r3, [pc, #12]	@ (10003ec8 <register_fini+0x10>)
10003eba:	b510      	push	{r4, lr}
10003ebc:	2b00      	cmp	r3, #0
10003ebe:	d002      	beq.n	10003ec6 <register_fini+0xe>
10003ec0:	4802      	ldr	r0, [pc, #8]	@ (10003ecc <register_fini+0x14>)
10003ec2:	f7ff ff73 	bl	10003dac <atexit>
10003ec6:	bd10      	pop	{r4, pc}
10003ec8:	00000000 	.word	0x00000000
10003ecc:	10003e19 	.word	0x10003e19

10003ed0 <_fini>:
10003ed0:	b5f8      	push	{r3, r4, r5, r6, r7, lr}
10003ed2:	46c0      	nop			@ (mov r8, r8)
10003ed4:	0000      	movs	r0, r0
	...

10003ed8 <__flash_do_cmd_veneer>:
10003ed8:	b401      	push	{r0}
10003eda:	4802      	ldr	r0, [pc, #8]	@ (10003ee4 <__flash_do_cmd_veneer+0xc>)
10003edc:	4684      	mov	ip, r0
10003ede:	bc01      	pop	{r0}
10003ee0:	4760      	bx	ip
10003ee2:	bf00      	nop
10003ee4:	20000e09 	.word	0x20000e09

10003ee8 <__mutex_exit_veneer>:
10003ee8:	b401      	push	{r0}
10003eea:	4802      	ldr	r0, [pc, #8]	@ (10003ef4 <__mutex_exit_veneer+0xc>)
10003eec:	4684      	mov	ip, r0
10003eee:	bc01      	pop	{r0}
10003ef0:	4760      	bx	ip
10003ef2:	bf00      	nop
10003ef4:	200001ed 	.word	0x200001ed

10003ef8 <__reset_non_control_endpoints_veneer>:
10003ef8:	b401      	push	{r0}
10003efa:	4802      	ldr	r0, [pc, #8]	@ (10003f04 <__reset_non_control_endpoints_veneer+0xc>)
10003efc:	4684      	mov	ip, r0
10003efe:	bc01      	pop	{r0}
10003f00:	4760      	bx	ip
10003f02:	bf00      	nop
10003f04:	20000215 	.word	0x20000215

10003f08 <____aeabi_idiv0_veneer>:
10003f08:	b401      	push	{r0}
10003f0a:	4802      	ldr	r0, [pc, #8]	@ (10003f14 <____aeabi_idiv0_veneer+0xc>)
10003f0c:	4684      	mov	ip, r0
10003f0e:	bc01      	pop	{r0}
10003f10:	4760      	bx	ip
10003f12:	bf00      	nop
10003f14:	20000ed9 	.word	0x20000ed9

10003f18 <__mutex_enter_timeout_ms_veneer>:
10003f18:	b401      	push	{r0}
10003f1a:	4802      	ldr	r0, [pc, #8]	@ (10003f24 <__mutex_enter_timeout_ms_veneer+0xc>)
10003f1c:	4684      	mov	ip, r0
10003f1e:	bc01      	pop	{r0}
10003f20:	4760      	bx	ip
10003f22:	bf00      	nop
10003f24:	2000015d 	.word	0x2000015d

10003f28 <__e15_is_critical_frame_period_veneer>:
10003f28:	b401      	push	{r0}
10003f2a:	4802      	ldr	r0, [pc, #8]	@ (10003f34 <__e15_is_critical_frame_period_veneer+0xc>)
10003f2c:	4684      	mov	ip, r0
10003f2e:	bc01      	pop	{r0}
10003f30:	4760      	bx	ip
10003f32:	bf00      	nop
10003f34:	20000a39 	.word	0x20000a39

10003f38 <__e15_is_bulkin_ep_veneer>:
10003f38:	b401      	push	{r0}
10003f3a:	4802      	ldr	r0, [pc, #8]	@ (10003f44 <__e15_is_bulkin_ep_veneer+0xc>)
10003f3c:	4684      	mov	ip, r0
10003f3e:	bc01      	pop	{r0}
10003f40:	4760      	bx	ip
10003f42:	bf00      	nop
10003f44:	20000a11 	.word	0x20000a11

10003f48 <__mutex_try_enter_block_until_veneer>:
10003f48:	b401      	push	{r0}
10003f4a:	4802      	ldr	r0, [pc, #8]	@ (10003f54 <__mutex_try_enter_block_until_veneer+0xc>)
10003f4c:	4684      	mov	ip, r0
10003f4e:	bc01      	pop	{r0}
10003f50:	4760      	bx	ip
10003f52:	bf00      	nop
10003f54:	200000c1 	.word	0x200000c1

10003f58 <__hw_endpoint_start_next_buffer_veneer>:
10003f58:	b401      	push	{r0}
10003f5a:	4802      	ldr	r0, [pc, #8]	@ (10003f64 <__hw_endpoint_start_next_buffer_veneer+0xc>)
10003f5c:	4684      	mov	ip, r0
10003f5e:	bc01      	pop	{r0}
10003f60:	4760      	bx	ip
10003f62:	bf00      	nop
10003f64:	20000ac9 	.word	0x20000ac9

10003f68 <___hw_endpoint_buffer_control_update32_veneer>:
10003f68:	b401      	push	{r0}
10003f6a:	4802      	ldr	r0, [pc, #8]	@ (10003f74 <___hw_endpoint_buffer_control_update32_veneer+0xc>)
10003f6c:	4684      	mov	ip, r0
10003f6e:	bc01      	pop	{r0}
10003f70:	4760      	bx	ip
10003f72:	bf00      	nop
10003f74:	20000a79 	.word	0x20000a79

10003f78 <__pre_init_runtime_init_early_resets>:
10003f78:	10001815                                ....

10003f7c <__pre_init_runtime_init_usb_power_down>:
10003f7c:	10001841 10001a25 10001c15 10001a81     A...%...........
10003f8c:	10001b85                                ....

10003f90 <__pre_init_runtime_init_clocks>:
10003f90:	1000194d                                M...

10003f94 <__pre_init_runtime_init_post_clock_resets>:
10003f94:	1000185d                                ]...

10003f98 <__pre_init_runtime_init_rp2040_gpio_ie_disable>:
10003f98:	1000187d                                }...

10003f9c <__pre_init_runtime_init_spin_locks_reset>:
10003f9c:	10001891                                ....

10003fa0 <__pre_init_runtime_init_mutex>:
10003fa0:	10000c49                                I...

10003fa4 <__pre_init_runtime_init_install_ram_vector_table>:
10003fa4:	10001899                                ....

10003fa8 <__pre_init_runtime_init_default_alarm_pool>:
10003fa8:	10000ffd                                ....

10003fac <__pre_init_first_per_core_initializer>:
10003fac:	100017dd                                ....

10003fb0 <__pre_init_runtime_init_per_core_irq_priorities>:
10003fb0:	10000721                                !...

10003fb4 <__init_array_start>:
10003fb4:	10003eb9 	.word	0x10003eb9
10003fb8:	10003d51 	.word	0x10003d51

10003fbc <__frame_dummy_init_array_entry>:
10003fbc:	100002fd                                ....

Disassembly of section .data:

200000c0 <mutex_try_enter_block_until>:
200000c0:	b5f0      	push	{r4, r5, r6, r7, lr}
200000c2:	46c6      	mov	lr, r8
200000c4:	0015      	movs	r5, r2
200000c6:	b500      	push	{lr}
200000c8:	0004      	movs	r4, r0
200000ca:	001e      	movs	r6, r3
200000cc:	6802      	ldr	r2, [r0, #0]
200000ce:	f3ef 8110 	mrs	r1, PRIMASK
200000d2:	b672      	cpsid	i
200000d4:	6813      	ldr	r3, [r2, #0]
200000d6:	2b00      	cmp	r3, #0
200000d8:	d0fc      	beq.n	200000d4 <mutex_try_enter_block_until+0x14>
200000da:	f3bf 8f5f 	dmb	sy
200000de:	2304      	movs	r3, #4
200000e0:	56e3      	ldrsb	r3, [r4, r3]
200000e2:	2b00      	cmp	r3, #0
200000e4:	db2d      	blt.n	20000142 <mutex_try_enter_block_until+0x82>
200000e6:	6822      	ldr	r2, [r4, #0]
200000e8:	f3bf 8f5f 	dmb	sy
200000ec:	2000      	movs	r0, #0
200000ee:	6010      	str	r0, [r2, #0]
200000f0:	f381 8810 	msr	PRIMASK, r1
200000f4:	22d0      	movs	r2, #208	@ 0xd0
200000f6:	0612      	lsls	r2, r2, #24
200000f8:	7812      	ldrb	r2, [r2, #0]
200000fa:	b252      	sxtb	r2, r2
200000fc:	4690      	mov	r8, r2
200000fe:	429a      	cmp	r2, r3
20000100:	d103      	bne.n	2000010a <mutex_try_enter_block_until+0x4a>
20000102:	2000      	movs	r0, #0
20000104:	bc80      	pop	{r7}
20000106:	46b8      	mov	r8, r7
20000108:	bdf0      	pop	{r4, r5, r6, r7, pc}
2000010a:	2700      	movs	r7, #0
2000010c:	e00b      	b.n	20000126 <mutex_try_enter_block_until+0x66>
2000010e:	6823      	ldr	r3, [r4, #0]
20000110:	f3bf 8f5f 	dmb	sy
20000114:	601f      	str	r7, [r3, #0]
20000116:	f381 8810 	msr	PRIMASK, r1
2000011a:	0028      	movs	r0, r5
2000011c:	0031      	movs	r1, r6
2000011e:	f000 ff07 	bl	20000f30 <__best_effort_wfe_or_timeout_veneer>
20000122:	2800      	cmp	r0, #0
20000124:	d1ed      	bne.n	20000102 <mutex_try_enter_block_until+0x42>
20000126:	6822      	ldr	r2, [r4, #0]
20000128:	f3ef 8110 	mrs	r1, PRIMASK
2000012c:	b672      	cpsid	i
2000012e:	6813      	ldr	r3, [r2, #0]
20000130:	2b00      	cmp	r3, #0
20000132:	d0fc      	beq.n	2000012e <mutex_try_enter_block_until+0x6e>
20000134:	f3bf 8f5f 	dmb	sy
20000138:	7923      	ldrb	r3, [r4, #4]
2000013a:	2b7f      	cmp	r3, #127	@ 0x7f
2000013c:	d9e7      	bls.n	2000010e <mutex_try_enter_block_until+0x4e>
2000013e:	4643      	mov	r3, r8
20000140:	e002      	b.n	20000148 <mutex_try_enter_block_until+0x88>
20000142:	23d0      	movs	r3, #208	@ 0xd0
20000144:	061b      	lsls	r3, r3, #24
20000146:	681b      	ldr	r3, [r3, #0]
20000148:	7123      	strb	r3, [r4, #4]
2000014a:	6823      	ldr	r3, [r4, #0]
2000014c:	f3bf 8f5f 	dmb	sy
20000150:	2200      	movs	r2, #0
20000152:	601a      	str	r2, [r3, #0]
20000154:	f381 8810 	msr	PRIMASK, r1
20000158:	2001      	movs	r0, #1
2000015a:	e7d3      	b.n	20000104 <mutex_try_enter_block_until+0x44>

2000015c <mutex_enter_timeout_ms>:
2000015c:	b5f0      	push	{r4, r5, r6, r7, lr}
2000015e:	46c6      	mov	lr, r8
20000160:	b500      	push	{lr}
20000162:	000d      	movs	r5, r1
20000164:	0004      	movs	r4, r0
20000166:	f000 fed3 	bl	20000f10 <__time_us_64_veneer>
2000016a:	22fa      	movs	r2, #250	@ 0xfa
2000016c:	0006      	movs	r6, r0
2000016e:	000f      	movs	r7, r1
20000170:	2300      	movs	r3, #0
20000172:	0028      	movs	r0, r5
20000174:	2100      	movs	r1, #0
20000176:	0092      	lsls	r2, r2, #2
20000178:	f000 fec2 	bl	20000f00 <____wrap___aeabi_lmul_veneer>
2000017c:	2380      	movs	r3, #128	@ 0x80
2000017e:	1836      	adds	r6, r6, r0
20000180:	414f      	adcs	r7, r1
20000182:	061b      	lsls	r3, r3, #24
20000184:	429f      	cmp	r7, r3
20000186:	d302      	bcc.n	2000018e <mutex_enter_timeout_ms+0x32>
20000188:	2601      	movs	r6, #1
2000018a:	4f17      	ldr	r7, [pc, #92]	@ (200001e8 <mutex_enter_timeout_ms+0x8c>)
2000018c:	4276      	negs	r6, r6
2000018e:	23d0      	movs	r3, #208	@ 0xd0
20000190:	061b      	lsls	r3, r3, #24
20000192:	681b      	ldr	r3, [r3, #0]
20000194:	2500      	movs	r5, #0
20000196:	4698      	mov	r8, r3
20000198:	e00b      	b.n	200001b2 <mutex_enter_timeout_ms+0x56>
2000019a:	6823      	ldr	r3, [r4, #0]
2000019c:	f3bf 8f5f 	dmb	sy
200001a0:	601d      	str	r5, [r3, #0]
200001a2:	f381 8810 	msr	PRIMASK, r1
200001a6:	0030      	movs	r0, r6
200001a8:	0039      	movs	r1, r7
200001aa:	f000 fec1 	bl	20000f30 <__best_effort_wfe_or_timeout_veneer>
200001ae:	2800      	cmp	r0, #0
200001b0:	d118      	bne.n	200001e4 <mutex_enter_timeout_ms+0x88>
200001b2:	6822      	ldr	r2, [r4, #0]
200001b4:	f3ef 8110 	mrs	r1, PRIMASK
200001b8:	b672      	cpsid	i
200001ba:	6813      	ldr	r3, [r2, #0]
200001bc:	2b00      	cmp	r3, #0
200001be:	d0fc      	beq.n	200001ba <mutex_enter_timeout_ms+0x5e>
200001c0:	f3bf 8f5f 	dmb	sy
200001c4:	7923      	ldrb	r3, [r4, #4]
200001c6:	2b7f      	cmp	r3, #127	@ 0x7f
200001c8:	d9e7      	bls.n	2000019a <mutex_enter_timeout_ms+0x3e>
200001ca:	4643      	mov	r3, r8
200001cc:	7123      	strb	r3, [r4, #4]
200001ce:	6823      	ldr	r3, [r4, #0]
200001d0:	f3bf 8f5f 	dmb	sy
200001d4:	2200      	movs	r2, #0
200001d6:	601a      	str	r2, [r3, #0]
200001d8:	f381 8810 	msr	PRIMASK, r1
200001dc:	2001      	movs	r0, #1
200001de:	bc80      	pop	{r7}
200001e0:	46b8      	mov	r8, r7
200001e2:	bdf0      	pop	{r4, r5, r6, r7, pc}
200001e4:	2000      	movs	r0, #0
200001e6:	e7fa      	b.n	200001de <mutex_enter_timeout_ms+0x82>
200001e8:	7fffffff 	.word	0x7fffffff

200001ec <mutex_exit>:
200001ec:	6802      	ldr	r2, [r0, #0]
200001ee:	f3ef 8110 	mrs	r1, PRIMASK
200001f2:	b672      	cpsid	i
200001f4:	6813      	ldr	r3, [r2, #0]
200001f6:	2b00      	cmp	r3, #0
200001f8:	d0fc      	beq.n	200001f4 <mutex_exit+0x8>
200001fa:	f3bf 8f5f 	dmb	sy
200001fe:	23ff      	movs	r3, #255	@ 0xff
20000200:	7103      	strb	r3, [r0, #4]
20000202:	6803      	ldr	r3, [r0, #0]
20000204:	f3bf 8f5f 	dmb	sy
20000208:	2200      	movs	r2, #0
2000020a:	601a      	str	r2, [r3, #0]
2000020c:	f381 8810 	msr	PRIMASK, r1
20000210:	bf40      	sev
20000212:	4770      	bx	lr

20000214 <reset_non_control_endpoints>:
20000214:	2200      	movs	r2, #0
20000216:	4b15      	ldr	r3, [pc, #84]	@ (2000026c <reset_non_control_endpoints+0x58>)
20000218:	b510      	push	{r4, lr}
2000021a:	609a      	str	r2, [r3, #8]
2000021c:	60da      	str	r2, [r3, #12]
2000021e:	611a      	str	r2, [r3, #16]
20000220:	615a      	str	r2, [r3, #20]
20000222:	619a      	str	r2, [r3, #24]
20000224:	61da      	str	r2, [r3, #28]
20000226:	621a      	str	r2, [r3, #32]
20000228:	625a      	str	r2, [r3, #36]	@ 0x24
2000022a:	629a      	str	r2, [r3, #40]	@ 0x28
2000022c:	62da      	str	r2, [r3, #44]	@ 0x2c
2000022e:	631a      	str	r2, [r3, #48]	@ 0x30
20000230:	635a      	str	r2, [r3, #52]	@ 0x34
20000232:	639a      	str	r2, [r3, #56]	@ 0x38
20000234:	63da      	str	r2, [r3, #60]	@ 0x3c
20000236:	641a      	str	r2, [r3, #64]	@ 0x40
20000238:	645a      	str	r2, [r3, #68]	@ 0x44
2000023a:	649a      	str	r2, [r3, #72]	@ 0x48
2000023c:	64da      	str	r2, [r3, #76]	@ 0x4c
2000023e:	651a      	str	r2, [r3, #80]	@ 0x50
20000240:	655a      	str	r2, [r3, #84]	@ 0x54
20000242:	659a      	str	r2, [r3, #88]	@ 0x58
20000244:	65da      	str	r2, [r3, #92]	@ 0x5c
20000246:	661a      	str	r2, [r3, #96]	@ 0x60
20000248:	665a      	str	r2, [r3, #100]	@ 0x64
2000024a:	669a      	str	r2, [r3, #104]	@ 0x68
2000024c:	66da      	str	r2, [r3, #108]	@ 0x6c
2000024e:	671a      	str	r2, [r3, #112]	@ 0x70
20000250:	675a      	str	r2, [r3, #116]	@ 0x74
20000252:	679a      	str	r2, [r3, #120]	@ 0x78
20000254:	67da      	str	r2, [r3, #124]	@ 0x7c
20000256:	32f0      	adds	r2, #240	@ 0xf0
20000258:	0092      	lsls	r2, r2, #2
2000025a:	2100      	movs	r1, #0
2000025c:	4804      	ldr	r0, [pc, #16]	@ (20000270 <reset_non_control_endpoints+0x5c>)
2000025e:	f000 fe47 	bl	20000ef0 <____wrap_memset_veneer>
20000262:	4b04      	ldr	r3, [pc, #16]	@ (20000274 <reset_non_control_endpoints+0x60>)
20000264:	4a04      	ldr	r2, [pc, #16]	@ (20000278 <reset_non_control_endpoints+0x64>)
20000266:	601a      	str	r2, [r3, #0]
20000268:	bd10      	pop	{r4, pc}
2000026a:	46c0      	nop			@ (mov r8, r8)
2000026c:	50100000 	.word	0x50100000
20000270:	200019fc 	.word	0x200019fc
20000274:	20001dc0 	.word	0x20001dc0
20000278:	50100180 	.word	0x50100180

2000027c <hw_handle_buff_status>:
2000027c:	b5f0      	push	{r4, r5, r6, r7, lr}
2000027e:	464e      	mov	r6, r9
20000280:	4645      	mov	r5, r8
20000282:	46de      	mov	lr, fp
20000284:	4657      	mov	r7, sl
20000286:	b5e0      	push	{r5, r6, r7, lr}
20000288:	4b21      	ldr	r3, [pc, #132]	@ (20000310 <hw_handle_buff_status+0x94>)
2000028a:	2400      	movs	r4, #0
2000028c:	6d9e      	ldr	r6, [r3, #88]	@ 0x58
2000028e:	2501      	movs	r5, #1
20000290:	b085      	sub	sp, #20
20000292:	2e00      	cmp	r6, #0
20000294:	d022      	beq.n	200002dc <hw_handle_buff_status+0x60>
20000296:	4b1f      	ldr	r3, [pc, #124]	@ (20000314 <hw_handle_buff_status+0x98>)
20000298:	469a      	mov	sl, r3
2000029a:	2301      	movs	r3, #1
2000029c:	4699      	mov	r9, r3
2000029e:	4b1e      	ldr	r3, [pc, #120]	@ (20000318 <hw_handle_buff_status+0x9c>)
200002a0:	4698      	mov	r8, r3
200002a2:	e001      	b.n	200002a8 <hw_handle_buff_status+0x2c>
200002a4:	2c20      	cmp	r4, #32
200002a6:	d019      	beq.n	200002dc <hw_handle_buff_status+0x60>
200002a8:	002a      	movs	r2, r5
200002aa:	0023      	movs	r3, r4
200002ac:	3401      	adds	r4, #1
200002ae:	002f      	movs	r7, r5
200002b0:	4032      	ands	r2, r6
200002b2:	b2e4      	uxtb	r4, r4
200002b4:	006d      	lsls	r5, r5, #1
200002b6:	2a00      	cmp	r2, #0
200002b8:	d0f4      	beq.n	200002a4 <hw_handle_buff_status+0x28>
200002ba:	4652      	mov	r2, sl
200002bc:	6597      	str	r7, [r2, #88]	@ 0x58
200002be:	464a      	mov	r2, r9
200002c0:	085b      	lsrs	r3, r3, #1
200002c2:	005b      	lsls	r3, r3, #1
200002c4:	4022      	ands	r2, r4
200002c6:	189b      	adds	r3, r3, r2
200002c8:	015b      	lsls	r3, r3, #5
200002ca:	4443      	add	r3, r8
200002cc:	0018      	movs	r0, r3
200002ce:	469b      	mov	fp, r3
200002d0:	f000 fc30 	bl	20000b34 <hw_endpoint_xfer_continue>
200002d4:	2800      	cmp	r0, #0
200002d6:	d108      	bne.n	200002ea <hw_handle_buff_status+0x6e>
200002d8:	43be      	bics	r6, r7
200002da:	d1e3      	bne.n	200002a4 <hw_handle_buff_status+0x28>
200002dc:	b005      	add	sp, #20
200002de:	bcf0      	pop	{r4, r5, r6, r7}
200002e0:	46bb      	mov	fp, r7
200002e2:	46b2      	mov	sl, r6
200002e4:	46a9      	mov	r9, r5
200002e6:	46a0      	mov	r8, r4
200002e8:	bdf0      	pop	{r4, r5, r6, r7, pc}
200002ea:	465b      	mov	r3, fp
200002ec:	21e0      	movs	r1, #224	@ 0xe0
200002ee:	789a      	ldrb	r2, [r3, #2]
200002f0:	8adb      	ldrh	r3, [r3, #22]
200002f2:	a801      	add	r0, sp, #4
200002f4:	6083      	str	r3, [r0, #8]
200002f6:	2300      	movs	r3, #0
200002f8:	00c9      	lsls	r1, r1, #3
200002fa:	8001      	strh	r1, [r0, #0]
200002fc:	2101      	movs	r1, #1
200002fe:	7102      	strb	r2, [r0, #4]
20000300:	7143      	strb	r3, [r0, #5]
20000302:	f000 fc37 	bl	20000b74 <dcd_event_handler>
20000306:	4658      	mov	r0, fp
20000308:	f000 fbb0 	bl	20000a6c <hw_endpoint_reset_transfer>
2000030c:	e7e4      	b.n	200002d8 <hw_handle_buff_status+0x5c>
2000030e:	46c0      	nop			@ (mov r8, r8)
20000310:	50110000 	.word	0x50110000
20000314:	50113000 	.word	0x50113000
20000318:	200019bc 	.word	0x200019bc

2000031c <dcd_rp2040_irq>:
2000031c:	2398      	movs	r3, #152	@ 0x98
2000031e:	b5f0      	push	{r4, r5, r6, r7, lr}
20000320:	46c6      	mov	lr, r8
20000322:	4ac6      	ldr	r2, [pc, #792]	@ (2000063c <dcd_rp2040_irq+0x320>)
20000324:	b500      	push	{lr}
20000326:	58d5      	ldr	r5, [r2, r3]
20000328:	2380      	movs	r3, #128	@ 0x80
2000032a:	002e      	movs	r6, r5
2000032c:	029b      	lsls	r3, r3, #10
2000032e:	2410      	movs	r4, #16
20000330:	b084      	sub	sp, #16
20000332:	401e      	ands	r6, r3
20000334:	421d      	tst	r5, r3
20000336:	d073      	beq.n	20000420 <dcd_rp2040_irq+0x104>
20000338:	4bc1      	ldr	r3, [pc, #772]	@ (20000640 <dcd_rp2040_irq+0x324>)
2000033a:	4cc2      	ldr	r4, [pc, #776]	@ (20000644 <dcd_rp2040_irq+0x328>)
2000033c:	6a9a      	ldr	r2, [r3, #40]	@ 0x28
2000033e:	4bc2      	ldr	r3, [pc, #776]	@ (20000648 <dcd_rp2040_irq+0x32c>)
20000340:	2600      	movs	r6, #0
20000342:	601a      	str	r2, [r3, #0]
20000344:	233b      	movs	r3, #59	@ 0x3b
20000346:	5ce3      	ldrb	r3, [r4, r3]
20000348:	2b02      	cmp	r3, #2
2000034a:	d100      	bne.n	2000034e <dcd_rp2040_irq+0x32>
2000034c:	e0f4      	b.n	20000538 <dcd_rp2040_irq+0x21c>
2000034e:	237b      	movs	r3, #123	@ 0x7b
20000350:	5ce3      	ldrb	r3, [r4, r3]
20000352:	2b02      	cmp	r3, #2
20000354:	d100      	bne.n	20000358 <dcd_rp2040_irq+0x3c>
20000356:	e10c      	b.n	20000572 <dcd_rp2040_irq+0x256>
20000358:	23bb      	movs	r3, #187	@ 0xbb
2000035a:	5ce3      	ldrb	r3, [r4, r3]
2000035c:	2b02      	cmp	r3, #2
2000035e:	d100      	bne.n	20000362 <dcd_rp2040_irq+0x46>
20000360:	e0fb      	b.n	2000055a <dcd_rp2040_irq+0x23e>
20000362:	23fb      	movs	r3, #251	@ 0xfb
20000364:	5ce3      	ldrb	r3, [r4, r3]
20000366:	2b02      	cmp	r3, #2
20000368:	d100      	bne.n	2000036c <dcd_rp2040_irq+0x50>
2000036a:	e135      	b.n	200005d8 <dcd_rp2040_irq+0x2bc>
2000036c:	233c      	movs	r3, #60	@ 0x3c
2000036e:	33ff      	adds	r3, #255	@ 0xff
20000370:	5ce3      	ldrb	r3, [r4, r3]
20000372:	2b02      	cmp	r3, #2
20000374:	d100      	bne.n	20000378 <dcd_rp2040_irq+0x5c>
20000376:	e122      	b.n	200005be <dcd_rp2040_irq+0x2a2>
20000378:	237c      	movs	r3, #124	@ 0x7c
2000037a:	33ff      	adds	r3, #255	@ 0xff
2000037c:	5ce3      	ldrb	r3, [r4, r3]
2000037e:	2b02      	cmp	r3, #2
20000380:	d100      	bne.n	20000384 <dcd_rp2040_irq+0x68>
20000382:	e10f      	b.n	200005a4 <dcd_rp2040_irq+0x288>
20000384:	23bc      	movs	r3, #188	@ 0xbc
20000386:	33ff      	adds	r3, #255	@ 0xff
20000388:	5ce3      	ldrb	r3, [r4, r3]
2000038a:	2b02      	cmp	r3, #2
2000038c:	d100      	bne.n	20000390 <dcd_rp2040_irq+0x74>
2000038e:	e0fc      	b.n	2000058a <dcd_rp2040_irq+0x26e>
20000390:	23fc      	movs	r3, #252	@ 0xfc
20000392:	33ff      	adds	r3, #255	@ 0xff
20000394:	5ce3      	ldrb	r3, [r4, r3]
20000396:	2b02      	cmp	r3, #2
20000398:	d100      	bne.n	2000039c <dcd_rp2040_irq+0x80>
2000039a:	e1a6      	b.n	200006ea <dcd_rp2040_irq+0x3ce>
2000039c:	4bab      	ldr	r3, [pc, #684]	@ (2000064c <dcd_rp2040_irq+0x330>)
2000039e:	5ce3      	ldrb	r3, [r4, r3]
200003a0:	2b02      	cmp	r3, #2
200003a2:	d100      	bne.n	200003a6 <dcd_rp2040_irq+0x8a>
200003a4:	e196      	b.n	200006d4 <dcd_rp2040_irq+0x3b8>
200003a6:	4baa      	ldr	r3, [pc, #680]	@ (20000650 <dcd_rp2040_irq+0x334>)
200003a8:	5ce3      	ldrb	r3, [r4, r3]
200003aa:	2b02      	cmp	r3, #2
200003ac:	d100      	bne.n	200003b0 <dcd_rp2040_irq+0x94>
200003ae:	e185      	b.n	200006bc <dcd_rp2040_irq+0x3a0>
200003b0:	4ba8      	ldr	r3, [pc, #672]	@ (20000654 <dcd_rp2040_irq+0x338>)
200003b2:	5ce3      	ldrb	r3, [r4, r3]
200003b4:	2b02      	cmp	r3, #2
200003b6:	d100      	bne.n	200003ba <dcd_rp2040_irq+0x9e>
200003b8:	e174      	b.n	200006a4 <dcd_rp2040_irq+0x388>
200003ba:	4ba7      	ldr	r3, [pc, #668]	@ (20000658 <dcd_rp2040_irq+0x33c>)
200003bc:	5ce3      	ldrb	r3, [r4, r3]
200003be:	2b02      	cmp	r3, #2
200003c0:	d100      	bne.n	200003c4 <dcd_rp2040_irq+0xa8>
200003c2:	e163      	b.n	2000068c <dcd_rp2040_irq+0x370>
200003c4:	4ba5      	ldr	r3, [pc, #660]	@ (2000065c <dcd_rp2040_irq+0x340>)
200003c6:	5ce3      	ldrb	r3, [r4, r3]
200003c8:	2b02      	cmp	r3, #2
200003ca:	d100      	bne.n	200003ce <dcd_rp2040_irq+0xb2>
200003cc:	e12a      	b.n	20000624 <dcd_rp2040_irq+0x308>
200003ce:	4ba4      	ldr	r3, [pc, #656]	@ (20000660 <dcd_rp2040_irq+0x344>)
200003d0:	5ce3      	ldrb	r3, [r4, r3]
200003d2:	2b02      	cmp	r3, #2
200003d4:	d100      	bne.n	200003d8 <dcd_rp2040_irq+0xbc>
200003d6:	e10b      	b.n	200005f0 <dcd_rp2040_irq+0x2d4>
200003d8:	4ba2      	ldr	r3, [pc, #648]	@ (20000664 <dcd_rp2040_irq+0x348>)
200003da:	5ce3      	ldrb	r3, [r4, r3]
200003dc:	2b02      	cmp	r3, #2
200003de:	d100      	bne.n	200003e2 <dcd_rp2040_irq+0xc6>
200003e0:	e18f      	b.n	20000702 <dcd_rp2040_irq+0x3e6>
200003e2:	4ba1      	ldr	r3, [pc, #644]	@ (20000668 <dcd_rp2040_irq+0x34c>)
200003e4:	5ce3      	ldrb	r3, [r4, r3]
200003e6:	2b02      	cmp	r3, #2
200003e8:	d100      	bne.n	200003ec <dcd_rp2040_irq+0xd0>
200003ea:	e1a6      	b.n	2000073a <dcd_rp2040_irq+0x41e>
200003ec:	2e00      	cmp	r6, #0
200003ee:	d108      	bne.n	20000402 <dcd_rp2040_irq+0xe6>
200003f0:	4b9e      	ldr	r3, [pc, #632]	@ (2000066c <dcd_rp2040_irq+0x350>)
200003f2:	781b      	ldrb	r3, [r3, #0]
200003f4:	2b00      	cmp	r3, #0
200003f6:	d104      	bne.n	20000402 <dcd_rp2040_irq+0xe6>
200003f8:	2180      	movs	r1, #128	@ 0x80
200003fa:	4a9d      	ldr	r2, [pc, #628]	@ (20000670 <dcd_rp2040_irq+0x354>)
200003fc:	3390      	adds	r3, #144	@ 0x90
200003fe:	0289      	lsls	r1, r1, #10
20000400:	50d1      	str	r1, [r2, r3]
20000402:	22c0      	movs	r2, #192	@ 0xc0
20000404:	4b8d      	ldr	r3, [pc, #564]	@ (2000063c <dcd_rp2040_irq+0x320>)
20000406:	a801      	add	r0, sp, #4
20000408:	6c9b      	ldr	r3, [r3, #72]	@ 0x48
2000040a:	0092      	lsls	r2, r2, #2
2000040c:	055b      	lsls	r3, r3, #21
2000040e:	0d5b      	lsrs	r3, r3, #21
20000410:	2101      	movs	r1, #1
20000412:	2680      	movs	r6, #128	@ 0x80
20000414:	8002      	strh	r2, [r0, #0]
20000416:	6043      	str	r3, [r0, #4]
20000418:	f000 fbac 	bl	20000b74 <dcd_event_handler>
2000041c:	4c95      	ldr	r4, [pc, #596]	@ (20000674 <dcd_rp2040_irq+0x358>)
2000041e:	02b6      	lsls	r6, r6, #10
20000420:	06eb      	lsls	r3, r5, #27
20000422:	d500      	bpl.n	20000426 <dcd_rp2040_irq+0x10a>
20000424:	e07c      	b.n	20000520 <dcd_rp2040_irq+0x204>
20000426:	2380      	movs	r3, #128	@ 0x80
20000428:	025b      	lsls	r3, r3, #9
2000042a:	421d      	tst	r5, r3
2000042c:	d032      	beq.n	20000494 <dcd_rp2040_irq+0x178>
2000042e:	431e      	orrs	r6, r3
20000430:	2301      	movs	r3, #1
20000432:	2402      	movs	r4, #2
20000434:	4698      	mov	r8, r3
20000436:	4f83      	ldr	r7, [pc, #524]	@ (20000644 <dcd_rp2040_irq+0x328>)
20000438:	7ebb      	ldrb	r3, [r7, #26]
2000043a:	2b00      	cmp	r3, #0
2000043c:	d014      	beq.n	20000468 <dcd_rp2040_irq+0x14c>
2000043e:	f000 fd6f 	bl	20000f20 <__rp2040_chip_version_veneer>
20000442:	2801      	cmp	r0, #1
20000444:	d900      	bls.n	20000448 <dcd_rp2040_irq+0x12c>
20000446:	e06f      	b.n	20000528 <dcd_rp2040_irq+0x20c>
20000448:	22c0      	movs	r2, #192	@ 0xc0
2000044a:	2100      	movs	r1, #0
2000044c:	0038      	movs	r0, r7
2000044e:	0192      	lsls	r2, r2, #6
20000450:	f000 fb12 	bl	20000a78 <_hw_endpoint_buffer_control_update32>
20000454:	0038      	movs	r0, r7
20000456:	f000 fb09 	bl	20000a6c <hw_endpoint_reset_transfer>
2000045a:	f000 fd61 	bl	20000f20 <__rp2040_chip_version_veneer>
2000045e:	2801      	cmp	r0, #1
20000460:	d902      	bls.n	20000468 <dcd_rp2040_irq+0x14c>
20000462:	4b83      	ldr	r3, [pc, #524]	@ (20000670 <dcd_rp2040_irq+0x354>)
20000464:	665c      	str	r4, [r3, #100]	@ 0x64
20000466:	661c      	str	r4, [r3, #96]	@ 0x60
20000468:	4643      	mov	r3, r8
2000046a:	70fb      	strb	r3, [r7, #3]
2000046c:	3720      	adds	r7, #32
2000046e:	2c01      	cmp	r4, #1
20000470:	d001      	beq.n	20000476 <dcd_rp2040_irq+0x15a>
20000472:	2401      	movs	r4, #1
20000474:	e7e0      	b.n	20000438 <dcd_rp2040_irq+0x11c>
20000476:	23c0      	movs	r3, #192	@ 0xc0
20000478:	a801      	add	r0, sp, #4
2000047a:	00db      	lsls	r3, r3, #3
2000047c:	4a7e      	ldr	r2, [pc, #504]	@ (20000678 <dcd_rp2040_irq+0x35c>)
2000047e:	8003      	strh	r3, [r0, #0]
20000480:	ab02      	add	r3, sp, #8
20000482:	ca12      	ldmia	r2!, {r1, r4}
20000484:	c312      	stmia	r3!, {r1, r4}
20000486:	2101      	movs	r1, #1
20000488:	f000 fb74 	bl	20000b74 <dcd_event_handler>
2000048c:	2280      	movs	r2, #128	@ 0x80
2000048e:	4b78      	ldr	r3, [pc, #480]	@ (20000670 <dcd_rp2040_irq+0x354>)
20000490:	0292      	lsls	r2, r2, #10
20000492:	651a      	str	r2, [r3, #80]	@ 0x50
20000494:	2380      	movs	r3, #128	@ 0x80
20000496:	015b      	lsls	r3, r3, #5
20000498:	421d      	tst	r5, r3
2000049a:	d10e      	bne.n	200004ba <dcd_rp2040_irq+0x19e>
2000049c:	2380      	movs	r3, #128	@ 0x80
2000049e:	01db      	lsls	r3, r3, #7
200004a0:	421d      	tst	r5, r3
200004a2:	d121      	bne.n	200004e8 <dcd_rp2040_irq+0x1cc>
200004a4:	2380      	movs	r3, #128	@ 0x80
200004a6:	021b      	lsls	r3, r3, #8
200004a8:	421d      	tst	r5, r3
200004aa:	d12c      	bne.n	20000506 <dcd_rp2040_irq+0x1ea>
200004ac:	42ae      	cmp	r6, r5
200004ae:	d000      	beq.n	200004b2 <dcd_rp2040_irq+0x196>
200004b0:	e1c0      	b.n	20000834 <dcd_rp2040_irq+0x518>
200004b2:	b004      	add	sp, #16
200004b4:	bc80      	pop	{r7}
200004b6:	46b8      	mov	r8, r7
200004b8:	bdf0      	pop	{r4, r5, r6, r7, pc}
200004ba:	2400      	movs	r4, #0
200004bc:	431e      	orrs	r6, r3
200004be:	4b5f      	ldr	r3, [pc, #380]	@ (2000063c <dcd_rp2040_irq+0x320>)
200004c0:	601c      	str	r4, [r3, #0]
200004c2:	f7ff fea7 	bl	20000214 <reset_non_control_endpoints>
200004c6:	2380      	movs	r3, #128	@ 0x80
200004c8:	466a      	mov	r2, sp
200004ca:	005b      	lsls	r3, r3, #1
200004cc:	8093      	strh	r3, [r2, #4]
200004ce:	7214      	strb	r4, [r2, #8]
200004d0:	2101      	movs	r1, #1
200004d2:	a801      	add	r0, sp, #4
200004d4:	f000 fb4e 	bl	20000b74 <dcd_event_handler>
200004d8:	2280      	movs	r2, #128	@ 0x80
200004da:	4b65      	ldr	r3, [pc, #404]	@ (20000670 <dcd_rp2040_irq+0x354>)
200004dc:	0312      	lsls	r2, r2, #12
200004de:	651a      	str	r2, [r3, #80]	@ 0x50
200004e0:	2380      	movs	r3, #128	@ 0x80
200004e2:	01db      	lsls	r3, r3, #7
200004e4:	421d      	tst	r5, r3
200004e6:	d0dd      	beq.n	200004a4 <dcd_rp2040_irq+0x188>
200004e8:	431e      	orrs	r6, r3
200004ea:	2380      	movs	r3, #128	@ 0x80
200004ec:	a801      	add	r0, sp, #4
200004ee:	00db      	lsls	r3, r3, #3
200004f0:	8003      	strh	r3, [r0, #0]
200004f2:	2101      	movs	r1, #1
200004f4:	f000 fb3e 	bl	20000b74 <dcd_event_handler>
200004f8:	2210      	movs	r2, #16
200004fa:	4b5d      	ldr	r3, [pc, #372]	@ (20000670 <dcd_rp2040_irq+0x354>)
200004fc:	651a      	str	r2, [r3, #80]	@ 0x50
200004fe:	2380      	movs	r3, #128	@ 0x80
20000500:	021b      	lsls	r3, r3, #8
20000502:	421d      	tst	r5, r3
20000504:	d0d2      	beq.n	200004ac <dcd_rp2040_irq+0x190>
20000506:	431e      	orrs	r6, r3
20000508:	23a0      	movs	r3, #160	@ 0xa0
2000050a:	a801      	add	r0, sp, #4
2000050c:	00db      	lsls	r3, r3, #3
2000050e:	8003      	strh	r3, [r0, #0]
20000510:	2101      	movs	r1, #1
20000512:	f000 fb2f 	bl	20000b74 <dcd_event_handler>
20000516:	2280      	movs	r2, #128	@ 0x80
20000518:	4b55      	ldr	r3, [pc, #340]	@ (20000670 <dcd_rp2040_irq+0x354>)
2000051a:	0112      	lsls	r2, r2, #4
2000051c:	651a      	str	r2, [r3, #80]	@ 0x50
2000051e:	e7c5      	b.n	200004ac <dcd_rp2040_irq+0x190>
20000520:	f7ff feac 	bl	2000027c <hw_handle_buff_status>
20000524:	0026      	movs	r6, r4
20000526:	e77e      	b.n	20000426 <dcd_rp2040_irq+0x10a>
20000528:	4b54      	ldr	r3, [pc, #336]	@ (2000067c <dcd_rp2040_irq+0x360>)
2000052a:	4a44      	ldr	r2, [pc, #272]	@ (2000063c <dcd_rp2040_irq+0x320>)
2000052c:	661c      	str	r4, [r3, #96]	@ 0x60
2000052e:	6e53      	ldr	r3, [r2, #100]	@ 0x64
20000530:	4023      	ands	r3, r4
20000532:	42a3      	cmp	r3, r4
20000534:	d1fb      	bne.n	2000052e <dcd_rp2040_irq+0x212>
20000536:	e787      	b.n	20000448 <dcd_rp2040_irq+0x12c>
20000538:	3338      	adds	r3, #56	@ 0x38
2000053a:	5ce6      	ldrb	r6, [r4, r3]
2000053c:	2e00      	cmp	r6, #0
2000053e:	d100      	bne.n	20000542 <dcd_rp2040_irq+0x226>
20000540:	e705      	b.n	2000034e <dcd_rp2040_irq+0x32>
20000542:	3302      	adds	r3, #2
20000544:	5ce2      	ldrb	r2, [r4, r3]
20000546:	2a00      	cmp	r2, #0
20000548:	d100      	bne.n	2000054c <dcd_rp2040_irq+0x230>
2000054a:	e700      	b.n	2000034e <dcd_rp2040_irq+0x32>
2000054c:	0020      	movs	r0, r4
2000054e:	2200      	movs	r2, #0
20000550:	3020      	adds	r0, #32
20000552:	54e2      	strb	r2, [r4, r3]
20000554:	f000 fab8 	bl	20000ac8 <hw_endpoint_start_next_buffer>
20000558:	e6f9      	b.n	2000034e <dcd_rp2040_irq+0x32>
2000055a:	33b8      	adds	r3, #184	@ 0xb8
2000055c:	5ce7      	ldrb	r7, [r4, r3]
2000055e:	2f00      	cmp	r7, #0
20000560:	d100      	bne.n	20000564 <dcd_rp2040_irq+0x248>
20000562:	e6fe      	b.n	20000362 <dcd_rp2040_irq+0x46>
20000564:	3302      	adds	r3, #2
20000566:	5ce2      	ldrb	r2, [r4, r3]
20000568:	2a00      	cmp	r2, #0
2000056a:	d000      	beq.n	2000056e <dcd_rp2040_irq+0x252>
2000056c:	e122      	b.n	200007b4 <dcd_rp2040_irq+0x498>
2000056e:	003e      	movs	r6, r7
20000570:	e6f7      	b.n	20000362 <dcd_rp2040_irq+0x46>
20000572:	3378      	adds	r3, #120	@ 0x78
20000574:	5ce7      	ldrb	r7, [r4, r3]
20000576:	2f00      	cmp	r7, #0
20000578:	d100      	bne.n	2000057c <dcd_rp2040_irq+0x260>
2000057a:	e6ed      	b.n	20000358 <dcd_rp2040_irq+0x3c>
2000057c:	3302      	adds	r3, #2
2000057e:	5ce2      	ldrb	r2, [r4, r3]
20000580:	2a00      	cmp	r2, #0
20000582:	d000      	beq.n	20000586 <dcd_rp2040_irq+0x26a>
20000584:	e10e      	b.n	200007a4 <dcd_rp2040_irq+0x488>
20000586:	003e      	movs	r6, r7
20000588:	e6e6      	b.n	20000358 <dcd_rp2040_irq+0x3c>
2000058a:	33b9      	adds	r3, #185	@ 0xb9
2000058c:	33ff      	adds	r3, #255	@ 0xff
2000058e:	5ce7      	ldrb	r7, [r4, r3]
20000590:	2f00      	cmp	r7, #0
20000592:	d100      	bne.n	20000596 <dcd_rp2040_irq+0x27a>
20000594:	e6fc      	b.n	20000390 <dcd_rp2040_irq+0x74>
20000596:	3302      	adds	r3, #2
20000598:	5ce2      	ldrb	r2, [r4, r3]
2000059a:	2a00      	cmp	r2, #0
2000059c:	d000      	beq.n	200005a0 <dcd_rp2040_irq+0x284>
2000059e:	e0f8      	b.n	20000792 <dcd_rp2040_irq+0x476>
200005a0:	003e      	movs	r6, r7
200005a2:	e6f5      	b.n	20000390 <dcd_rp2040_irq+0x74>
200005a4:	3379      	adds	r3, #121	@ 0x79
200005a6:	33ff      	adds	r3, #255	@ 0xff
200005a8:	5ce7      	ldrb	r7, [r4, r3]
200005aa:	2f00      	cmp	r7, #0
200005ac:	d100      	bne.n	200005b0 <dcd_rp2040_irq+0x294>
200005ae:	e6e9      	b.n	20000384 <dcd_rp2040_irq+0x68>
200005b0:	3302      	adds	r3, #2
200005b2:	5ce2      	ldrb	r2, [r4, r3]
200005b4:	2a00      	cmp	r2, #0
200005b6:	d000      	beq.n	200005ba <dcd_rp2040_irq+0x29e>
200005b8:	e0e2      	b.n	20000780 <dcd_rp2040_irq+0x464>
200005ba:	003e      	movs	r6, r7
200005bc:	e6e2      	b.n	20000384 <dcd_rp2040_irq+0x68>
200005be:	3339      	adds	r3, #57	@ 0x39
200005c0:	33ff      	adds	r3, #255	@ 0xff
200005c2:	5ce7      	ldrb	r7, [r4, r3]
200005c4:	2f00      	cmp	r7, #0
200005c6:	d100      	bne.n	200005ca <dcd_rp2040_irq+0x2ae>
200005c8:	e6d6      	b.n	20000378 <dcd_rp2040_irq+0x5c>
200005ca:	3302      	adds	r3, #2
200005cc:	5ce2      	ldrb	r2, [r4, r3]
200005ce:	2a00      	cmp	r2, #0
200005d0:	d000      	beq.n	200005d4 <dcd_rp2040_irq+0x2b8>
200005d2:	e0cc      	b.n	2000076e <dcd_rp2040_irq+0x452>
200005d4:	003e      	movs	r6, r7
200005d6:	e6cf      	b.n	20000378 <dcd_rp2040_irq+0x5c>
200005d8:	33f8      	adds	r3, #248	@ 0xf8
200005da:	5ce7      	ldrb	r7, [r4, r3]
200005dc:	2f00      	cmp	r7, #0
200005de:	d100      	bne.n	200005e2 <dcd_rp2040_irq+0x2c6>
200005e0:	e6c4      	b.n	2000036c <dcd_rp2040_irq+0x50>
200005e2:	3302      	adds	r3, #2
200005e4:	5ce2      	ldrb	r2, [r4, r3]
200005e6:	2a00      	cmp	r2, #0
200005e8:	d000      	beq.n	200005ec <dcd_rp2040_irq+0x2d0>
200005ea:	e0b8      	b.n	2000075e <dcd_rp2040_irq+0x442>
200005ec:	003e      	movs	r6, r7
200005ee:	e6bd      	b.n	2000036c <dcd_rp2040_irq+0x50>
200005f0:	4b23      	ldr	r3, [pc, #140]	@ (20000680 <dcd_rp2040_irq+0x364>)
200005f2:	5ce7      	ldrb	r7, [r4, r3]
200005f4:	2f00      	cmp	r7, #0
200005f6:	d100      	bne.n	200005fa <dcd_rp2040_irq+0x2de>
200005f8:	e6ee      	b.n	200003d8 <dcd_rp2040_irq+0xbc>
200005fa:	3302      	adds	r3, #2
200005fc:	5ce2      	ldrb	r2, [r4, r3]
200005fe:	2a00      	cmp	r2, #0
20000600:	d000      	beq.n	20000604 <dcd_rp2040_irq+0x2e8>
20000602:	e110      	b.n	20000826 <dcd_rp2040_irq+0x50a>
20000604:	4b17      	ldr	r3, [pc, #92]	@ (20000664 <dcd_rp2040_irq+0x348>)
20000606:	5ce3      	ldrb	r3, [r4, r3]
20000608:	2b02      	cmp	r3, #2
2000060a:	d100      	bne.n	2000060e <dcd_rp2040_irq+0x2f2>
2000060c:	e08b      	b.n	20000726 <dcd_rp2040_irq+0x40a>
2000060e:	4b16      	ldr	r3, [pc, #88]	@ (20000668 <dcd_rp2040_irq+0x34c>)
20000610:	5ce3      	ldrb	r3, [r4, r3]
20000612:	2b02      	cmp	r3, #2
20000614:	d000      	beq.n	20000618 <dcd_rp2040_irq+0x2fc>
20000616:	e6f4      	b.n	20000402 <dcd_rp2040_irq+0xe6>
20000618:	4b1a      	ldr	r3, [pc, #104]	@ (20000684 <dcd_rp2040_irq+0x368>)
2000061a:	5ce3      	ldrb	r3, [r4, r3]
2000061c:	2b00      	cmp	r3, #0
2000061e:	d000      	beq.n	20000622 <dcd_rp2040_irq+0x306>
20000620:	e090      	b.n	20000744 <dcd_rp2040_irq+0x428>
20000622:	e6ee      	b.n	20000402 <dcd_rp2040_irq+0xe6>
20000624:	4b18      	ldr	r3, [pc, #96]	@ (20000688 <dcd_rp2040_irq+0x36c>)
20000626:	5ce7      	ldrb	r7, [r4, r3]
20000628:	2f00      	cmp	r7, #0
2000062a:	d100      	bne.n	2000062e <dcd_rp2040_irq+0x312>
2000062c:	e6cf      	b.n	200003ce <dcd_rp2040_irq+0xb2>
2000062e:	3302      	adds	r3, #2
20000630:	5ce2      	ldrb	r2, [r4, r3]
20000632:	2a00      	cmp	r2, #0
20000634:	d000      	beq.n	20000638 <dcd_rp2040_irq+0x31c>
20000636:	e0ee      	b.n	20000816 <dcd_rp2040_irq+0x4fa>
20000638:	003e      	movs	r6, r7
2000063a:	e6c8      	b.n	200003ce <dcd_rp2040_irq+0xb2>
2000063c:	50110000 	.word	0x50110000
20000640:	40054000 	.word	0x40054000
20000644:	200019bc 	.word	0x200019bc
20000648:	200019b4 	.word	0x200019b4
2000064c:	0000023b 	.word	0x0000023b
20000650:	0000027b 	.word	0x0000027b
20000654:	000002bb 	.word	0x000002bb
20000658:	000002fb 	.word	0x000002fb
2000065c:	0000033b 	.word	0x0000033b
20000660:	0000037b 	.word	0x0000037b
20000664:	000003bb 	.word	0x000003bb
20000668:	000003fb 	.word	0x000003fb
2000066c:	20001df1 	.word	0x20001df1
20000670:	50113000 	.word	0x50113000
20000674:	00020010 	.word	0x00020010
20000678:	50100000 	.word	0x50100000
2000067c:	50112000 	.word	0x50112000
20000680:	0000037a 	.word	0x0000037a
20000684:	000003fa 	.word	0x000003fa
20000688:	0000033a 	.word	0x0000033a
2000068c:	4b6c      	ldr	r3, [pc, #432]	@ (20000840 <dcd_rp2040_irq+0x524>)
2000068e:	5ce7      	ldrb	r7, [r4, r3]
20000690:	2f00      	cmp	r7, #0
20000692:	d100      	bne.n	20000696 <dcd_rp2040_irq+0x37a>
20000694:	e696      	b.n	200003c4 <dcd_rp2040_irq+0xa8>
20000696:	3302      	adds	r3, #2
20000698:	5ce2      	ldrb	r2, [r4, r3]
2000069a:	2a00      	cmp	r2, #0
2000069c:	d000      	beq.n	200006a0 <dcd_rp2040_irq+0x384>
2000069e:	e0b2      	b.n	20000806 <dcd_rp2040_irq+0x4ea>
200006a0:	003e      	movs	r6, r7
200006a2:	e68f      	b.n	200003c4 <dcd_rp2040_irq+0xa8>
200006a4:	4b67      	ldr	r3, [pc, #412]	@ (20000844 <dcd_rp2040_irq+0x528>)
200006a6:	5ce7      	ldrb	r7, [r4, r3]
200006a8:	2f00      	cmp	r7, #0
200006aa:	d100      	bne.n	200006ae <dcd_rp2040_irq+0x392>
200006ac:	e685      	b.n	200003ba <dcd_rp2040_irq+0x9e>
200006ae:	3302      	adds	r3, #2
200006b0:	5ce2      	ldrb	r2, [r4, r3]
200006b2:	2a00      	cmp	r2, #0
200006b4:	d000      	beq.n	200006b8 <dcd_rp2040_irq+0x39c>
200006b6:	e09e      	b.n	200007f6 <dcd_rp2040_irq+0x4da>
200006b8:	003e      	movs	r6, r7
200006ba:	e67e      	b.n	200003ba <dcd_rp2040_irq+0x9e>
200006bc:	4b62      	ldr	r3, [pc, #392]	@ (20000848 <dcd_rp2040_irq+0x52c>)
200006be:	5ce7      	ldrb	r7, [r4, r3]
200006c0:	2f00      	cmp	r7, #0
200006c2:	d100      	bne.n	200006c6 <dcd_rp2040_irq+0x3aa>
200006c4:	e674      	b.n	200003b0 <dcd_rp2040_irq+0x94>
200006c6:	3302      	adds	r3, #2
200006c8:	5ce2      	ldrb	r2, [r4, r3]
200006ca:	2a00      	cmp	r2, #0
200006cc:	d000      	beq.n	200006d0 <dcd_rp2040_irq+0x3b4>
200006ce:	e08a      	b.n	200007e6 <dcd_rp2040_irq+0x4ca>
200006d0:	003e      	movs	r6, r7
200006d2:	e66d      	b.n	200003b0 <dcd_rp2040_irq+0x94>
200006d4:	4b5d      	ldr	r3, [pc, #372]	@ (2000084c <dcd_rp2040_irq+0x530>)
200006d6:	5ce7      	ldrb	r7, [r4, r3]
200006d8:	2f00      	cmp	r7, #0
200006da:	d100      	bne.n	200006de <dcd_rp2040_irq+0x3c2>
200006dc:	e663      	b.n	200003a6 <dcd_rp2040_irq+0x8a>
200006de:	3302      	adds	r3, #2
200006e0:	5ce2      	ldrb	r2, [r4, r3]
200006e2:	2a00      	cmp	r2, #0
200006e4:	d177      	bne.n	200007d6 <dcd_rp2040_irq+0x4ba>
200006e6:	003e      	movs	r6, r7
200006e8:	e65d      	b.n	200003a6 <dcd_rp2040_irq+0x8a>
200006ea:	33f9      	adds	r3, #249	@ 0xf9
200006ec:	33ff      	adds	r3, #255	@ 0xff
200006ee:	5ce7      	ldrb	r7, [r4, r3]
200006f0:	2f00      	cmp	r7, #0
200006f2:	d100      	bne.n	200006f6 <dcd_rp2040_irq+0x3da>
200006f4:	e652      	b.n	2000039c <dcd_rp2040_irq+0x80>
200006f6:	3302      	adds	r3, #2
200006f8:	5ce2      	ldrb	r2, [r4, r3]
200006fa:	2a00      	cmp	r2, #0
200006fc:	d162      	bne.n	200007c4 <dcd_rp2040_irq+0x4a8>
200006fe:	003e      	movs	r6, r7
20000700:	e64c      	b.n	2000039c <dcd_rp2040_irq+0x80>
20000702:	4b53      	ldr	r3, [pc, #332]	@ (20000850 <dcd_rp2040_irq+0x534>)
20000704:	5ce3      	ldrb	r3, [r4, r3]
20000706:	2b00      	cmp	r3, #0
20000708:	d100      	bne.n	2000070c <dcd_rp2040_irq+0x3f0>
2000070a:	e66a      	b.n	200003e2 <dcd_rp2040_irq+0xc6>
2000070c:	23ef      	movs	r3, #239	@ 0xef
2000070e:	009b      	lsls	r3, r3, #2
20000710:	5ce2      	ldrb	r2, [r4, r3]
20000712:	2a00      	cmp	r2, #0
20000714:	d100      	bne.n	20000718 <dcd_rp2040_irq+0x3fc>
20000716:	e77a      	b.n	2000060e <dcd_rp2040_irq+0x2f2>
20000718:	2200      	movs	r2, #0
2000071a:	54e2      	strb	r2, [r4, r3]
2000071c:	3b1c      	subs	r3, #28
2000071e:	18e0      	adds	r0, r4, r3
20000720:	f000 f9d2 	bl	20000ac8 <hw_endpoint_start_next_buffer>
20000724:	e773      	b.n	2000060e <dcd_rp2040_irq+0x2f2>
20000726:	4b4a      	ldr	r3, [pc, #296]	@ (20000850 <dcd_rp2040_irq+0x534>)
20000728:	5ce3      	ldrb	r3, [r4, r3]
2000072a:	2b00      	cmp	r3, #0
2000072c:	d1ee      	bne.n	2000070c <dcd_rp2040_irq+0x3f0>
2000072e:	4b49      	ldr	r3, [pc, #292]	@ (20000854 <dcd_rp2040_irq+0x538>)
20000730:	5ce3      	ldrb	r3, [r4, r3]
20000732:	2b02      	cmp	r3, #2
20000734:	d000      	beq.n	20000738 <dcd_rp2040_irq+0x41c>
20000736:	e664      	b.n	20000402 <dcd_rp2040_irq+0xe6>
20000738:	003e      	movs	r6, r7
2000073a:	4b47      	ldr	r3, [pc, #284]	@ (20000858 <dcd_rp2040_irq+0x53c>)
2000073c:	5ce3      	ldrb	r3, [r4, r3]
2000073e:	2b00      	cmp	r3, #0
20000740:	d100      	bne.n	20000744 <dcd_rp2040_irq+0x428>
20000742:	e653      	b.n	200003ec <dcd_rp2040_irq+0xd0>
20000744:	23ff      	movs	r3, #255	@ 0xff
20000746:	009b      	lsls	r3, r3, #2
20000748:	5ce2      	ldrb	r2, [r4, r3]
2000074a:	2a00      	cmp	r2, #0
2000074c:	d100      	bne.n	20000750 <dcd_rp2040_irq+0x434>
2000074e:	e658      	b.n	20000402 <dcd_rp2040_irq+0xe6>
20000750:	2200      	movs	r2, #0
20000752:	54e2      	strb	r2, [r4, r3]
20000754:	3b1c      	subs	r3, #28
20000756:	18e0      	adds	r0, r4, r3
20000758:	f000 f9b6 	bl	20000ac8 <hw_endpoint_start_next_buffer>
2000075c:	e651      	b.n	20000402 <dcd_rp2040_irq+0xe6>
2000075e:	0020      	movs	r0, r4
20000760:	2200      	movs	r2, #0
20000762:	30e0      	adds	r0, #224	@ 0xe0
20000764:	54e2      	strb	r2, [r4, r3]
20000766:	003e      	movs	r6, r7
20000768:	f000 f9ae 	bl	20000ac8 <hw_endpoint_start_next_buffer>
2000076c:	e5fe      	b.n	2000036c <dcd_rp2040_irq+0x50>
2000076e:	0020      	movs	r0, r4
20000770:	2200      	movs	r2, #0
20000772:	3021      	adds	r0, #33	@ 0x21
20000774:	30ff      	adds	r0, #255	@ 0xff
20000776:	54e2      	strb	r2, [r4, r3]
20000778:	003e      	movs	r6, r7
2000077a:	f000 f9a5 	bl	20000ac8 <hw_endpoint_start_next_buffer>
2000077e:	e5fb      	b.n	20000378 <dcd_rp2040_irq+0x5c>
20000780:	0020      	movs	r0, r4
20000782:	2200      	movs	r2, #0
20000784:	3061      	adds	r0, #97	@ 0x61
20000786:	30ff      	adds	r0, #255	@ 0xff
20000788:	54e2      	strb	r2, [r4, r3]
2000078a:	003e      	movs	r6, r7
2000078c:	f000 f99c 	bl	20000ac8 <hw_endpoint_start_next_buffer>
20000790:	e5f8      	b.n	20000384 <dcd_rp2040_irq+0x68>
20000792:	0020      	movs	r0, r4
20000794:	2200      	movs	r2, #0
20000796:	30a1      	adds	r0, #161	@ 0xa1
20000798:	30ff      	adds	r0, #255	@ 0xff
2000079a:	54e2      	strb	r2, [r4, r3]
2000079c:	003e      	movs	r6, r7
2000079e:	f000 f993 	bl	20000ac8 <hw_endpoint_start_next_buffer>
200007a2:	e5f5      	b.n	20000390 <dcd_rp2040_irq+0x74>
200007a4:	0020      	movs	r0, r4
200007a6:	2200      	movs	r2, #0
200007a8:	3060      	adds	r0, #96	@ 0x60
200007aa:	54e2      	strb	r2, [r4, r3]
200007ac:	003e      	movs	r6, r7
200007ae:	f000 f98b 	bl	20000ac8 <hw_endpoint_start_next_buffer>
200007b2:	e5d1      	b.n	20000358 <dcd_rp2040_irq+0x3c>
200007b4:	0020      	movs	r0, r4
200007b6:	2200      	movs	r2, #0
200007b8:	30a0      	adds	r0, #160	@ 0xa0
200007ba:	54e2      	strb	r2, [r4, r3]
200007bc:	003e      	movs	r6, r7
200007be:	f000 f983 	bl	20000ac8 <hw_endpoint_start_next_buffer>
200007c2:	e5ce      	b.n	20000362 <dcd_rp2040_irq+0x46>
200007c4:	0020      	movs	r0, r4
200007c6:	2200      	movs	r2, #0
200007c8:	30e1      	adds	r0, #225	@ 0xe1
200007ca:	30ff      	adds	r0, #255	@ 0xff
200007cc:	54e2      	strb	r2, [r4, r3]
200007ce:	003e      	movs	r6, r7
200007d0:	f000 f97a 	bl	20000ac8 <hw_endpoint_start_next_buffer>
200007d4:	e5e2      	b.n	2000039c <dcd_rp2040_irq+0x80>
200007d6:	2200      	movs	r2, #0
200007d8:	54e2      	strb	r2, [r4, r3]
200007da:	3b1c      	subs	r3, #28
200007dc:	18e0      	adds	r0, r4, r3
200007de:	f000 f973 	bl	20000ac8 <hw_endpoint_start_next_buffer>
200007e2:	003e      	movs	r6, r7
200007e4:	e5df      	b.n	200003a6 <dcd_rp2040_irq+0x8a>
200007e6:	2200      	movs	r2, #0
200007e8:	54e2      	strb	r2, [r4, r3]
200007ea:	3b1c      	subs	r3, #28
200007ec:	18e0      	adds	r0, r4, r3
200007ee:	f000 f96b 	bl	20000ac8 <hw_endpoint_start_next_buffer>
200007f2:	003e      	movs	r6, r7
200007f4:	e5dc      	b.n	200003b0 <dcd_rp2040_irq+0x94>
200007f6:	2200      	movs	r2, #0
200007f8:	54e2      	strb	r2, [r4, r3]
200007fa:	3b1c      	subs	r3, #28
200007fc:	18e0      	adds	r0, r4, r3
200007fe:	f000 f963 	bl	20000ac8 <hw_endpoint_start_next_buffer>
20000802:	003e      	movs	r6, r7
20000804:	e5d9      	b.n	200003ba <dcd_rp2040_irq+0x9e>
20000806:	2200      	movs	r2, #0
20000808:	54e2      	strb	r2, [r4, r3]
2000080a:	3b1c      	subs	r3, #28
2000080c:	18e0      	adds	r0, r4, r3
2000080e:	f000 f95b 	bl	20000ac8 <hw_endpoint_start_next_buffer>
20000812:	003e      	movs	r6, r7
20000814:	e5d6      	b.n	200003c4 <dcd_rp2040_irq+0xa8>
20000816:	2200      	movs	r2, #0
20000818:	54e2      	strb	r2, [r4, r3]
2000081a:	3b1c      	subs	r3, #28
2000081c:	18e0      	adds	r0, r4, r3
2000081e:	f000 f953 	bl	20000ac8 <hw_endpoint_start_next_buffer>
20000822:	003e      	movs	r6, r7
20000824:	e5d3      	b.n	200003ce <dcd_rp2040_irq+0xb2>
20000826:	2200      	movs	r2, #0
20000828:	54e2      	strb	r2, [r4, r3]
2000082a:	3b1c      	subs	r3, #28
2000082c:	18e0      	adds	r0, r4, r3
2000082e:	f000 f94b 	bl	20000ac8 <hw_endpoint_start_next_buffer>
20000832:	e6e7      	b.n	20000604 <dcd_rp2040_irq+0x2e8>
20000834:	0031      	movs	r1, r6
20000836:	4809      	ldr	r0, [pc, #36]	@ (2000085c <dcd_rp2040_irq+0x540>)
20000838:	4069      	eors	r1, r5
2000083a:	f000 fb81 	bl	20000f40 <__panic_veneer>
2000083e:	46c0      	nop			@ (mov r8, r8)
20000840:	000002fa 	.word	0x000002fa
20000844:	000002ba 	.word	0x000002ba
20000848:	0000027a 	.word	0x0000027a
2000084c:	0000023a 	.word	0x0000023a
20000850:	000003ba 	.word	0x000003ba
20000854:	000003fb 	.word	0x000003fb
20000858:	000003fa 	.word	0x000003fa
2000085c:	100040c4 	.word	0x100040c4

20000860 <prepare_ep_buffer>:
20000860:	b5f0      	push	{r4, r5, r6, r7, lr}
20000862:	46d6      	mov	lr, sl
20000864:	464f      	mov	r7, r9
20000866:	4646      	mov	r6, r8
20000868:	b5c0      	push	{r6, r7, lr}
2000086a:	0002      	movs	r2, r0
2000086c:	8a83      	ldrh	r3, [r0, #20]
2000086e:	8b00      	ldrh	r0, [r0, #24]
20000870:	468a      	mov	sl, r1
20000872:	1c04      	adds	r4, r0, #0
20000874:	4298      	cmp	r0, r3
20000876:	d900      	bls.n	2000087a <prepare_ep_buffer+0x1a>
20000878:	1c1c      	adds	r4, r3, #0
2000087a:	78d5      	ldrb	r5, [r2, #3]
2000087c:	2680      	movs	r6, #128	@ 0x80
2000087e:	0028      	movs	r0, r5
20000880:	1e47      	subs	r7, r0, #1
20000882:	41b8      	sbcs	r0, r7
20000884:	b2a4      	uxth	r4, r4
20000886:	00f6      	lsls	r6, r6, #3
20000888:	4326      	orrs	r6, r4
2000088a:	0340      	lsls	r0, r0, #13
2000088c:	4330      	orrs	r0, r6
2000088e:	2601      	movs	r6, #1
20000890:	4075      	eors	r5, r6
20000892:	1b1b      	subs	r3, r3, r4
20000894:	70d5      	strb	r5, [r2, #3]
20000896:	7855      	ldrb	r5, [r2, #1]
20000898:	b29b      	uxth	r3, r3
2000089a:	8293      	strh	r3, [r2, #20]
2000089c:	2d00      	cmp	r5, #0
2000089e:	d137      	bne.n	20000910 <prepare_ep_buffer+0xb0>
200008a0:	4651      	mov	r1, sl
200008a2:	68d6      	ldr	r6, [r2, #12]
200008a4:	018d      	lsls	r5, r1, #6
200008a6:	1e61      	subs	r1, r4, #1
200008a8:	1976      	adds	r6, r6, r5
200008aa:	4688      	mov	r8, r1
200008ac:	6915      	ldr	r5, [r2, #16]
200008ae:	2c00      	cmp	r4, #0
200008b0:	d029      	beq.n	20000906 <prepare_ep_buffer+0xa6>
200008b2:	2906      	cmp	r1, #6
200008b4:	d93a      	bls.n	2000092c <prepare_ep_buffer+0xcc>
200008b6:	0033      	movs	r3, r6
200008b8:	432b      	orrs	r3, r5
200008ba:	079b      	lsls	r3, r3, #30
200008bc:	d136      	bne.n	2000092c <prepare_ep_buffer+0xcc>
200008be:	1c6b      	adds	r3, r5, #1
200008c0:	1af3      	subs	r3, r6, r3
200008c2:	2b02      	cmp	r3, #2
200008c4:	d932      	bls.n	2000092c <prepare_ep_buffer+0xcc>
200008c6:	1f23      	subs	r3, r4, #4
200008c8:	089b      	lsrs	r3, r3, #2
200008ca:	3301      	adds	r3, #1
200008cc:	469c      	mov	ip, r3
200008ce:	2700      	movs	r7, #0
200008d0:	2300      	movs	r3, #0
200008d2:	58e9      	ldr	r1, [r5, r3]
200008d4:	3701      	adds	r7, #1
200008d6:	50f1      	str	r1, [r6, r3]
200008d8:	3304      	adds	r3, #4
200008da:	45bc      	cmp	ip, r7
200008dc:	d8f9      	bhi.n	200008d2 <prepare_ep_buffer+0x72>
200008de:	4663      	mov	r3, ip
200008e0:	4641      	mov	r1, r8
200008e2:	009b      	lsls	r3, r3, #2
200008e4:	18ed      	adds	r5, r5, r3
200008e6:	18f6      	adds	r6, r6, r3
200008e8:	1acf      	subs	r7, r1, r3
200008ea:	429c      	cmp	r4, r3
200008ec:	d009      	beq.n	20000902 <prepare_ep_buffer+0xa2>
200008ee:	782b      	ldrb	r3, [r5, #0]
200008f0:	7033      	strb	r3, [r6, #0]
200008f2:	2f00      	cmp	r7, #0
200008f4:	d005      	beq.n	20000902 <prepare_ep_buffer+0xa2>
200008f6:	786b      	ldrb	r3, [r5, #1]
200008f8:	7073      	strb	r3, [r6, #1]
200008fa:	2f01      	cmp	r7, #1
200008fc:	d001      	beq.n	20000902 <prepare_ep_buffer+0xa2>
200008fe:	78ab      	ldrb	r3, [r5, #2]
20000900:	70b3      	strb	r3, [r6, #2]
20000902:	6915      	ldr	r5, [r2, #16]
20000904:	8a93      	ldrh	r3, [r2, #20]
20000906:	192d      	adds	r5, r5, r4
20000908:	6115      	str	r5, [r2, #16]
2000090a:	2280      	movs	r2, #128	@ 0x80
2000090c:	0212      	lsls	r2, r2, #8
2000090e:	4310      	orrs	r0, r2
20000910:	2b00      	cmp	r3, #0
20000912:	d102      	bne.n	2000091a <prepare_ep_buffer+0xba>
20000914:	2380      	movs	r3, #128	@ 0x80
20000916:	01db      	lsls	r3, r3, #7
20000918:	4318      	orrs	r0, r3
2000091a:	4653      	mov	r3, sl
2000091c:	2b00      	cmp	r3, #0
2000091e:	d000      	beq.n	20000922 <prepare_ep_buffer+0xc2>
20000920:	0400      	lsls	r0, r0, #16
20000922:	bce0      	pop	{r5, r6, r7}
20000924:	46ba      	mov	sl, r7
20000926:	46b1      	mov	r9, r6
20000928:	46a8      	mov	r8, r5
2000092a:	bdf0      	pop	{r4, r5, r6, r7, pc}
2000092c:	2300      	movs	r3, #0
2000092e:	5cef      	ldrb	r7, [r5, r3]
20000930:	54f7      	strb	r7, [r6, r3]
20000932:	3301      	adds	r3, #1
20000934:	429c      	cmp	r4, r3
20000936:	d1fa      	bne.n	2000092e <prepare_ep_buffer+0xce>
20000938:	6915      	ldr	r5, [r2, #16]
2000093a:	8a93      	ldrh	r3, [r2, #20]
2000093c:	e7e3      	b.n	20000906 <prepare_ep_buffer+0xa6>
2000093e:	46c0      	nop			@ (mov r8, r8)

20000940 <sync_ep_buffer>:
20000940:	6883      	ldr	r3, [r0, #8]
20000942:	b5f0      	push	{r4, r5, r6, r7, lr}
20000944:	681b      	ldr	r3, [r3, #0]
20000946:	0005      	movs	r5, r0
20000948:	2900      	cmp	r1, #0
2000094a:	d000      	beq.n	2000094e <sync_ep_buffer+0xe>
2000094c:	0c1b      	lsrs	r3, r3, #16
2000094e:	059b      	lsls	r3, r3, #22
20000950:	0d98      	lsrs	r0, r3, #22
20000952:	786b      	ldrb	r3, [r5, #1]
20000954:	2b00      	cmp	r3, #0
20000956:	d108      	bne.n	2000096a <sync_ep_buffer+0x2a>
20000958:	8aeb      	ldrh	r3, [r5, #22]
2000095a:	18c3      	adds	r3, r0, r3
2000095c:	82eb      	strh	r3, [r5, #22]
2000095e:	8b2b      	ldrh	r3, [r5, #24]
20000960:	4283      	cmp	r3, r0
20000962:	d901      	bls.n	20000968 <sync_ep_buffer+0x28>
20000964:	2300      	movs	r3, #0
20000966:	82ab      	strh	r3, [r5, #20]
20000968:	bdf0      	pop	{r4, r5, r6, r7, pc}
2000096a:	68eb      	ldr	r3, [r5, #12]
2000096c:	0189      	lsls	r1, r1, #6
2000096e:	1e46      	subs	r6, r0, #1
20000970:	46b4      	mov	ip, r6
20000972:	692a      	ldr	r2, [r5, #16]
20000974:	185c      	adds	r4, r3, r1
20000976:	2800      	cmp	r0, #0
20000978:	d027      	beq.n	200009ca <sync_ep_buffer+0x8a>
2000097a:	2e06      	cmp	r6, #6
2000097c:	d92b      	bls.n	200009d6 <sync_ep_buffer+0x96>
2000097e:	3101      	adds	r1, #1
20000980:	185b      	adds	r3, r3, r1
20000982:	1ad3      	subs	r3, r2, r3
20000984:	2b02      	cmp	r3, #2
20000986:	d926      	bls.n	200009d6 <sync_ep_buffer+0x96>
20000988:	0013      	movs	r3, r2
2000098a:	4323      	orrs	r3, r4
2000098c:	079b      	lsls	r3, r3, #30
2000098e:	d122      	bne.n	200009d6 <sync_ep_buffer+0x96>
20000990:	2300      	movs	r3, #0
20000992:	2100      	movs	r1, #0
20000994:	1f06      	subs	r6, r0, #4
20000996:	08b6      	lsrs	r6, r6, #2
20000998:	3601      	adds	r6, #1
2000099a:	58e7      	ldr	r7, [r4, r3]
2000099c:	3101      	adds	r1, #1
2000099e:	50d7      	str	r7, [r2, r3]
200009a0:	3304      	adds	r3, #4
200009a2:	428e      	cmp	r6, r1
200009a4:	d8f9      	bhi.n	2000099a <sync_ep_buffer+0x5a>
200009a6:	4663      	mov	r3, ip
200009a8:	00b6      	lsls	r6, r6, #2
200009aa:	19a4      	adds	r4, r4, r6
200009ac:	1992      	adds	r2, r2, r6
200009ae:	1b9f      	subs	r7, r3, r6
200009b0:	42b0      	cmp	r0, r6
200009b2:	d009      	beq.n	200009c8 <sync_ep_buffer+0x88>
200009b4:	7823      	ldrb	r3, [r4, #0]
200009b6:	7013      	strb	r3, [r2, #0]
200009b8:	2f00      	cmp	r7, #0
200009ba:	d005      	beq.n	200009c8 <sync_ep_buffer+0x88>
200009bc:	7863      	ldrb	r3, [r4, #1]
200009be:	7053      	strb	r3, [r2, #1]
200009c0:	2f01      	cmp	r7, #1
200009c2:	d001      	beq.n	200009c8 <sync_ep_buffer+0x88>
200009c4:	78a3      	ldrb	r3, [r4, #2]
200009c6:	7093      	strb	r3, [r2, #2]
200009c8:	692a      	ldr	r2, [r5, #16]
200009ca:	8aeb      	ldrh	r3, [r5, #22]
200009cc:	1812      	adds	r2, r2, r0
200009ce:	18c3      	adds	r3, r0, r3
200009d0:	82eb      	strh	r3, [r5, #22]
200009d2:	612a      	str	r2, [r5, #16]
200009d4:	e7c3      	b.n	2000095e <sync_ep_buffer+0x1e>
200009d6:	2300      	movs	r3, #0
200009d8:	5ce1      	ldrb	r1, [r4, r3]
200009da:	54d1      	strb	r1, [r2, r3]
200009dc:	3301      	adds	r3, #1
200009de:	4298      	cmp	r0, r3
200009e0:	d1fa      	bne.n	200009d8 <sync_ep_buffer+0x98>
200009e2:	692a      	ldr	r2, [r5, #16]
200009e4:	e7f1      	b.n	200009ca <sync_ep_buffer+0x8a>
200009e6:	46c0      	nop			@ (mov r8, r8)

200009e8 <_hw_endpoint_xfer_sync>:
200009e8:	b510      	push	{r4, lr}
200009ea:	0004      	movs	r4, r0
200009ec:	6883      	ldr	r3, [r0, #8]
200009ee:	2100      	movs	r1, #0
200009f0:	681b      	ldr	r3, [r3, #0]
200009f2:	f7ff ffa5 	bl	20000940 <sync_ep_buffer>
200009f6:	6863      	ldr	r3, [r4, #4]
200009f8:	681b      	ldr	r3, [r3, #0]
200009fa:	005b      	lsls	r3, r3, #1
200009fc:	d502      	bpl.n	20000a04 <_hw_endpoint_xfer_sync+0x1c>
200009fe:	8b23      	ldrh	r3, [r4, #24]
20000a00:	4283      	cmp	r3, r0
20000a02:	d000      	beq.n	20000a06 <_hw_endpoint_xfer_sync+0x1e>
20000a04:	bd10      	pop	{r4, pc}
20000a06:	2101      	movs	r1, #1
20000a08:	0020      	movs	r0, r4
20000a0a:	f7ff ff99 	bl	20000940 <sync_ep_buffer>
20000a0e:	e7f9      	b.n	20000a04 <_hw_endpoint_xfer_sync+0x1c>

20000a10 <e15_is_bulkin_ep>:
20000a10:	4a08      	ldr	r2, [pc, #32]	@ (20000a34 <e15_is_bulkin_ep+0x24>)
20000a12:	0003      	movs	r3, r0
20000a14:	6c12      	ldr	r2, [r2, #64]	@ 0x40
20000a16:	2000      	movs	r0, #0
20000a18:	0792      	lsls	r2, r2, #30
20000a1a:	d403      	bmi.n	20000a24 <e15_is_bulkin_ep+0x14>
20000a1c:	789a      	ldrb	r2, [r3, #2]
20000a1e:	09d2      	lsrs	r2, r2, #7
20000a20:	2a01      	cmp	r2, #1
20000a22:	d000      	beq.n	20000a26 <e15_is_bulkin_ep+0x16>
20000a24:	4770      	bx	lr
20000a26:	7ed8      	ldrb	r0, [r3, #27]
20000a28:	3802      	subs	r0, #2
20000a2a:	4243      	negs	r3, r0
20000a2c:	4158      	adcs	r0, r3
20000a2e:	b2c0      	uxtb	r0, r0
20000a30:	e7f8      	b.n	20000a24 <e15_is_bulkin_ep+0x14>
20000a32:	46c0      	nop			@ (mov r8, r8)
20000a34:	50110000 	.word	0x50110000

20000a38 <e15_is_critical_frame_period>:
20000a38:	b510      	push	{r4, lr}
20000a3a:	f7ff ffe9 	bl	20000a10 <e15_is_bulkin_ep>
20000a3e:	2800      	cmp	r0, #0
20000a40:	d00c      	beq.n	20000a5c <e15_is_critical_frame_period+0x24>
20000a42:	4907      	ldr	r1, [pc, #28]	@ (20000a60 <e15_is_critical_frame_period+0x28>)
20000a44:	4b07      	ldr	r3, [pc, #28]	@ (20000a64 <e15_is_critical_frame_period+0x2c>)
20000a46:	468c      	mov	ip, r1
20000a48:	4a07      	ldr	r2, [pc, #28]	@ (20000a68 <e15_is_critical_frame_period+0x30>)
20000a4a:	6a9b      	ldr	r3, [r3, #40]	@ 0x28
20000a4c:	6812      	ldr	r2, [r2, #0]
20000a4e:	4463      	add	r3, ip
20000a50:	1a9b      	subs	r3, r3, r2
20000a52:	2000      	movs	r0, #0
20000a54:	22c6      	movs	r2, #198	@ 0xc6
20000a56:	429a      	cmp	r2, r3
20000a58:	4140      	adcs	r0, r0
20000a5a:	b2c0      	uxtb	r0, r0
20000a5c:	bd10      	pop	{r4, pc}
20000a5e:	46c0      	nop			@ (mov r8, r8)
20000a60:	fffffce0 	.word	0xfffffce0
20000a64:	40054000 	.word	0x40054000
20000a68:	200019b4 	.word	0x200019b4

20000a6c <hw_endpoint_reset_transfer>:
20000a6c:	2300      	movs	r3, #0
20000a6e:	7683      	strb	r3, [r0, #26]
20000a70:	6143      	str	r3, [r0, #20]
20000a72:	6103      	str	r3, [r0, #16]
20000a74:	4770      	bx	lr
20000a76:	46c0      	nop			@ (mov r8, r8)

20000a78 <_hw_endpoint_buffer_control_update32>:
20000a78:	b510      	push	{r4, lr}
20000a7a:	6883      	ldr	r3, [r0, #8]
20000a7c:	2900      	cmp	r1, #0
20000a7e:	d001      	beq.n	20000a84 <_hw_endpoint_buffer_control_update32+0xc>
20000a80:	681c      	ldr	r4, [r3, #0]
20000a82:	4021      	ands	r1, r4
20000a84:	2a00      	cmp	r2, #0
20000a86:	d012      	beq.n	20000aae <_hw_endpoint_buffer_control_update32+0x36>
20000a88:	2480      	movs	r4, #128	@ 0x80
20000a8a:	00e4      	lsls	r4, r4, #3
20000a8c:	4311      	orrs	r1, r2
20000a8e:	4222      	tst	r2, r4
20000a90:	d00d      	beq.n	20000aae <_hw_endpoint_buffer_control_update32+0x36>
20000a92:	681a      	ldr	r2, [r3, #0]
20000a94:	4222      	tst	r2, r4
20000a96:	d10c      	bne.n	20000ab2 <_hw_endpoint_buffer_control_update32+0x3a>
20000a98:	4a08      	ldr	r2, [pc, #32]	@ (20000abc <_hw_endpoint_buffer_control_update32+0x44>)
20000a9a:	400a      	ands	r2, r1
20000a9c:	601a      	str	r2, [r3, #0]
20000a9e:	4a08      	ldr	r2, [pc, #32]	@ (20000ac0 <_hw_endpoint_buffer_control_update32+0x48>)
20000aa0:	6c12      	ldr	r2, [r2, #64]	@ 0x40
20000aa2:	0792      	lsls	r2, r2, #30
20000aa4:	d403      	bmi.n	20000aae <_hw_endpoint_buffer_control_update32+0x36>
20000aa6:	230c      	movs	r3, #12
20000aa8:	3b03      	subs	r3, #3
20000aaa:	d2fd      	bcs.n	20000aa8 <_hw_endpoint_buffer_control_update32+0x30>
20000aac:	6883      	ldr	r3, [r0, #8]
20000aae:	6019      	str	r1, [r3, #0]
20000ab0:	bd10      	pop	{r4, pc}
20000ab2:	7881      	ldrb	r1, [r0, #2]
20000ab4:	4803      	ldr	r0, [pc, #12]	@ (20000ac4 <_hw_endpoint_buffer_control_update32+0x4c>)
20000ab6:	f000 fa43 	bl	20000f40 <__panic_veneer>
20000aba:	46c0      	nop			@ (mov r8, r8)
20000abc:	fffffbff 	.word	0xfffffbff
20000ac0:	50110000 	.word	0x50110000
20000ac4:	100040d8 	.word	0x100040d8

20000ac8 <hw_endpoint_start_next_buffer>:
20000ac8:	6843      	ldr	r3, [r0, #4]
20000aca:	b570      	push	{r4, r5, r6, lr}
20000acc:	2100      	movs	r1, #0
20000ace:	2580      	movs	r5, #128	@ 0x80
20000ad0:	681e      	ldr	r6, [r3, #0]
20000ad2:	0004      	movs	r4, r0
20000ad4:	f7ff fec4 	bl	20000860 <prepare_ep_buffer>
20000ad8:	4b13      	ldr	r3, [pc, #76]	@ (20000b28 <hw_endpoint_start_next_buffer+0x60>)
20000ada:	016d      	lsls	r5, r5, #5
20000adc:	6c1b      	ldr	r3, [r3, #64]	@ 0x40
20000ade:	4305      	orrs	r5, r0
20000ae0:	079b      	lsls	r3, r3, #30
20000ae2:	d50f      	bpl.n	20000b04 <hw_endpoint_start_next_buffer+0x3c>
20000ae4:	78a3      	ldrb	r3, [r4, #2]
20000ae6:	065b      	lsls	r3, r3, #25
20000ae8:	d00f      	beq.n	20000b0a <hw_endpoint_start_next_buffer+0x42>
20000aea:	4b10      	ldr	r3, [pc, #64]	@ (20000b2c <hw_endpoint_start_next_buffer+0x64>)
20000aec:	401e      	ands	r6, r3
20000aee:	2380      	movs	r3, #128	@ 0x80
20000af0:	059b      	lsls	r3, r3, #22
20000af2:	4333      	orrs	r3, r6
20000af4:	6862      	ldr	r2, [r4, #4]
20000af6:	2100      	movs	r1, #0
20000af8:	6013      	str	r3, [r2, #0]
20000afa:	0020      	movs	r0, r4
20000afc:	002a      	movs	r2, r5
20000afe:	f7ff ffbb 	bl	20000a78 <_hw_endpoint_buffer_control_update32>
20000b02:	bd70      	pop	{r4, r5, r6, pc}
20000b04:	78a3      	ldrb	r3, [r4, #2]
20000b06:	09db      	lsrs	r3, r3, #7
20000b08:	d0ef      	beq.n	20000aea <hw_endpoint_start_next_buffer+0x22>
20000b0a:	8aa3      	ldrh	r3, [r4, #20]
20000b0c:	2b00      	cmp	r3, #0
20000b0e:	d0ec      	beq.n	20000aea <hw_endpoint_start_next_buffer+0x22>
20000b10:	2101      	movs	r1, #1
20000b12:	0020      	movs	r0, r4
20000b14:	f7ff fea4 	bl	20000860 <prepare_ep_buffer>
20000b18:	23a0      	movs	r3, #160	@ 0xa0
20000b1a:	4a05      	ldr	r2, [pc, #20]	@ (20000b30 <hw_endpoint_start_next_buffer+0x68>)
20000b1c:	05db      	lsls	r3, r3, #23
20000b1e:	4032      	ands	r2, r6
20000b20:	4305      	orrs	r5, r0
20000b22:	4313      	orrs	r3, r2
20000b24:	e7e6      	b.n	20000af4 <hw_endpoint_start_next_buffer+0x2c>
20000b26:	46c0      	nop			@ (mov r8, r8)
20000b28:	50110000 	.word	0x50110000
20000b2c:	afffffff 	.word	0xafffffff
20000b30:	dfffffff 	.word	0xdfffffff

20000b34 <hw_endpoint_xfer_continue>:
20000b34:	b570      	push	{r4, r5, r6, lr}
20000b36:	7e85      	ldrb	r5, [r0, #26]
20000b38:	0004      	movs	r4, r0
20000b3a:	2d00      	cmp	r5, #0
20000b3c:	d014      	beq.n	20000b68 <hw_endpoint_xfer_continue+0x34>
20000b3e:	f7ff ff53 	bl	200009e8 <_hw_endpoint_xfer_sync>
20000b42:	8aa3      	ldrh	r3, [r4, #20]
20000b44:	2b00      	cmp	r3, #0
20000b46:	d101      	bne.n	20000b4c <hw_endpoint_xfer_continue+0x18>
20000b48:	0028      	movs	r0, r5
20000b4a:	bd70      	pop	{r4, r5, r6, pc}
20000b4c:	0020      	movs	r0, r4
20000b4e:	f7ff ff73 	bl	20000a38 <e15_is_critical_frame_period>
20000b52:	2800      	cmp	r0, #0
20000b54:	d003      	beq.n	20000b5e <hw_endpoint_xfer_continue+0x2a>
20000b56:	2301      	movs	r3, #1
20000b58:	2500      	movs	r5, #0
20000b5a:	7723      	strb	r3, [r4, #28]
20000b5c:	e7f4      	b.n	20000b48 <hw_endpoint_xfer_continue+0x14>
20000b5e:	0020      	movs	r0, r4
20000b60:	f7ff ffb2 	bl	20000ac8 <hw_endpoint_start_next_buffer>
20000b64:	2500      	movs	r5, #0
20000b66:	e7ef      	b.n	20000b48 <hw_endpoint_xfer_continue+0x14>
20000b68:	7881      	ldrb	r1, [r0, #2]
20000b6a:	4801      	ldr	r0, [pc, #4]	@ (20000b70 <hw_endpoint_xfer_continue+0x3c>)
20000b6c:	f000 f9e8 	bl	20000f40 <__panic_veneer>
20000b70:	100040f8 	.word	0x100040f8

20000b74 <dcd_event_handler>:
20000b74:	b5f0      	push	{r4, r5, r6, r7, lr}
20000b76:	46ce      	mov	lr, r9
20000b78:	4647      	mov	r7, r8
20000b7a:	b580      	push	{r7, lr}
20000b7c:	7843      	ldrb	r3, [r0, #1]
20000b7e:	0005      	movs	r5, r0
20000b80:	000e      	movs	r6, r1
20000b82:	b085      	sub	sp, #20
20000b84:	2b06      	cmp	r3, #6
20000b86:	d808      	bhi.n	20000b9a <dcd_event_handler+0x26>
20000b88:	4a6b      	ldr	r2, [pc, #428]	@ (20000d38 <dcd_event_handler+0x1c4>)
20000b8a:	009b      	lsls	r3, r3, #2
20000b8c:	58d3      	ldr	r3, [r2, r3]
20000b8e:	469f      	mov	pc, r3
20000b90:	4a6a      	ldr	r2, [pc, #424]	@ (20000d3c <dcd_event_handler+0x1c8>)
20000b92:	7813      	ldrb	r3, [r2, #0]
20000b94:	3301      	adds	r3, #1
20000b96:	b2db      	uxtb	r3, r3
20000b98:	7013      	strb	r3, [r2, #0]
20000b9a:	4b69      	ldr	r3, [pc, #420]	@ (20000d40 <dcd_event_handler+0x1cc>)
20000b9c:	681c      	ldr	r4, [r3, #0]
20000b9e:	6962      	ldr	r2, [r4, #20]
20000ba0:	f3ef 8110 	mrs	r1, PRIMASK
20000ba4:	b672      	cpsid	i
20000ba6:	6813      	ldr	r3, [r2, #0]
20000ba8:	2b00      	cmp	r3, #0
20000baa:	d0fc      	beq.n	20000ba6 <dcd_event_handler+0x32>
20000bac:	f3bf 8f5f 	dmb	sy
20000bb0:	61a1      	str	r1, [r4, #24]
20000bb2:	0020      	movs	r0, r4
20000bb4:	0029      	movs	r1, r5
20000bb6:	f000 f9cb 	bl	20000f50 <__tu_fifo_write_veneer>
20000bba:	6962      	ldr	r2, [r4, #20]
20000bbc:	69a3      	ldr	r3, [r4, #24]
20000bbe:	f3bf 8f5f 	dmb	sy
20000bc2:	2100      	movs	r1, #0
20000bc4:	6011      	str	r1, [r2, #0]
20000bc6:	f383 8810 	msr	PRIMASK, r3
20000bca:	2800      	cmp	r0, #0
20000bcc:	d104      	bne.n	20000bd8 <dcd_event_handler+0x64>
20000bce:	b005      	add	sp, #20
20000bd0:	bcc0      	pop	{r6, r7}
20000bd2:	46b9      	mov	r9, r7
20000bd4:	46b0      	mov	r8, r6
20000bd6:	bdf0      	pop	{r4, r5, r6, r7, pc}
20000bd8:	0032      	movs	r2, r6
20000bda:	7869      	ldrb	r1, [r5, #1]
20000bdc:	7828      	ldrb	r0, [r5, #0]
20000bde:	f000 f97f 	bl	20000ee0 <__tud_event_hook_cb_veneer>
20000be2:	e7f4      	b.n	20000bce <dcd_event_handler+0x5a>
20000be4:	2101      	movs	r1, #1
20000be6:	4b57      	ldr	r3, [pc, #348]	@ (20000d44 <dcd_event_handler+0x1d0>)
20000be8:	781a      	ldrb	r2, [r3, #0]
20000bea:	438a      	bics	r2, r1
20000bec:	701a      	strb	r2, [r3, #0]
20000bee:	781a      	ldrb	r2, [r3, #0]
20000bf0:	3101      	adds	r1, #1
20000bf2:	438a      	bics	r2, r1
20000bf4:	701a      	strb	r2, [r3, #0]
20000bf6:	2200      	movs	r2, #0
20000bf8:	705a      	strb	r2, [r3, #1]
20000bfa:	781a      	ldrb	r2, [r3, #0]
20000bfc:	3102      	adds	r1, #2
20000bfe:	438a      	bics	r2, r1
20000c00:	701a      	strb	r2, [r3, #0]
20000c02:	e7ca      	b.n	20000b9a <dcd_event_handler+0x26>
20000c04:	4b50      	ldr	r3, [pc, #320]	@ (20000d48 <dcd_event_handler+0x1d4>)
20000c06:	4f51      	ldr	r7, [pc, #324]	@ (20000d4c <dcd_event_handler+0x1d8>)
20000c08:	4699      	mov	r9, r3
20000c0a:	4b51      	ldr	r3, [pc, #324]	@ (20000d50 <dcd_event_handler+0x1dc>)
20000c0c:	2400      	movs	r4, #0
20000c0e:	4698      	mov	r8, r3
20000c10:	783a      	ldrb	r2, [r7, #0]
20000c12:	e010      	b.n	20000c36 <dcd_event_handler+0xc2>
20000c14:	4643      	mov	r3, r8
20000c16:	681b      	ldr	r3, [r3, #0]
20000c18:	0161      	lsls	r1, r4, #5
20000c1a:	185b      	adds	r3, r3, r1
20000c1c:	2b00      	cmp	r3, #0
20000c1e:	d006      	beq.n	20000c2e <dcd_event_handler+0xba>
20000c20:	69db      	ldr	r3, [r3, #28]
20000c22:	2b00      	cmp	r3, #0
20000c24:	d003      	beq.n	20000c2e <dcd_event_handler+0xba>
20000c26:	6869      	ldr	r1, [r5, #4]
20000c28:	7828      	ldrb	r0, [r5, #0]
20000c2a:	4798      	blx	r3
20000c2c:	783a      	ldrb	r2, [r7, #0]
20000c2e:	3401      	adds	r4, #1
20000c30:	b2e4      	uxtb	r4, r4
20000c32:	4294      	cmp	r4, r2
20000c34:	d817      	bhi.n	20000c66 <dcd_event_handler+0xf2>
20000c36:	42a2      	cmp	r2, r4
20000c38:	d8ec      	bhi.n	20000c14 <dcd_event_handler+0xa0>
20000c3a:	1aa3      	subs	r3, r4, r2
20000c3c:	015b      	lsls	r3, r3, #5
20000c3e:	444b      	add	r3, r9
20000c40:	e7ee      	b.n	20000c20 <dcd_event_handler+0xac>
20000c42:	4b40      	ldr	r3, [pc, #256]	@ (20000d44 <dcd_event_handler+0x1d0>)
20000c44:	781a      	ldrb	r2, [r3, #0]
20000c46:	07d2      	lsls	r2, r2, #31
20000c48:	d5c1      	bpl.n	20000bce <dcd_event_handler+0x5a>
20000c4a:	2104      	movs	r1, #4
20000c4c:	781a      	ldrb	r2, [r3, #0]
20000c4e:	430a      	orrs	r2, r1
20000c50:	701a      	strb	r2, [r3, #0]
20000c52:	e7a2      	b.n	20000b9a <dcd_event_handler+0x26>
20000c54:	4b3b      	ldr	r3, [pc, #236]	@ (20000d44 <dcd_event_handler+0x1d0>)
20000c56:	781a      	ldrb	r2, [r3, #0]
20000c58:	07d2      	lsls	r2, r2, #31
20000c5a:	d5b8      	bpl.n	20000bce <dcd_event_handler+0x5a>
20000c5c:	2104      	movs	r1, #4
20000c5e:	781a      	ldrb	r2, [r3, #0]
20000c60:	438a      	bics	r2, r1
20000c62:	701a      	strb	r2, [r3, #0]
20000c64:	e799      	b.n	20000b9a <dcd_event_handler+0x26>
20000c66:	4f37      	ldr	r7, [pc, #220]	@ (20000d44 <dcd_event_handler+0x1d0>)
20000c68:	783b      	ldrb	r3, [r7, #0]
20000c6a:	075b      	lsls	r3, r3, #29
20000c6c:	d52b      	bpl.n	20000cc6 <dcd_event_handler+0x152>
20000c6e:	2204      	movs	r2, #4
20000c70:	783b      	ldrb	r3, [r7, #0]
20000c72:	2100      	movs	r1, #0
20000c74:	4393      	bics	r3, r2
20000c76:	703b      	strb	r3, [r7, #0]
20000c78:	466b      	mov	r3, sp
20000c7a:	3206      	adds	r2, #6
20000c7c:	1d98      	adds	r0, r3, #6
20000c7e:	f000 f937 	bl	20000ef0 <____wrap_memset_veneer>
20000c82:	782b      	ldrb	r3, [r5, #0]
20000c84:	ac01      	add	r4, sp, #4
20000c86:	7023      	strb	r3, [r4, #0]
20000c88:	2305      	movs	r3, #5
20000c8a:	7063      	strb	r3, [r4, #1]
20000c8c:	4b2c      	ldr	r3, [pc, #176]	@ (20000d40 <dcd_event_handler+0x1cc>)
20000c8e:	681b      	ldr	r3, [r3, #0]
20000c90:	4698      	mov	r8, r3
20000c92:	695a      	ldr	r2, [r3, #20]
20000c94:	f3ef 8110 	mrs	r1, PRIMASK
20000c98:	b672      	cpsid	i
20000c9a:	6813      	ldr	r3, [r2, #0]
20000c9c:	2b00      	cmp	r3, #0
20000c9e:	d0fc      	beq.n	20000c9a <dcd_event_handler+0x126>
20000ca0:	f3bf 8f5f 	dmb	sy
20000ca4:	4643      	mov	r3, r8
20000ca6:	4640      	mov	r0, r8
20000ca8:	6199      	str	r1, [r3, #24]
20000caa:	0021      	movs	r1, r4
20000cac:	f000 f950 	bl	20000f50 <__tu_fifo_write_veneer>
20000cb0:	4643      	mov	r3, r8
20000cb2:	695a      	ldr	r2, [r3, #20]
20000cb4:	699b      	ldr	r3, [r3, #24]
20000cb6:	f3bf 8f5f 	dmb	sy
20000cba:	2100      	movs	r1, #0
20000cbc:	6011      	str	r1, [r2, #0]
20000cbe:	f383 8810 	msr	PRIMASK, r3
20000cc2:	2800      	cmp	r0, #0
20000cc4:	d131      	bne.n	20000d2a <dcd_event_handler+0x1b6>
20000cc6:	78fb      	ldrb	r3, [r7, #3]
20000cc8:	07db      	lsls	r3, r3, #31
20000cca:	d400      	bmi.n	20000cce <dcd_event_handler+0x15a>
20000ccc:	e77f      	b.n	20000bce <dcd_event_handler+0x5a>
20000cce:	466b      	mov	r3, sp
20000cd0:	220a      	movs	r2, #10
20000cd2:	2100      	movs	r1, #0
20000cd4:	1d98      	adds	r0, r3, #6
20000cd6:	f000 f90b 	bl	20000ef0 <____wrap_memset_veneer>
20000cda:	782b      	ldrb	r3, [r5, #0]
20000cdc:	ac01      	add	r4, sp, #4
20000cde:	7023      	strb	r3, [r4, #0]
20000ce0:	2303      	movs	r3, #3
20000ce2:	7063      	strb	r3, [r4, #1]
20000ce4:	686b      	ldr	r3, [r5, #4]
20000ce6:	6063      	str	r3, [r4, #4]
20000ce8:	4b15      	ldr	r3, [pc, #84]	@ (20000d40 <dcd_event_handler+0x1cc>)
20000cea:	681d      	ldr	r5, [r3, #0]
20000cec:	696a      	ldr	r2, [r5, #20]
20000cee:	f3ef 8110 	mrs	r1, PRIMASK
20000cf2:	b672      	cpsid	i
20000cf4:	6813      	ldr	r3, [r2, #0]
20000cf6:	2b00      	cmp	r3, #0
20000cf8:	d0fc      	beq.n	20000cf4 <dcd_event_handler+0x180>
20000cfa:	f3bf 8f5f 	dmb	sy
20000cfe:	61a9      	str	r1, [r5, #24]
20000d00:	0028      	movs	r0, r5
20000d02:	0021      	movs	r1, r4
20000d04:	f000 f924 	bl	20000f50 <__tu_fifo_write_veneer>
20000d08:	696a      	ldr	r2, [r5, #20]
20000d0a:	69ab      	ldr	r3, [r5, #24]
20000d0c:	f3bf 8f5f 	dmb	sy
20000d10:	2100      	movs	r1, #0
20000d12:	6011      	str	r1, [r2, #0]
20000d14:	f383 8810 	msr	PRIMASK, r3
20000d18:	2800      	cmp	r0, #0
20000d1a:	d100      	bne.n	20000d1e <dcd_event_handler+0x1aa>
20000d1c:	e757      	b.n	20000bce <dcd_event_handler+0x5a>
20000d1e:	0032      	movs	r2, r6
20000d20:	7861      	ldrb	r1, [r4, #1]
20000d22:	7820      	ldrb	r0, [r4, #0]
20000d24:	f000 f8dc 	bl	20000ee0 <__tud_event_hook_cb_veneer>
20000d28:	e751      	b.n	20000bce <dcd_event_handler+0x5a>
20000d2a:	0032      	movs	r2, r6
20000d2c:	7861      	ldrb	r1, [r4, #1]
20000d2e:	7820      	ldrb	r0, [r4, #0]
20000d30:	f000 f8d6 	bl	20000ee0 <__tud_event_hook_cb_veneer>
20000d34:	e7c7      	b.n	20000cc6 <dcd_event_handler+0x152>
20000d36:	46c0      	nop			@ (mov r8, r8)
20000d38:	10004280 	.word	0x10004280
20000d3c:	20001df2 	.word	0x20001df2
20000d40:	200017b4 	.word	0x200017b4
20000d44:	2000175c 	.word	0x2000175c
20000d48:	1000429c 	.word	0x1000429c
20000d4c:	20001df0 	.word	0x20001df0
20000d50:	20001568 	.word	0x20001568

20000d54 <flash_init_boot2_copyout>:
20000d54:	b510      	push	{r4, lr}
20000d56:	4c08      	ldr	r4, [pc, #32]	@ (20000d78 <flash_init_boot2_copyout+0x24>)
20000d58:	7823      	ldrb	r3, [r4, #0]
20000d5a:	2b00      	cmp	r3, #0
20000d5c:	d10a      	bne.n	20000d74 <flash_init_boot2_copyout+0x20>
20000d5e:	2380      	movs	r3, #128	@ 0x80
20000d60:	4806      	ldr	r0, [pc, #24]	@ (20000d7c <flash_init_boot2_copyout+0x28>)
20000d62:	4907      	ldr	r1, [pc, #28]	@ (20000d80 <flash_init_boot2_copyout+0x2c>)
20000d64:	055b      	lsls	r3, r3, #21
20000d66:	681a      	ldr	r2, [r3, #0]
20000d68:	50c2      	str	r2, [r0, r3]
20000d6a:	3304      	adds	r3, #4
20000d6c:	428b      	cmp	r3, r1
20000d6e:	d1fa      	bne.n	20000d66 <flash_init_boot2_copyout+0x12>
20000d70:	2301      	movs	r3, #1
20000d72:	7023      	strb	r3, [r4, #0]
20000d74:	bd10      	pop	{r4, pc}
20000d76:	46c0      	nop			@ (mov r8, r8)
20000d78:	20001df3 	.word	0x20001df3
20000d7c:	10001878 	.word	0x10001878
20000d80:	10000100 	.word	0x10000100

20000d84 <flash_enable_xip_via_boot2>:
20000d84:	b510      	push	{r4, lr}
20000d86:	4b01      	ldr	r3, [pc, #4]	@ (20000d8c <flash_enable_xip_via_boot2+0x8>)
20000d88:	4798      	blx	r3
20000d8a:	bd10      	pop	{r4, pc}
20000d8c:	20001879 	.word	0x20001879

20000d90 <flash_save_hardware_state>:
20000d90:	4b06      	ldr	r3, [pc, #24]	@ (20000dac <flash_save_hardware_state+0x1c>)
20000d92:	685a      	ldr	r2, [r3, #4]
20000d94:	6002      	str	r2, [r0, #0]
20000d96:	689a      	ldr	r2, [r3, #8]
20000d98:	6042      	str	r2, [r0, #4]
20000d9a:	68da      	ldr	r2, [r3, #12]
20000d9c:	6082      	str	r2, [r0, #8]
20000d9e:	691a      	ldr	r2, [r3, #16]
20000da0:	60c2      	str	r2, [r0, #12]
20000da2:	695a      	ldr	r2, [r3, #20]
20000da4:	6102      	str	r2, [r0, #16]
20000da6:	699b      	ldr	r3, [r3, #24]
20000da8:	6143      	str	r3, [r0, #20]
20000daa:	4770      	bx	lr
20000dac:	40020000 	.word	0x40020000

20000db0 <flash_restore_hardware_state>:
20000db0:	6802      	ldr	r2, [r0, #0]
20000db2:	4b06      	ldr	r3, [pc, #24]	@ (20000dcc <flash_restore_hardware_state+0x1c>)
20000db4:	605a      	str	r2, [r3, #4]
20000db6:	6842      	ldr	r2, [r0, #4]
20000db8:	609a      	str	r2, [r3, #8]
20000dba:	6882      	ldr	r2, [r0, #8]
20000dbc:	60da      	str	r2, [r3, #12]
20000dbe:	68c2      	ldr	r2, [r0, #12]
20000dc0:	611a      	str	r2, [r3, #16]
20000dc2:	6902      	ldr	r2, [r0, #16]
20000dc4:	615a      	str	r2, [r3, #20]
20000dc6:	6942      	ldr	r2, [r0, #20]
20000dc8:	619a      	str	r2, [r3, #24]
20000dca:	4770      	bx	lr
20000dcc:	40020000 	.word	0x40020000

20000dd0 <flash_cs_force.constprop.0>:
20000dd0:	4b03      	ldr	r3, [pc, #12]	@ (20000de0 <flash_cs_force.constprop.0+0x10>)
20000dd2:	681a      	ldr	r2, [r3, #0]
20000dd4:	23c0      	movs	r3, #192	@ 0xc0
20000dd6:	009b      	lsls	r3, r3, #2
20000dd8:	4393      	bics	r3, r2
20000dda:	4a02      	ldr	r2, [pc, #8]	@ (20000de4 <flash_cs_force.constprop.0+0x14>)
20000ddc:	6013      	str	r3, [r2, #0]
20000dde:	4770      	bx	lr
20000de0:	4001800c 	.word	0x4001800c
20000de4:	4001900c 	.word	0x4001900c

20000de8 <flash_cs_force.constprop.1>:
20000de8:	4b05      	ldr	r3, [pc, #20]	@ (20000e00 <flash_cs_force.constprop.1+0x18>)
20000dea:	681a      	ldr	r2, [r3, #0]
20000dec:	2380      	movs	r3, #128	@ 0x80
20000dee:	009b      	lsls	r3, r3, #2
20000df0:	4053      	eors	r3, r2
20000df2:	22c0      	movs	r2, #192	@ 0xc0
20000df4:	0092      	lsls	r2, r2, #2
20000df6:	4013      	ands	r3, r2
20000df8:	4a02      	ldr	r2, [pc, #8]	@ (20000e04 <flash_cs_force.constprop.1+0x1c>)
20000dfa:	6013      	str	r3, [r2, #0]
20000dfc:	4770      	bx	lr
20000dfe:	46c0      	nop			@ (mov r8, r8)
20000e00:	4001800c 	.word	0x4001800c
20000e04:	4001900c 	.word	0x4001900c

20000e08 <flash_do_cmd>:
20000e08:	2314      	movs	r3, #20
20000e0a:	b5f0      	push	{r4, r5, r6, r7, lr}
20000e0c:	46d6      	mov	lr, sl
20000e0e:	464f      	mov	r7, r9
20000e10:	4646      	mov	r6, r8
20000e12:	469a      	mov	sl, r3
20000e14:	b5c0      	push	{r6, r7, lr}
20000e16:	4681      	mov	r9, r0
20000e18:	8818      	ldrh	r0, [r3, #0]
20000e1a:	3304      	adds	r3, #4
20000e1c:	b086      	sub	sp, #24
20000e1e:	4698      	mov	r8, r3
20000e20:	000e      	movs	r6, r1
20000e22:	881b      	ldrh	r3, [r3, #0]
20000e24:	4929      	ldr	r1, [pc, #164]	@ (20000ecc <flash_do_cmd+0xc4>)
20000e26:	0014      	movs	r4, r2
20000e28:	4798      	blx	r3
20000e2a:	4653      	mov	r3, sl
20000e2c:	0007      	movs	r7, r0
20000e2e:	8818      	ldrh	r0, [r3, #0]
20000e30:	4643      	mov	r3, r8
20000e32:	4927      	ldr	r1, [pc, #156]	@ (20000ed0 <flash_do_cmd+0xc8>)
20000e34:	881b      	ldrh	r3, [r3, #0]
20000e36:	4798      	blx	r3
20000e38:	4653      	mov	r3, sl
20000e3a:	0005      	movs	r5, r0
20000e3c:	8818      	ldrh	r0, [r3, #0]
20000e3e:	4643      	mov	r3, r8
20000e40:	4924      	ldr	r1, [pc, #144]	@ (20000ed4 <flash_do_cmd+0xcc>)
20000e42:	881b      	ldrh	r3, [r3, #0]
20000e44:	4798      	blx	r3
20000e46:	4680      	mov	r8, r0
20000e48:	f7ff ff84 	bl	20000d54 <flash_init_boot2_copyout>
20000e4c:	4668      	mov	r0, sp
20000e4e:	f7ff ff9f 	bl	20000d90 <flash_save_hardware_state>
20000e52:	47b8      	blx	r7
20000e54:	47a8      	blx	r5
20000e56:	f7ff ffc7 	bl	20000de8 <flash_cs_force.constprop.1>
20000e5a:	1e22      	subs	r2, r4, #0
20000e5c:	d020      	beq.n	20000ea0 <flash_do_cmd+0x98>
20000e5e:	21c0      	movs	r1, #192	@ 0xc0
20000e60:	2708      	movs	r7, #8
20000e62:	2002      	movs	r0, #2
20000e64:	0549      	lsls	r1, r1, #21
20000e66:	e011      	b.n	20000e8c <flash_do_cmd+0x84>
20000e68:	2c00      	cmp	r4, #0
20000e6a:	d014      	beq.n	20000e96 <flash_do_cmd+0x8e>
20000e6c:	1b13      	subs	r3, r2, r4
20000e6e:	2b0d      	cmp	r3, #13
20000e70:	d924      	bls.n	20000ebc <flash_do_cmd+0xb4>
20000e72:	2d00      	cmp	r5, #0
20000e74:	d00a      	beq.n	20000e8c <flash_do_cmd+0x84>
20000e76:	0023      	movs	r3, r4
20000e78:	2a00      	cmp	r2, #0
20000e7a:	d005      	beq.n	20000e88 <flash_do_cmd+0x80>
20000e7c:	6e0b      	ldr	r3, [r1, #96]	@ 0x60
20000e7e:	3a01      	subs	r2, #1
20000e80:	7033      	strb	r3, [r6, #0]
20000e82:	0013      	movs	r3, r2
20000e84:	3601      	adds	r6, #1
20000e86:	4323      	orrs	r3, r4
20000e88:	2b00      	cmp	r3, #0
20000e8a:	d009      	beq.n	20000ea0 <flash_do_cmd+0x98>
20000e8c:	003d      	movs	r5, r7
20000e8e:	6a8b      	ldr	r3, [r1, #40]	@ 0x28
20000e90:	401d      	ands	r5, r3
20000e92:	4218      	tst	r0, r3
20000e94:	d1e8      	bne.n	20000e68 <flash_do_cmd+0x60>
20000e96:	2d00      	cmp	r5, #0
20000e98:	d1ed      	bne.n	20000e76 <flash_do_cmd+0x6e>
20000e9a:	0023      	movs	r3, r4
20000e9c:	4313      	orrs	r3, r2
20000e9e:	d1f5      	bne.n	20000e8c <flash_do_cmd+0x84>
20000ea0:	f7ff ff96 	bl	20000dd0 <flash_cs_force.constprop.0>
20000ea4:	47c0      	blx	r8
20000ea6:	f7ff ff6d 	bl	20000d84 <flash_enable_xip_via_boot2>
20000eaa:	4668      	mov	r0, sp
20000eac:	f7ff ff80 	bl	20000db0 <flash_restore_hardware_state>
20000eb0:	b006      	add	sp, #24
20000eb2:	bce0      	pop	{r5, r6, r7}
20000eb4:	46ba      	mov	sl, r7
20000eb6:	46b1      	mov	r9, r6
20000eb8:	46a8      	mov	r8, r5
20000eba:	bdf0      	pop	{r4, r5, r6, r7, pc}
20000ebc:	464b      	mov	r3, r9
20000ebe:	781b      	ldrb	r3, [r3, #0]
20000ec0:	3c01      	subs	r4, #1
20000ec2:	660b      	str	r3, [r1, #96]	@ 0x60
20000ec4:	2301      	movs	r3, #1
20000ec6:	469c      	mov	ip, r3
20000ec8:	44e1      	add	r9, ip
20000eca:	e7e4      	b.n	20000e96 <flash_do_cmd+0x8e>
20000ecc:	00004649 	.word	0x00004649
20000ed0:	00005845 	.word	0x00005845
20000ed4:	00004346 	.word	0x00004346

20000ed8 <__aeabi_idiv0>:
20000ed8:	4770      	bx	lr
20000eda:	46c0      	nop			@ (mov r8, r8)
20000edc:	0000      	movs	r0, r0
	...

20000ee0 <__tud_event_hook_cb_veneer>:
20000ee0:	b401      	push	{r0}
20000ee2:	4802      	ldr	r0, [pc, #8]	@ (20000eec <__tud_event_hook_cb_veneer+0xc>)
20000ee4:	4684      	mov	ip, r0
20000ee6:	bc01      	pop	{r0}
20000ee8:	4760      	bx	ip
20000eea:	bf00      	nop
20000eec:	10002445 	.word	0x10002445

20000ef0 <____wrap_memset_veneer>:
20000ef0:	b401      	push	{r0}
20000ef2:	4802      	ldr	r0, [pc, #8]	@ (20000efc <____wrap_memset_veneer+0xc>)
20000ef4:	4684      	mov	ip, r0
20000ef6:	bc01      	pop	{r0}
20000ef8:	4760      	bx	ip
20000efa:	bf00      	nop
20000efc:	10001c25 	.word	0x10001c25

20000f00 <____wrap___aeabi_lmul_veneer>:
20000f00:	b401      	push	{r0}
20000f02:	4802      	ldr	r0, [pc, #8]	@ (20000f0c <____wrap___aeabi_lmul_veneer+0xc>)
20000f04:	4684      	mov	ip, r0
20000f06:	bc01      	pop	{r0}
20000f08:	4760      	bx	ip
20000f0a:	bf00      	nop
20000f0c:	10001b51 	.word	0x10001b51

20000f10 <__time_us_64_veneer>:
20000f10:	b401      	push	{r0}
20000f12:	4802      	ldr	r0, [pc, #8]	@ (20000f1c <__time_us_64_veneer+0xc>)
20000f14:	4684      	mov	ip, r0
20000f16:	bc01      	pop	{r0}
20000f18:	4760      	bx	ip
20000f1a:	bf00      	nop
20000f1c:	10001319 	.word	0x10001319

20000f20 <__rp2040_chip_version_veneer>:
20000f20:	b401      	push	{r0}
20000f22:	4802      	ldr	r0, [pc, #8]	@ (20000f2c <__rp2040_chip_version_veneer+0xc>)
20000f24:	4684      	mov	ip, r0
20000f26:	bc01      	pop	{r0}
20000f28:	4760      	bx	ip
20000f2a:	bf00      	nop
20000f2c:	100005ad 	.word	0x100005ad

20000f30 <__best_effort_wfe_or_timeout_veneer>:
20000f30:	b401      	push	{r0}
20000f32:	4802      	ldr	r0, [pc, #8]	@ (20000f3c <__best_effort_wfe_or_timeout_veneer+0xc>)
20000f34:	4684      	mov	ip, r0
20000f36:	bc01      	pop	{r0}
20000f38:	4760      	bx	ip
20000f3a:	bf00      	nop
20000f3c:	100011fd 	.word	0x100011fd

20000f40 <__panic_veneer>:
20000f40:	b401      	push	{r0}
20000f42:	4802      	ldr	r0, [pc, #8]	@ (20000f4c <__panic_veneer+0xc>)
20000f44:	4684      	mov	ip, r0
20000f46:	bc01      	pop	{r0}
20000f48:	4760      	bx	ip
20000f4a:	bf00      	nop
20000f4c:	100005b9 	.word	0x100005b9

20000f50 <__tu_fifo_write_veneer>:
20000f50:	b401      	push	{r0}
20000f52:	4802      	ldr	r0, [pc, #8]	@ (20000f5c <__tu_fifo_write_veneer+0xc>)
20000f54:	4684      	mov	ip, r0
20000f56:	bc01      	pop	{r0}
20000f58:	4760      	bx	ip
20000f5a:	bf00      	nop
20000f5c:	10003a55 	.word	0x10003a55

20000f60 <striped_spin_lock_num>:
20000f60:	00000010                                ....

20000f64 <irq_handler_chain_slots>:
20000f64:	00000000 	.word	0x00000000
20000f68:	00010000 	.word	0x00010000
	...
20000f74:	00020000 	.word	0x00020000
	...
20000f80:	00030000 	.word	0x00030000
	...
20000f8c:	00ff0000 	.word	0x00ff0000
20000f90:	00000000 	.word	0x00000000

20000f94 <irq_handler_chain_first_slot>:
20000f94:	b501      	push	{r0, lr}
20000f96:	6848      	ldr	r0, [r1, #4]
20000f98:	3101      	adds	r1, #1
20000f9a:	468e      	mov	lr, r1
20000f9c:	4700      	bx	r0

20000f9e <irq_handler_chain_remove_tail>:
20000f9e:	4670      	mov	r0, lr
20000fa0:	3809      	subs	r0, #9
20000fa2:	4901      	ldr	r1, [pc, #4]	@ (20000fa8 <irq_handler_chain_remove_tail+0xa>)
20000fa4:	4788      	blx	r1
20000fa6:	bd01      	pop	{r0, pc}
20000fa8:	10000b85 	.word	0x10000b85

20000fac <default_alarm_pool>:
	...
20000fc0:	20001038 00000000 00000000 00000000     8.. ............

20000fd0 <aeabi_bits_funcs>:
20000fd0:	00003350 	.word	0x00003350
20000fd4:	0000334c 	.word	0x0000334c
20000fd8:	00003354 	.word	0x00003354
20000fdc:	00003352 	.word	0x00003352

20000fe0 <aeabi_bits_funcs_end>:
20000fe0:	0000534d 	.word	0x0000534d
20000fe4:	0000434d 	.word	0x0000434d
20000fe8:	00003453 	.word	0x00003453
20000fec:	00003443 	.word	0x00003443

20000ff0 <stdio_uart>:
20000ff0:	10001f5d 10002061 10001fa9 10002075     ]...a ......u ..
20001000:	00000000 00000100                       ........

20001008 <_usbd_qdef>:
20001008:	200017b8 000c0010 00000000 00000000     ... ............
	...

20001024 <_usbd_rhport>:
20001024:	000000ff                                ....

20001028 <malloc_mutex>:
	...

20001030 <print_mutex>:
	...
